epoch,loss,val_loss,member,run,stage
1,1.581873893737793,0.9900153875350952,0,Weighted softmax,Strategy
2,1.1699364185333252,0.9663441777229309,0,Weighted softmax,Strategy
3,1.0083675384521484,1.1126255989074707,0,Weighted softmax,Strategy
4,0.9149817228317261,0.9672222137451172,0,Weighted softmax,Strategy
5,0.8124601244926453,0.9341211915016174,0,Weighted softmax,Strategy
6,0.8084033131599426,0.9677804708480835,0,Weighted softmax,Strategy
7,0.8385705947875977,0.9631637334823608,0,Weighted softmax,Strategy
8,0.735141932964325,1.0119881629943848,0,Weighted softmax,Strategy
9,0.7006889581680298,0.9642883539199829,0,Weighted softmax,Strategy
10,0.6517907977104187,1.0591542720794678,0,Weighted softmax,Strategy
11,0.645771861076355,0.9962438941001892,0,Weighted softmax,Strategy
12,0.6179890632629395,0.9306513667106628,0,Weighted softmax,Strategy
13,0.6066139340400696,0.9965397715568542,0,Weighted softmax,Strategy
14,0.6010822653770447,0.9418256282806396,0,Weighted softmax,Strategy
15,0.5690959095954895,1.0220025777816772,0,Weighted softmax,Strategy
16,0.5642369389533997,0.9740215539932251,0,Weighted softmax,Strategy
17,0.5366744995117188,0.9564716219902039,0,Weighted softmax,Strategy
18,0.5483776330947876,0.9467673301696777,0,Weighted softmax,Strategy
19,0.5241298079490662,1.0659440755844116,0,Weighted softmax,Strategy
20,0.4998631775379181,0.9532100558280945,0,Weighted softmax,Strategy
21,0.5021566152572632,1.0619574785232544,0,Weighted softmax,Strategy
22,0.4744877517223358,1.006706714630127,0,Weighted softmax,Strategy
23,0.46835410594940186,0.9925711154937744,0,Weighted softmax,Strategy
24,0.4579192101955414,1.0044695138931274,0,Weighted softmax,Strategy
25,0.4368455111980438,1.0208104848861694,0,Weighted softmax,Strategy
26,0.5720367431640625,1.0157655477523804,0,Weighted softmax,Strategy
27,0.4884515702724457,0.9716354608535767,0,Weighted softmax,Strategy
28,0.4396056830883026,1.012895941734314,0,Weighted softmax,Strategy
29,0.44537079334259033,1.032515048980713,0,Weighted softmax,Strategy
30,0.4247848093509674,1.0642403364181519,0,Weighted softmax,Strategy
31,0.39661508798599243,1.0310003757476807,0,Weighted softmax,Strategy
32,0.38207441568374634,1.0530263185501099,0,Weighted softmax,Strategy
33,0.3754327595233917,1.1254040002822876,0,Weighted softmax,Strategy
34,0.371914267539978,1.0773372650146484,0,Weighted softmax,Strategy
35,0.37187838554382324,1.0481853485107422,0,Weighted softmax,Strategy
36,0.35863035917282104,1.105380892753601,0,Weighted softmax,Strategy
37,0.34786829352378845,1.052988886833191,0,Weighted softmax,Strategy
38,0.35021674633026123,1.1310958862304688,0,Weighted softmax,Strategy
39,0.3456565737724304,1.1989431381225586,0,Weighted softmax,Strategy
40,0.44398969411849976,1.0896022319793701,0,Weighted softmax,Strategy
41,0.4666461944580078,1.1444666385650635,0,Weighted softmax,Strategy
42,0.44967934489250183,1.1489195823669434,0,Weighted softmax,Strategy
43,0.3425252139568329,1.2280632257461548,0,Weighted softmax,Strategy
44,0.32558220624923706,1.1971324682235718,0,Weighted softmax,Strategy
45,0.31627213954925537,1.0976580381393433,0,Weighted softmax,Strategy
46,0.3170650005340576,1.138448715209961,0,Weighted softmax,Strategy
47,0.3096267282962799,1.106540560722351,0,Weighted softmax,Strategy
48,0.29747408628463745,1.1371437311172485,0,Weighted softmax,Strategy
49,0.29545164108276367,1.174455165863037,0,Weighted softmax,Strategy
50,0.2909837067127228,1.1919856071472168,0,Weighted softmax,Strategy
1,0.23208799958229065,0.22483479976654053,0,Single ordinal,Strategy
2,0.21326443552970886,0.2123829573392868,0,Single ordinal,Strategy
3,0.2022058367729187,0.20646721124649048,0,Single ordinal,Strategy
4,0.19200675189495087,0.1994442492723465,0,Single ordinal,Strategy
5,0.18345987796783447,0.19349685311317444,0,Single ordinal,Strategy
6,0.17570622265338898,0.18882934749126434,0,Single ordinal,Strategy
7,0.16905833780765533,0.1862286776304245,0,Single ordinal,Strategy
8,0.16272838413715363,0.18329064548015594,0,Single ordinal,Strategy
9,0.1574590504169464,0.1815422624349594,0,Single ordinal,Strategy
10,0.15305140614509583,0.17957265675067902,0,Single ordinal,Strategy
11,0.1487109512090683,0.18131661415100098,0,Single ordinal,Strategy
12,0.14458321034908295,0.17812694609165192,0,Single ordinal,Strategy
13,0.1408337950706482,0.18397453427314758,0,Single ordinal,Strategy
14,0.1371634155511856,0.17905095219612122,0,Single ordinal,Strategy
15,0.13288432359695435,0.1819233000278473,0,Single ordinal,Strategy
16,0.1300588697195053,0.1824149340391159,0,Single ordinal,Strategy
17,0.12660281360149384,0.1918782889842987,0,Single ordinal,Strategy
18,0.12394513934850693,0.18739502131938934,0,Single ordinal,Strategy
19,0.12083332240581512,0.19085155427455902,0,Single ordinal,Strategy
20,0.11750328540802002,0.1915431171655655,0,Single ordinal,Strategy
21,0.11485578119754791,0.19658097624778748,0,Single ordinal,Strategy
22,0.1119343563914299,0.19648979604244232,0,Single ordinal,Strategy
23,0.10954533517360687,0.20834684371948242,0,Single ordinal,Strategy
24,0.1067294031381607,0.21103952825069427,0,Single ordinal,Strategy
25,0.10525772720575333,0.21002015471458435,0,Single ordinal,Strategy
26,0.10118081420660019,0.21616105735301971,0,Single ordinal,Strategy
27,0.09925582259893417,0.22458212077617645,0,Single ordinal,Strategy
28,0.09782958030700684,0.21797098219394684,0,Single ordinal,Strategy
29,0.09478320926427841,0.22440244257450104,0,Single ordinal,Strategy
30,0.09402473270893097,0.2386920303106308,0,Single ordinal,Strategy
31,0.09023238718509674,0.2358705997467041,0,Single ordinal,Strategy
32,0.08756193518638611,0.2499302327632904,0,Single ordinal,Strategy
33,0.0851585865020752,0.25136688351631165,0,Single ordinal,Strategy
34,0.08323057740926743,0.2535592019557953,0,Single ordinal,Strategy
35,0.08195982128381729,0.2521439492702484,0,Single ordinal,Strategy
36,0.0809612050652504,0.2578152120113373,0,Single ordinal,Strategy
37,0.07814215123653412,0.26299014687538147,0,Single ordinal,Strategy
38,0.07694824039936066,0.2720853090286255,0,Single ordinal,Strategy
39,0.07464134693145752,0.2735802233219147,0,Single ordinal,Strategy
40,0.0735282450914383,0.28242695331573486,0,Single ordinal,Strategy
41,0.07082481682300568,0.28607383370399475,0,Single ordinal,Strategy
42,0.06929323077201843,0.2921909987926483,0,Single ordinal,Strategy
43,0.0680592730641365,0.2938879132270813,0,Single ordinal,Strategy
44,0.06703902035951614,0.2960388660430908,0,Single ordinal,Strategy
45,0.06331948935985565,0.31345394253730774,0,Single ordinal,Strategy
46,0.06325627118349075,0.3088204860687256,0,Single ordinal,Strategy
47,0.061217375099658966,0.3240940272808075,0,Single ordinal,Strategy
48,0.060037657618522644,0.3361397683620453,0,Single ordinal,Strategy
49,0.05875421687960625,0.3336711525917053,0,Single ordinal,Strategy
50,0.05803639441728592,0.3398250341415405,0,Single ordinal,Strategy
1,0.23208799958229065,0.22483479976654053,0,Full ordinal ensemble,Strategy
2,0.21326443552970886,0.2123829573392868,0,Full ordinal ensemble,Strategy
3,0.2022058367729187,0.20646721124649048,0,Full ordinal ensemble,Strategy
4,0.19200675189495087,0.1994442492723465,0,Full ordinal ensemble,Strategy
5,0.18345987796783447,0.19349685311317444,0,Full ordinal ensemble,Strategy
6,0.17570622265338898,0.18882934749126434,0,Full ordinal ensemble,Strategy
7,0.16905833780765533,0.1862286776304245,0,Full ordinal ensemble,Strategy
8,0.16272838413715363,0.18329064548015594,0,Full ordinal ensemble,Strategy
9,0.1574590504169464,0.1815422624349594,0,Full ordinal ensemble,Strategy
10,0.15305140614509583,0.17957265675067902,0,Full ordinal ensemble,Strategy
11,0.1487109512090683,0.18131661415100098,0,Full ordinal ensemble,Strategy
12,0.14458321034908295,0.17812694609165192,0,Full ordinal ensemble,Strategy
13,0.1408337950706482,0.18397453427314758,0,Full ordinal ensemble,Strategy
14,0.1371634155511856,0.17905095219612122,0,Full ordinal ensemble,Strategy
15,0.13288432359695435,0.1819233000278473,0,Full ordinal ensemble,Strategy
16,0.1300588697195053,0.1824149340391159,0,Full ordinal ensemble,Strategy
17,0.12660281360149384,0.1918782889842987,0,Full ordinal ensemble,Strategy
18,0.12394513934850693,0.18739502131938934,0,Full ordinal ensemble,Strategy
19,0.12083332240581512,0.19085155427455902,0,Full ordinal ensemble,Strategy
20,0.11750328540802002,0.1915431171655655,0,Full ordinal ensemble,Strategy
21,0.11485578119754791,0.19658097624778748,0,Full ordinal ensemble,Strategy
22,0.1119343563914299,0.19648979604244232,0,Full ordinal ensemble,Strategy
23,0.10954533517360687,0.20834684371948242,0,Full ordinal ensemble,Strategy
24,0.1067294031381607,0.21103952825069427,0,Full ordinal ensemble,Strategy
25,0.10525772720575333,0.21002015471458435,0,Full ordinal ensemble,Strategy
26,0.10118081420660019,0.21616105735301971,0,Full ordinal ensemble,Strategy
27,0.09925582259893417,0.22458212077617645,0,Full ordinal ensemble,Strategy
28,0.09782958030700684,0.21797098219394684,0,Full ordinal ensemble,Strategy
29,0.09478320926427841,0.22440244257450104,0,Full ordinal ensemble,Strategy
30,0.09402473270893097,0.2386920303106308,0,Full ordinal ensemble,Strategy
31,0.09023238718509674,0.2358705997467041,0,Full ordinal ensemble,Strategy
32,0.08756193518638611,0.2499302327632904,0,Full ordinal ensemble,Strategy
33,0.0851585865020752,0.25136688351631165,0,Full ordinal ensemble,Strategy
34,0.08323057740926743,0.2535592019557953,0,Full ordinal ensemble,Strategy
35,0.08195982128381729,0.2521439492702484,0,Full ordinal ensemble,Strategy
36,0.0809612050652504,0.2578152120113373,0,Full ordinal ensemble,Strategy
37,0.07814215123653412,0.26299014687538147,0,Full ordinal ensemble,Strategy
38,0.07694824039936066,0.2720853090286255,0,Full ordinal ensemble,Strategy
39,0.07464134693145752,0.2735802233219147,0,Full ordinal ensemble,Strategy
40,0.0735282450914383,0.28242695331573486,0,Full ordinal ensemble,Strategy
41,0.07082481682300568,0.28607383370399475,0,Full ordinal ensemble,Strategy
42,0.06929323077201843,0.2921909987926483,0,Full ordinal ensemble,Strategy
43,0.0680592730641365,0.2938879132270813,0,Full ordinal ensemble,Strategy
44,0.06703902035951614,0.2960388660430908,0,Full ordinal ensemble,Strategy
45,0.06331948935985565,0.31345394253730774,0,Full ordinal ensemble,Strategy
46,0.06325627118349075,0.3088204860687256,0,Full ordinal ensemble,Strategy
47,0.061217375099658966,0.3240940272808075,0,Full ordinal ensemble,Strategy
48,0.060037657618522644,0.3361397683620453,0,Full ordinal ensemble,Strategy
49,0.05875421687960625,0.3336711525917053,0,Full ordinal ensemble,Strategy
50,0.05803639441728592,0.3398250341415405,0,Full ordinal ensemble,Strategy
1,0.23431874811649323,0.22244660556316376,1,Full ordinal ensemble,Strategy
2,0.21404552459716797,0.21500928699970245,1,Full ordinal ensemble,Strategy
3,0.20269706845283508,0.2051365077495575,1,Full ordinal ensemble,Strategy
4,0.19225026667118073,0.1998203694820404,1,Full ordinal ensemble,Strategy
5,0.18380524218082428,0.19365191459655762,1,Full ordinal ensemble,Strategy
6,0.17588956654071808,0.1902988702058792,1,Full ordinal ensemble,Strategy
7,0.1689344346523285,0.1866621971130371,1,Full ordinal ensemble,Strategy
8,0.16318310797214508,0.18339085578918457,1,Full ordinal ensemble,Strategy
9,0.15728192031383514,0.18016496300697327,1,Full ordinal ensemble,Strategy
10,0.1520930975675583,0.1803075522184372,1,Full ordinal ensemble,Strategy
11,0.1476198136806488,0.17827382683753967,1,Full ordinal ensemble,Strategy
12,0.14253570139408112,0.17957048118114471,1,Full ordinal ensemble,Strategy
13,0.1392827183008194,0.18053792417049408,1,Full ordinal ensemble,Strategy
14,0.1351015269756317,0.17932717502117157,1,Full ordinal ensemble,Strategy
15,0.1313784271478653,0.1830834448337555,1,Full ordinal ensemble,Strategy
16,0.1272275149822235,0.1853002905845642,1,Full ordinal ensemble,Strategy
17,0.1243433952331543,0.18593092262744904,1,Full ordinal ensemble,Strategy
18,0.12162351608276367,0.18819038569927216,1,Full ordinal ensemble,Strategy
19,0.11821161210536957,0.19252420961856842,1,Full ordinal ensemble,Strategy
20,0.11482015252113342,0.19187498092651367,1,Full ordinal ensemble,Strategy
21,0.11321651935577393,0.19768492877483368,1,Full ordinal ensemble,Strategy
22,0.10927743464708328,0.19479900598526,1,Full ordinal ensemble,Strategy
23,0.10649685561656952,0.2080765962600708,1,Full ordinal ensemble,Strategy
24,0.10438696295022964,0.2092672884464264,1,Full ordinal ensemble,Strategy
25,0.10177242010831833,0.20865602791309357,1,Full ordinal ensemble,Strategy
26,0.09872588515281677,0.2142970860004425,1,Full ordinal ensemble,Strategy
27,0.09735483676195145,0.21585501730442047,1,Full ordinal ensemble,Strategy
28,0.09503860026597977,0.21178309619426727,1,Full ordinal ensemble,Strategy
29,0.09249284118413925,0.22298097610473633,1,Full ordinal ensemble,Strategy
30,0.08979058265686035,0.2291286289691925,1,Full ordinal ensemble,Strategy
31,0.08720047771930695,0.23491433262825012,1,Full ordinal ensemble,Strategy
32,0.08487855643033981,0.23337063193321228,1,Full ordinal ensemble,Strategy
33,0.08415558934211731,0.23884500563144684,1,Full ordinal ensemble,Strategy
34,0.0809473991394043,0.2467595487833023,1,Full ordinal ensemble,Strategy
35,0.07973261177539825,0.24316182732582092,1,Full ordinal ensemble,Strategy
36,0.07670850306749344,0.250942587852478,1,Full ordinal ensemble,Strategy
37,0.0765741616487503,0.2510390281677246,1,Full ordinal ensemble,Strategy
38,0.07369408011436462,0.26417991518974304,1,Full ordinal ensemble,Strategy
39,0.07219605147838593,0.26226118206977844,1,Full ordinal ensemble,Strategy
40,0.0704774409532547,0.27542027831077576,1,Full ordinal ensemble,Strategy
41,0.06963685899972916,0.2753210663795471,1,Full ordinal ensemble,Strategy
42,0.06839123368263245,0.2733598053455353,1,Full ordinal ensemble,Strategy
43,0.06507091969251633,0.27745550870895386,1,Full ordinal ensemble,Strategy
44,0.06412546336650848,0.28048068284988403,1,Full ordinal ensemble,Strategy
45,0.06201072409749031,0.2910041809082031,1,Full ordinal ensemble,Strategy
46,0.06098412722349167,0.29805508255958557,1,Full ordinal ensemble,Strategy
47,0.06030780449509621,0.29823118448257446,1,Full ordinal ensemble,Strategy
48,0.057476624846458435,0.304792195558548,1,Full ordinal ensemble,Strategy
49,0.056578703224658966,0.30365389585494995,1,Full ordinal ensemble,Strategy
50,0.05472816154360771,0.3176198899745941,1,Full ordinal ensemble,Strategy
1,0.23156224191188812,0.22268469631671906,2,Full ordinal ensemble,Strategy
2,0.21316929161548615,0.21389585733413696,2,Full ordinal ensemble,Strategy
3,0.20176978409290314,0.20520614087581635,2,Full ordinal ensemble,Strategy
4,0.19179388880729675,0.20328663289546967,2,Full ordinal ensemble,Strategy
5,0.18340103328227997,0.19602607190608978,2,Full ordinal ensemble,Strategy
6,0.17604410648345947,0.18844400346279144,2,Full ordinal ensemble,Strategy
7,0.1692870855331421,0.18383386731147766,2,Full ordinal ensemble,Strategy
8,0.16299952566623688,0.18206316232681274,2,Full ordinal ensemble,Strategy
9,0.15735280513763428,0.17979450523853302,2,Full ordinal ensemble,Strategy
10,0.15268774330615997,0.1814527064561844,2,Full ordinal ensemble,Strategy
11,0.14814989268779755,0.180734321475029,2,Full ordinal ensemble,Strategy
12,0.143984854221344,0.18069623410701752,2,Full ordinal ensemble,Strategy
13,0.1401709020137787,0.17972813546657562,2,Full ordinal ensemble,Strategy
14,0.13607683777809143,0.18082092702388763,2,Full ordinal ensemble,Strategy
15,0.13219571113586426,0.18719623982906342,2,Full ordinal ensemble,Strategy
16,0.12886229157447815,0.18500885367393494,2,Full ordinal ensemble,Strategy
17,0.12615995109081268,0.18515920639038086,2,Full ordinal ensemble,Strategy
18,0.12220129370689392,0.1892802119255066,2,Full ordinal ensemble,Strategy
19,0.11963236331939697,0.19161759316921234,2,Full ordinal ensemble,Strategy
20,0.1163046583533287,0.19233064353466034,2,Full ordinal ensemble,Strategy
21,0.11369624733924866,0.19772569835186005,2,Full ordinal ensemble,Strategy
22,0.11023355275392532,0.19580020010471344,2,Full ordinal ensemble,Strategy
23,0.10877200961112976,0.1967538297176361,2,Full ordinal ensemble,Strategy
24,0.10512488335371017,0.2085961252450943,2,Full ordinal ensemble,Strategy
25,0.10311891883611679,0.2060548961162567,2,Full ordinal ensemble,Strategy
26,0.1002199575304985,0.21124154329299927,2,Full ordinal ensemble,Strategy
27,0.09882249683141708,0.21839763224124908,2,Full ordinal ensemble,Strategy
28,0.09497430175542831,0.2284710556268692,2,Full ordinal ensemble,Strategy
29,0.09412972629070282,0.22253891825675964,2,Full ordinal ensemble,Strategy
30,0.09111792594194412,0.226492777466774,2,Full ordinal ensemble,Strategy
31,0.08901257067918777,0.23410260677337646,2,Full ordinal ensemble,Strategy
32,0.08718102425336838,0.24581578373908997,2,Full ordinal ensemble,Strategy
33,0.08546092361211777,0.23997776210308075,2,Full ordinal ensemble,Strategy
34,0.08409629762172699,0.25033628940582275,2,Full ordinal ensemble,Strategy
35,0.081416055560112,0.2517809569835663,2,Full ordinal ensemble,Strategy
36,0.07909327745437622,0.2592111825942993,2,Full ordinal ensemble,Strategy
37,0.07728616148233414,0.25839662551879883,2,Full ordinal ensemble,Strategy
38,0.07627849280834198,0.25675350427627563,2,Full ordinal ensemble,Strategy
39,0.0734332799911499,0.27181005477905273,2,Full ordinal ensemble,Strategy
40,0.07249636948108673,0.26742056012153625,2,Full ordinal ensemble,Strategy
41,0.07098642736673355,0.272298663854599,2,Full ordinal ensemble,Strategy
42,0.06823059171438217,0.2835138440132141,2,Full ordinal ensemble,Strategy
43,0.06792236119508743,0.2877154052257538,2,Full ordinal ensemble,Strategy
44,0.0649368166923523,0.29556357860565186,2,Full ordinal ensemble,Strategy
45,0.06456892192363739,0.2993435561656952,2,Full ordinal ensemble,Strategy
46,0.06371362507343292,0.3053334355354309,2,Full ordinal ensemble,Strategy
47,0.061170388013124466,0.3225112855434418,2,Full ordinal ensemble,Strategy
48,0.059819482266902924,0.3066003918647766,2,Full ordinal ensemble,Strategy
49,0.057864926755428314,0.3279455900192261,2,Full ordinal ensemble,Strategy
50,0.05761612206697464,0.33014363050460815,2,Full ordinal ensemble,Strategy
1,0.3297879695892334,0.251496285200119,0,Subset ordinal ensemble,Strategy
2,0.30066394805908203,0.23593474924564362,0,Subset ordinal ensemble,Strategy
3,0.2908197045326233,0.2396448701620102,0,Subset ordinal ensemble,Strategy
4,0.2830834686756134,0.22610200941562653,0,Subset ordinal ensemble,Strategy
5,0.2754312753677368,0.23780661821365356,0,Subset ordinal ensemble,Strategy
6,0.268653005361557,0.22628271579742432,0,Subset ordinal ensemble,Strategy
7,0.26109579205513,0.22274379432201385,0,Subset ordinal ensemble,Strategy
8,0.2541844844818115,0.2281854897737503,0,Subset ordinal ensemble,Strategy
9,0.24775047600269318,0.22295893728733063,0,Subset ordinal ensemble,Strategy
10,0.24171553552150726,0.21912236511707306,0,Subset ordinal ensemble,Strategy
11,0.23493307828903198,0.2170756608247757,0,Subset ordinal ensemble,Strategy
12,0.22889462113380432,0.22059819102287292,0,Subset ordinal ensemble,Strategy
13,0.2229277640581131,0.22671686112880707,0,Subset ordinal ensemble,Strategy
14,0.217447891831398,0.2149369865655899,0,Subset ordinal ensemble,Strategy
15,0.21174484491348267,0.230148583650589,0,Subset ordinal ensemble,Strategy
16,0.20614559948444366,0.21831317245960236,0,Subset ordinal ensemble,Strategy
17,0.20009589195251465,0.2214813530445099,0,Subset ordinal ensemble,Strategy
18,0.19395197927951813,0.22509340941905975,0,Subset ordinal ensemble,Strategy
19,0.18926896154880524,0.22385181486606598,0,Subset ordinal ensemble,Strategy
20,0.1849958747625351,0.21923767030239105,0,Subset ordinal ensemble,Strategy
21,0.17908234894275665,0.22211316227912903,0,Subset ordinal ensemble,Strategy
22,0.17543642222881317,0.22252632677555084,0,Subset ordinal ensemble,Strategy
23,0.17030805349349976,0.23357996344566345,0,Subset ordinal ensemble,Strategy
24,0.1661188006401062,0.22354422509670258,0,Subset ordinal ensemble,Strategy
25,0.16139456629753113,0.25039249658584595,0,Subset ordinal ensemble,Strategy
26,0.15733665227890015,0.2343224585056305,0,Subset ordinal ensemble,Strategy
27,0.15233193337917328,0.23188574612140656,0,Subset ordinal ensemble,Strategy
28,0.14824330806732178,0.2355397790670395,0,Subset ordinal ensemble,Strategy
29,0.14452527463436127,0.2425794154405594,0,Subset ordinal ensemble,Strategy
30,0.13969792425632477,0.24305297434329987,0,Subset ordinal ensemble,Strategy
31,0.1371653974056244,0.24457772076129913,0,Subset ordinal ensemble,Strategy
32,0.13447341322898865,0.2464677393436432,0,Subset ordinal ensemble,Strategy
33,0.1301489770412445,0.2516632378101349,0,Subset ordinal ensemble,Strategy
34,0.1262657195329666,0.2561979293823242,0,Subset ordinal ensemble,Strategy
35,0.12310315668582916,0.25374165177345276,0,Subset ordinal ensemble,Strategy
36,0.12069425731897354,0.2668035924434662,0,Subset ordinal ensemble,Strategy
37,0.11852695047855377,0.26866427063941956,0,Subset ordinal ensemble,Strategy
38,0.1161498948931694,0.27347251772880554,0,Subset ordinal ensemble,Strategy
39,0.11380834132432938,0.26726555824279785,0,Subset ordinal ensemble,Strategy
40,0.11091829091310501,0.26959848403930664,0,Subset ordinal ensemble,Strategy
41,0.10760613530874252,0.2692727744579315,0,Subset ordinal ensemble,Strategy
42,0.10583331435918808,0.27468255162239075,0,Subset ordinal ensemble,Strategy
43,0.10211288183927536,0.2794051170349121,0,Subset ordinal ensemble,Strategy
44,0.09973810613155365,0.2820333242416382,0,Subset ordinal ensemble,Strategy
45,0.0979316234588623,0.2826214134693146,0,Subset ordinal ensemble,Strategy
46,0.09645771235227585,0.2971348464488983,0,Subset ordinal ensemble,Strategy
47,0.0932251363992691,0.29866188764572144,0,Subset ordinal ensemble,Strategy
48,0.09199846535921097,0.30594345927238464,0,Subset ordinal ensemble,Strategy
49,0.09009146690368652,0.30216184258461,0,Subset ordinal ensemble,Strategy
50,0.08801514655351639,0.3029443919658661,0,Subset ordinal ensemble,Strategy
1,0.32396578788757324,0.24249128997325897,1,Subset ordinal ensemble,Strategy
2,0.2980329394340515,0.24148865044116974,1,Subset ordinal ensemble,Strategy
3,0.28856122493743896,0.22822429239749908,1,Subset ordinal ensemble,Strategy
4,0.2794002890586853,0.233773335814476,1,Subset ordinal ensemble,Strategy
5,0.272457093000412,0.23720894753932953,1,Subset ordinal ensemble,Strategy
6,0.26582032442092896,0.23558637499809265,1,Subset ordinal ensemble,Strategy
7,0.25773555040359497,0.22257910668849945,1,Subset ordinal ensemble,Strategy
8,0.251575231552124,0.22486945986747742,1,Subset ordinal ensemble,Strategy
9,0.24496670067310333,0.22551141679286957,1,Subset ordinal ensemble,Strategy
10,0.2375413328409195,0.22250768542289734,1,Subset ordinal ensemble,Strategy
11,0.23185108602046967,0.22008004784584045,1,Subset ordinal ensemble,Strategy
12,0.22486940026283264,0.21783538162708282,1,Subset ordinal ensemble,Strategy
13,0.21951493620872498,0.22047720849514008,1,Subset ordinal ensemble,Strategy
14,0.2135300636291504,0.2145032435655594,1,Subset ordinal ensemble,Strategy
15,0.20781388878822327,0.21889083087444305,1,Subset ordinal ensemble,Strategy
16,0.20168817043304443,0.22031719982624054,1,Subset ordinal ensemble,Strategy
17,0.19542360305786133,0.21911513805389404,1,Subset ordinal ensemble,Strategy
18,0.19010043144226074,0.2287614792585373,1,Subset ordinal ensemble,Strategy
19,0.18438857793807983,0.21768663823604584,1,Subset ordinal ensemble,Strategy
20,0.17976465821266174,0.23084986209869385,1,Subset ordinal ensemble,Strategy
21,0.17456413805484772,0.22289210557937622,1,Subset ordinal ensemble,Strategy
22,0.17068929970264435,0.22258085012435913,1,Subset ordinal ensemble,Strategy
23,0.1650073528289795,0.223081573843956,1,Subset ordinal ensemble,Strategy
24,0.16168755292892456,0.23372367024421692,1,Subset ordinal ensemble,Strategy
25,0.15755069255828857,0.22623369097709656,1,Subset ordinal ensemble,Strategy
26,0.15196581184864044,0.23862503468990326,1,Subset ordinal ensemble,Strategy
27,0.14792871475219727,0.22912465035915375,1,Subset ordinal ensemble,Strategy
28,0.14443081617355347,0.23540103435516357,1,Subset ordinal ensemble,Strategy
29,0.14121435582637787,0.24708987772464752,1,Subset ordinal ensemble,Strategy
30,0.13884413242340088,0.2623800039291382,1,Subset ordinal ensemble,Strategy
31,0.13439111411571503,0.24583134055137634,1,Subset ordinal ensemble,Strategy
32,0.13129326701164246,0.24215225875377655,1,Subset ordinal ensemble,Strategy
33,0.12789882719516754,0.2461654394865036,1,Subset ordinal ensemble,Strategy
34,0.12416967004537582,0.24595995247364044,1,Subset ordinal ensemble,Strategy
35,0.11975013464689255,0.2542905807495117,1,Subset ordinal ensemble,Strategy
36,0.11680950224399567,0.25262874364852905,1,Subset ordinal ensemble,Strategy
37,0.11433660238981247,0.2572368383407593,1,Subset ordinal ensemble,Strategy
38,0.11158034950494766,0.26599764823913574,1,Subset ordinal ensemble,Strategy
39,0.1102173700928688,0.2683500647544861,1,Subset ordinal ensemble,Strategy
40,0.10704441368579865,0.26409435272216797,1,Subset ordinal ensemble,Strategy
41,0.10490768402814865,0.2640698552131653,1,Subset ordinal ensemble,Strategy
42,0.10153228789567947,0.27805519104003906,1,Subset ordinal ensemble,Strategy
43,0.10035248100757599,0.28392401337623596,1,Subset ordinal ensemble,Strategy
44,0.09963185340166092,0.2672983407974243,1,Subset ordinal ensemble,Strategy
45,0.09640545397996902,0.2837925851345062,1,Subset ordinal ensemble,Strategy
46,0.09432564675807953,0.278520792722702,1,Subset ordinal ensemble,Strategy
47,0.09116442501544952,0.2925836145877838,1,Subset ordinal ensemble,Strategy
48,0.08908063918352127,0.2883811295032501,1,Subset ordinal ensemble,Strategy
49,0.08771815150976181,0.2791746258735657,1,Subset ordinal ensemble,Strategy
50,0.08576354384422302,0.2877507507801056,1,Subset ordinal ensemble,Strategy
1,0.3233104944229126,0.24415473639965057,2,Subset ordinal ensemble,Strategy
2,0.2978861927986145,0.2348373681306839,2,Subset ordinal ensemble,Strategy
3,0.2880347967147827,0.2375870943069458,2,Subset ordinal ensemble,Strategy
4,0.27952033281326294,0.2369418889284134,2,Subset ordinal ensemble,Strategy
5,0.27193132042884827,0.23461556434631348,2,Subset ordinal ensemble,Strategy
6,0.2658524215221405,0.22317974269390106,2,Subset ordinal ensemble,Strategy
7,0.25800248980522156,0.2291436493396759,2,Subset ordinal ensemble,Strategy
8,0.25096359848976135,0.22364667057991028,2,Subset ordinal ensemble,Strategy
9,0.24422287940979004,0.2214919924736023,2,Subset ordinal ensemble,Strategy
10,0.23819833993911743,0.22878259420394897,2,Subset ordinal ensemble,Strategy
11,0.23241719603538513,0.22804753482341766,2,Subset ordinal ensemble,Strategy
12,0.22457154095172882,0.21959567070007324,2,Subset ordinal ensemble,Strategy
13,0.21893255412578583,0.2226584106683731,2,Subset ordinal ensemble,Strategy
14,0.21318472921848297,0.22100363671779633,2,Subset ordinal ensemble,Strategy
15,0.20641259849071503,0.22140705585479736,2,Subset ordinal ensemble,Strategy
16,0.20081329345703125,0.23010320961475372,2,Subset ordinal ensemble,Strategy
17,0.19574099779129028,0.21825385093688965,2,Subset ordinal ensemble,Strategy
18,0.19001080095767975,0.21885763108730316,2,Subset ordinal ensemble,Strategy
19,0.18389159440994263,0.23088650405406952,2,Subset ordinal ensemble,Strategy
20,0.17841139435768127,0.23155412077903748,2,Subset ordinal ensemble,Strategy
21,0.1730503886938095,0.23531924188137054,2,Subset ordinal ensemble,Strategy
22,0.1699090600013733,0.24092240631580353,2,Subset ordinal ensemble,Strategy
23,0.16358771920204163,0.23671098053455353,2,Subset ordinal ensemble,Strategy
24,0.15889224410057068,0.22944408655166626,2,Subset ordinal ensemble,Strategy
25,0.15511660277843475,0.24870535731315613,2,Subset ordinal ensemble,Strategy
26,0.15065139532089233,0.23488400876522064,2,Subset ordinal ensemble,Strategy
27,0.14693959057331085,0.23753705620765686,2,Subset ordinal ensemble,Strategy
28,0.1419709026813507,0.2455885261297226,2,Subset ordinal ensemble,Strategy
29,0.1384444534778595,0.2566033601760864,2,Subset ordinal ensemble,Strategy
30,0.13566169142723083,0.2509783208370209,2,Subset ordinal ensemble,Strategy
31,0.13103151321411133,0.24961918592453003,2,Subset ordinal ensemble,Strategy
32,0.12754960358142853,0.25042182207107544,2,Subset ordinal ensemble,Strategy
33,0.12376371771097183,0.25306910276412964,2,Subset ordinal ensemble,Strategy
34,0.11972540616989136,0.26675668358802795,2,Subset ordinal ensemble,Strategy
35,0.11821866035461426,0.2624419331550598,2,Subset ordinal ensemble,Strategy
36,0.11584460735321045,0.2651273310184479,2,Subset ordinal ensemble,Strategy
37,0.11096827685832977,0.27334585785865784,2,Subset ordinal ensemble,Strategy
38,0.1092817634344101,0.27092036604881287,2,Subset ordinal ensemble,Strategy
39,0.10801653563976288,0.2713865339756012,2,Subset ordinal ensemble,Strategy
40,0.10864314436912537,0.2698347568511963,2,Subset ordinal ensemble,Strategy
41,0.10417157411575317,0.2737565040588379,2,Subset ordinal ensemble,Strategy
42,0.10265374928712845,0.2795059382915497,2,Subset ordinal ensemble,Strategy
43,0.09899742156267166,0.2782876193523407,2,Subset ordinal ensemble,Strategy
44,0.09488753229379654,0.2912048101425171,2,Subset ordinal ensemble,Strategy
45,0.09256748855113983,0.29070326685905457,2,Subset ordinal ensemble,Strategy
46,0.09080667793750763,0.29346323013305664,2,Subset ordinal ensemble,Strategy
47,0.08807987719774246,0.2911216616630554,2,Subset ordinal ensemble,Strategy
48,0.08686316758394241,0.29752352833747864,2,Subset ordinal ensemble,Strategy
49,0.08577699959278107,0.31864216923713684,2,Subset ordinal ensemble,Strategy
50,0.08523498475551605,0.3020736575126648,2,Subset ordinal ensemble,Strategy
1,0.3616560101509094,0.25622740387916565,0,Weighted subset ordinal,Strategy
2,0.3174784779548645,0.24216453731060028,0,Weighted subset ordinal,Strategy
3,0.30645763874053955,0.2587670087814331,0,Weighted subset ordinal,Strategy
4,0.3005141019821167,0.23088710010051727,0,Weighted subset ordinal,Strategy
5,0.2906714677810669,0.24889907240867615,0,Weighted subset ordinal,Strategy
6,0.28407880663871765,0.23761902749538422,0,Weighted subset ordinal,Strategy
7,0.2756073772907257,0.23130078613758087,0,Weighted subset ordinal,Strategy
8,0.26831647753715515,0.23250338435173035,0,Weighted subset ordinal,Strategy
9,0.2622278332710266,0.22731298208236694,0,Weighted subset ordinal,Strategy
10,0.25582635402679443,0.22625024616718292,0,Weighted subset ordinal,Strategy
11,0.2489079087972641,0.21874183416366577,0,Weighted subset ordinal,Strategy
12,0.24311070144176483,0.22049835324287415,0,Weighted subset ordinal,Strategy
13,0.23801666498184204,0.22296397387981415,0,Weighted subset ordinal,Strategy
14,0.23245495557785034,0.21825344860553741,0,Weighted subset ordinal,Strategy
15,0.2248791605234146,0.22678890824317932,0,Weighted subset ordinal,Strategy
16,0.2193801999092102,0.2171085774898529,0,Weighted subset ordinal,Strategy
17,0.21466794610023499,0.22780166566371918,0,Weighted subset ordinal,Strategy
18,0.2081841379404068,0.22138632833957672,0,Weighted subset ordinal,Strategy
19,0.20307113230228424,0.22232811152935028,0,Weighted subset ordinal,Strategy
20,0.19756096601486206,0.21509195864200592,0,Weighted subset ordinal,Strategy
21,0.1921565979719162,0.2194710522890091,0,Weighted subset ordinal,Strategy
22,0.18894420564174652,0.22524696588516235,0,Weighted subset ordinal,Strategy
23,0.1819511353969574,0.22485488653182983,0,Weighted subset ordinal,Strategy
24,0.1780199408531189,0.21635326743125916,0,Weighted subset ordinal,Strategy
25,0.17372266948223114,0.2310214787721634,0,Weighted subset ordinal,Strategy
26,0.1704120635986328,0.22579973936080933,0,Weighted subset ordinal,Strategy
27,0.16499461233615875,0.22754809260368347,0,Weighted subset ordinal,Strategy
28,0.1603933870792389,0.22735479474067688,0,Weighted subset ordinal,Strategy
29,0.15699096024036407,0.22709709405899048,0,Weighted subset ordinal,Strategy
30,0.15292973816394806,0.23176558315753937,0,Weighted subset ordinal,Strategy
31,0.14959052205085754,0.23085497319698334,0,Weighted subset ordinal,Strategy
32,0.1466989815235138,0.23237448930740356,0,Weighted subset ordinal,Strategy
33,0.1421836018562317,0.23633582890033722,0,Weighted subset ordinal,Strategy
34,0.1376507431268692,0.24183960258960724,0,Weighted subset ordinal,Strategy
35,0.1381719708442688,0.2423744648694992,0,Weighted subset ordinal,Strategy
36,0.13612577319145203,0.24381794035434723,0,Weighted subset ordinal,Strategy
37,0.13058078289031982,0.24688875675201416,0,Weighted subset ordinal,Strategy
38,0.12558723986148834,0.25195664167404175,0,Weighted subset ordinal,Strategy
39,0.12465004622936249,0.25437071919441223,0,Weighted subset ordinal,Strategy
40,0.12078725546598434,0.2574617862701416,0,Weighted subset ordinal,Strategy
41,0.11875568330287933,0.25581884384155273,0,Weighted subset ordinal,Strategy
42,0.11876215040683746,0.25348615646362305,0,Weighted subset ordinal,Strategy
43,0.11308377981185913,0.2637650966644287,0,Weighted subset ordinal,Strategy
44,0.11061402410268784,0.26359039545059204,0,Weighted subset ordinal,Strategy
45,0.11131248623132706,0.26742300391197205,0,Weighted subset ordinal,Strategy
46,0.10734817385673523,0.2704858183860779,0,Weighted subset ordinal,Strategy
47,0.10467181354761124,0.27647092938423157,0,Weighted subset ordinal,Strategy
48,0.10280227661132812,0.27747854590415955,0,Weighted subset ordinal,Strategy
49,0.09979073703289032,0.272498220205307,0,Weighted subset ordinal,Strategy
50,0.09717895835638046,0.28125613927841187,0,Weighted subset ordinal,Strategy
1,0.35083624720573425,0.25307029485702515,1,Weighted subset ordinal,Strategy
2,0.31472232937812805,0.24934759736061096,1,Weighted subset ordinal,Strategy
3,0.30493175983428955,0.2343042641878128,1,Weighted subset ordinal,Strategy
4,0.2948969602584839,0.2407248169183731,1,Weighted subset ordinal,Strategy
5,0.2880834639072418,0.24842776358127594,1,Weighted subset ordinal,Strategy
6,0.2807983160018921,0.24088424444198608,1,Weighted subset ordinal,Strategy
7,0.2721899747848511,0.2278762310743332,1,Weighted subset ordinal,Strategy
8,0.26541730761528015,0.22854338586330414,1,Weighted subset ordinal,Strategy
9,0.2592006027698517,0.23331446945667267,1,Weighted subset ordinal,Strategy
10,0.2514269948005676,0.2277773767709732,1,Weighted subset ordinal,Strategy
11,0.2443535476922989,0.22828075289726257,1,Weighted subset ordinal,Strategy
12,0.23829708993434906,0.21891899406909943,1,Weighted subset ordinal,Strategy
13,0.23256440460681915,0.22922533750534058,1,Weighted subset ordinal,Strategy
14,0.226419597864151,0.22032147645950317,1,Weighted subset ordinal,Strategy
15,0.2210226207971573,0.22409051656723022,1,Weighted subset ordinal,Strategy
16,0.2145260125398636,0.21988941729068756,1,Weighted subset ordinal,Strategy
17,0.2083347588777542,0.22167685627937317,1,Weighted subset ordinal,Strategy
18,0.20246335864067078,0.23478268086910248,1,Weighted subset ordinal,Strategy
19,0.19742634892463684,0.22604429721832275,1,Weighted subset ordinal,Strategy
20,0.1916975975036621,0.2349894791841507,1,Weighted subset ordinal,Strategy
21,0.18759070336818695,0.21671096980571747,1,Weighted subset ordinal,Strategy
22,0.18386216461658478,0.21844841539859772,1,Weighted subset ordinal,Strategy
23,0.1777033656835556,0.22677209973335266,1,Weighted subset ordinal,Strategy
24,0.17307326197624207,0.2274596244096756,1,Weighted subset ordinal,Strategy
25,0.16902117431163788,0.2319912165403366,1,Weighted subset ordinal,Strategy
26,0.1641569584608078,0.22519338130950928,1,Weighted subset ordinal,Strategy
27,0.15980756282806396,0.23225383460521698,1,Weighted subset ordinal,Strategy
28,0.15570616722106934,0.23362910747528076,1,Weighted subset ordinal,Strategy
29,0.15327711403369904,0.24577642977237701,1,Weighted subset ordinal,Strategy
30,0.14905351400375366,0.24717429280281067,1,Weighted subset ordinal,Strategy
31,0.1443050652742386,0.2420453429222107,1,Weighted subset ordinal,Strategy
32,0.13978993892669678,0.24445740878582,1,Weighted subset ordinal,Strategy
33,0.1373857855796814,0.24613800644874573,1,Weighted subset ordinal,Strategy
34,0.13458523154258728,0.2459200769662857,1,Weighted subset ordinal,Strategy
35,0.1292734295129776,0.24227918684482574,1,Weighted subset ordinal,Strategy
36,0.12619805335998535,0.24754998087882996,1,Weighted subset ordinal,Strategy
37,0.1246562972664833,0.2529289424419403,1,Weighted subset ordinal,Strategy
38,0.1213536486029625,0.25188422203063965,1,Weighted subset ordinal,Strategy
39,0.11921918392181396,0.2588803470134735,1,Weighted subset ordinal,Strategy
40,0.11673545092344284,0.2576047480106354,1,Weighted subset ordinal,Strategy
41,0.11439287662506104,0.25289106369018555,1,Weighted subset ordinal,Strategy
42,0.11040179431438446,0.27674776315689087,1,Weighted subset ordinal,Strategy
43,0.10871613025665283,0.2756878435611725,1,Weighted subset ordinal,Strategy
44,0.10600703954696655,0.26188474893569946,1,Weighted subset ordinal,Strategy
45,0.10312996059656143,0.27680161595344543,1,Weighted subset ordinal,Strategy
46,0.10433502495288849,0.271867960691452,1,Weighted subset ordinal,Strategy
47,0.09961408376693726,0.2813049852848053,1,Weighted subset ordinal,Strategy
48,0.09803474694490433,0.2711092531681061,1,Weighted subset ordinal,Strategy
49,0.09426596760749817,0.26807281374931335,1,Weighted subset ordinal,Strategy
50,0.09215205907821655,0.275679349899292,1,Weighted subset ordinal,Strategy
1,0.3579014539718628,0.2510913014411926,2,Weighted subset ordinal,Strategy
2,0.317638099193573,0.23880194127559662,2,Weighted subset ordinal,Strategy
3,0.30639445781707764,0.24988216161727905,2,Weighted subset ordinal,Strategy
4,0.2973758578300476,0.24690139293670654,2,Weighted subset ordinal,Strategy
5,0.28888341784477234,0.24363990128040314,2,Weighted subset ordinal,Strategy
6,0.28252822160720825,0.22550909221172333,2,Weighted subset ordinal,Strategy
7,0.276422381401062,0.23054343461990356,2,Weighted subset ordinal,Strategy
8,0.266959547996521,0.23189590871334076,2,Weighted subset ordinal,Strategy
9,0.26132988929748535,0.23616307973861694,2,Weighted subset ordinal,Strategy
10,0.25403639674186707,0.2280302494764328,2,Weighted subset ordinal,Strategy
11,0.2473682165145874,0.2374114841222763,2,Weighted subset ordinal,Strategy
12,0.24045702815055847,0.2171735167503357,2,Weighted subset ordinal,Strategy
13,0.2351275086402893,0.2247413545846939,2,Weighted subset ordinal,Strategy
14,0.22931936383247375,0.22423529624938965,2,Weighted subset ordinal,Strategy
15,0.22181357443332672,0.2202218621969223,2,Weighted subset ordinal,Strategy
16,0.2163487821817398,0.22772864997386932,2,Weighted subset ordinal,Strategy
17,0.21130061149597168,0.21478421986103058,2,Weighted subset ordinal,Strategy
18,0.20605748891830444,0.22106683254241943,2,Weighted subset ordinal,Strategy
19,0.19929538667201996,0.22165223956108093,2,Weighted subset ordinal,Strategy
20,0.19493868947029114,0.23222669959068298,2,Weighted subset ordinal,Strategy
21,0.19011233747005463,0.2306654155254364,2,Weighted subset ordinal,Strategy
22,0.18484777212142944,0.23683829605579376,2,Weighted subset ordinal,Strategy
23,0.17867742478847504,0.23333202302455902,2,Weighted subset ordinal,Strategy
24,0.17426778376102448,0.2370217740535736,2,Weighted subset ordinal,Strategy
25,0.17074483633041382,0.24675557017326355,2,Weighted subset ordinal,Strategy
26,0.16581392288208008,0.2356804460287094,2,Weighted subset ordinal,Strategy
27,0.16210424900054932,0.22618468105793,2,Weighted subset ordinal,Strategy
28,0.15792256593704224,0.23992221057415009,2,Weighted subset ordinal,Strategy
29,0.1534600853919983,0.2451564222574234,2,Weighted subset ordinal,Strategy
30,0.14869017899036407,0.2511541545391083,2,Weighted subset ordinal,Strategy
31,0.1449316143989563,0.2407398819923401,2,Weighted subset ordinal,Strategy
32,0.14250077307224274,0.25001564621925354,2,Weighted subset ordinal,Strategy
33,0.13759823143482208,0.25258076190948486,2,Weighted subset ordinal,Strategy
34,0.1338919699192047,0.2662844657897949,2,Weighted subset ordinal,Strategy
35,0.13181523978710175,0.2643865644931793,2,Weighted subset ordinal,Strategy
36,0.12772294878959656,0.2551478147506714,2,Weighted subset ordinal,Strategy
37,0.12673121690750122,0.26393163204193115,2,Weighted subset ordinal,Strategy
38,0.12560154497623444,0.2656139135360718,2,Weighted subset ordinal,Strategy
39,0.12169165909290314,0.2608222961425781,2,Weighted subset ordinal,Strategy
40,0.11721060425043106,0.25917232036590576,2,Weighted subset ordinal,Strategy
41,0.11463247984647751,0.2645342946052551,2,Weighted subset ordinal,Strategy
42,0.11182904243469238,0.2779701352119446,2,Weighted subset ordinal,Strategy
43,0.10876000672578812,0.2756150960922241,2,Weighted subset ordinal,Strategy
44,0.10764779150485992,0.2740176320075989,2,Weighted subset ordinal,Strategy
45,0.1058892011642456,0.2847825884819031,2,Weighted subset ordinal,Strategy
46,0.10209023207426071,0.2820691466331482,2,Weighted subset ordinal,Strategy
47,0.1005217656493187,0.28005826473236084,2,Weighted subset ordinal,Strategy
48,0.09862571954727173,0.28690049052238464,2,Weighted subset ordinal,Strategy
49,0.0966697633266449,0.298738569021225,2,Weighted subset ordinal,Strategy
50,0.09482816606760025,0.28894510865211487,2,Weighted subset ordinal,Strategy
1,0.3474157750606537,0.25785279273986816,0,SGD-1,Modeling
2,0.30262649059295654,0.23922424018383026,0,SGD-1,Modeling
3,0.2857527732849121,0.23610427975654602,0,SGD-1,Modeling
4,0.2723548412322998,0.2254384458065033,0,SGD-1,Modeling
5,0.26110363006591797,0.21648390591144562,0,SGD-1,Modeling
6,0.2515160143375397,0.2087426781654358,0,SGD-1,Modeling
7,0.24339473247528076,0.20611901581287384,0,SGD-1,Modeling
8,0.2361273467540741,0.2094532698392868,0,SGD-1,Modeling
9,0.2300204336643219,0.20601721107959747,0,SGD-1,Modeling
10,0.2244316041469574,0.20233340561389923,0,SGD-1,Modeling
11,0.21979811787605286,0.19731563329696655,0,SGD-1,Modeling
12,0.21565689146518707,0.19732216000556946,0,SGD-1,Modeling
13,0.21186096966266632,0.19520387053489685,0,SGD-1,Modeling
14,0.20895080268383026,0.18945851922035217,0,SGD-1,Modeling
15,0.2059353142976761,0.19206662476062775,0,SGD-1,Modeling
16,0.20344278216362,0.18935492634773254,0,SGD-1,Modeling
17,0.20083169639110565,0.1886548101902008,0,SGD-1,Modeling
18,0.19835850596427917,0.18529172241687775,0,SGD-1,Modeling
19,0.1969676911830902,0.189951553940773,0,SGD-1,Modeling
20,0.19479642808437347,0.18382619321346283,0,SGD-1,Modeling
21,0.19269467890262604,0.18909047544002533,0,SGD-1,Modeling
22,0.1911667287349701,0.19888819754123688,0,SGD-1,Modeling
23,0.1893279105424881,0.18807277083396912,0,SGD-1,Modeling
24,0.18796265125274658,0.18704071640968323,0,SGD-1,Modeling
25,0.18662776052951813,0.19263780117034912,0,SGD-1,Modeling
26,0.18514129519462585,0.1884823888540268,0,SGD-1,Modeling
27,0.18342742323875427,0.19470883905887604,0,SGD-1,Modeling
28,0.18210431933403015,0.18461677432060242,0,SGD-1,Modeling
29,0.18082787096500397,0.19007772207260132,0,SGD-1,Modeling
30,0.17911607027053833,0.19537369906902313,0,SGD-1,Modeling
31,0.1777830719947815,0.19221149384975433,0,SGD-1,Modeling
32,0.17645449936389923,0.1947076916694641,0,SGD-1,Modeling
33,0.17499105632305145,0.19492235779762268,0,SGD-1,Modeling
34,0.17354363203048706,0.20069216191768646,0,SGD-1,Modeling
35,0.17232701182365417,0.19364172220230103,0,SGD-1,Modeling
36,0.17072202265262604,0.18826012313365936,0,SGD-1,Modeling
37,0.1697603464126587,0.19634856283664703,0,SGD-1,Modeling
38,0.16858811676502228,0.21543337404727936,0,SGD-1,Modeling
39,0.16746437549591064,0.20471487939357758,0,SGD-1,Modeling
40,0.16519111394882202,0.19269265234470367,0,SGD-1,Modeling
41,0.16460217535495758,0.19598759710788727,0,SGD-1,Modeling
42,0.16255587339401245,0.19299739599227905,0,SGD-1,Modeling
43,0.16179993748664856,0.2006773054599762,0,SGD-1,Modeling
44,0.16085568070411682,0.19884350895881653,0,SGD-1,Modeling
45,0.15835200250148773,0.1961584985256195,0,SGD-1,Modeling
46,0.15767817199230194,0.20627370476722717,0,SGD-1,Modeling
47,0.15657354891300201,0.2098221778869629,0,SGD-1,Modeling
48,0.15501171350479126,0.2154814898967743,0,SGD-1,Modeling
49,0.15382391214370728,0.19912521541118622,0,SGD-1,Modeling
50,0.1524396687746048,0.21986123919487,0,SGD-1,Modeling
1,0.33908554911613464,0.2525920271873474,1,SGD-1,Modeling
2,0.30032551288604736,0.24233849346637726,1,SGD-1,Modeling
3,0.2842005491256714,0.22462700307369232,1,SGD-1,Modeling
4,0.2709246277809143,0.22198574244976044,1,SGD-1,Modeling
5,0.25971412658691406,0.22097955644130707,1,SGD-1,Modeling
6,0.24988828599452972,0.20960882306098938,1,SGD-1,Modeling
7,0.24149973690509796,0.20749790966510773,1,SGD-1,Modeling
8,0.23427896201610565,0.20083557069301605,1,SGD-1,Modeling
9,0.22778259217739105,0.20106731355190277,1,SGD-1,Modeling
10,0.2222491204738617,0.20022310316562653,1,SGD-1,Modeling
11,0.2176615297794342,0.195617213845253,1,SGD-1,Modeling
12,0.21355977654457092,0.19522297382354736,1,SGD-1,Modeling
13,0.20980946719646454,0.19860994815826416,1,SGD-1,Modeling
14,0.2063531130552292,0.19037477672100067,1,SGD-1,Modeling
15,0.20367377996444702,0.19808413088321686,1,SGD-1,Modeling
16,0.20108646154403687,0.19640867412090302,1,SGD-1,Modeling
17,0.19830626249313354,0.19809170067310333,1,SGD-1,Modeling
18,0.19578881561756134,0.19152410328388214,1,SGD-1,Modeling
19,0.1940985471010208,0.1985006481409073,1,SGD-1,Modeling
20,0.1919405460357666,0.19601599872112274,1,SGD-1,Modeling
21,0.19023959338665009,0.18751287460327148,1,SGD-1,Modeling
22,0.18864738941192627,0.1884748786687851,1,SGD-1,Modeling
23,0.18684223294258118,0.18548287451267242,1,SGD-1,Modeling
24,0.18559253215789795,0.1954726278781891,1,SGD-1,Modeling
25,0.1836753785610199,0.19500412046909332,1,SGD-1,Modeling
26,0.18213103711605072,0.1900632083415985,1,SGD-1,Modeling
27,0.18070630729198456,0.19846265017986298,1,SGD-1,Modeling
28,0.17944060266017914,0.20182840526103973,1,SGD-1,Modeling
29,0.17842602729797363,0.21232998371124268,1,SGD-1,Modeling
30,0.1768655776977539,0.19796046614646912,1,SGD-1,Modeling
31,0.17508730292320251,0.20232316851615906,1,SGD-1,Modeling
32,0.17418409883975983,0.20407895743846893,1,SGD-1,Modeling
33,0.17258556187152863,0.20077288150787354,1,SGD-1,Modeling
34,0.17133019864559174,0.20332001149654388,1,SGD-1,Modeling
35,0.1699010580778122,0.19571024179458618,1,SGD-1,Modeling
36,0.16859576106071472,0.20101222395896912,1,SGD-1,Modeling
37,0.1671113818883896,0.21008607745170593,1,SGD-1,Modeling
38,0.16615520417690277,0.2127392590045929,1,SGD-1,Modeling
39,0.1648980975151062,0.19458740949630737,1,SGD-1,Modeling
40,0.163467139005661,0.21446822583675385,1,SGD-1,Modeling
41,0.16222020983695984,0.20980262756347656,1,SGD-1,Modeling
42,0.16057129204273224,0.21664947271347046,1,SGD-1,Modeling
43,0.1592484563589096,0.2045886069536209,1,SGD-1,Modeling
44,0.15851551294326782,0.20814149081707,1,SGD-1,Modeling
45,0.15722455084323883,0.20612342655658722,1,SGD-1,Modeling
46,0.1553364247083664,0.2162097692489624,1,SGD-1,Modeling
47,0.15537288784980774,0.21324647963047028,1,SGD-1,Modeling
48,0.15331804752349854,0.22228342294692993,1,SGD-1,Modeling
49,0.1517348289489746,0.19876673817634583,1,SGD-1,Modeling
50,0.150520920753479,0.22666509449481964,1,SGD-1,Modeling
1,0.3376740515232086,0.25657781958580017,2,SGD-1,Modeling
2,0.3008688986301422,0.2329491823911667,2,SGD-1,Modeling
3,0.28478920459747314,0.22552473843097687,2,SGD-1,Modeling
4,0.2713219225406647,0.21901965141296387,2,SGD-1,Modeling
5,0.25995391607284546,0.21725645661354065,2,SGD-1,Modeling
6,0.2500852048397064,0.20387780666351318,2,SGD-1,Modeling
7,0.24136339128017426,0.2079252302646637,2,SGD-1,Modeling
8,0.23405686020851135,0.20125608146190643,2,SGD-1,Modeling
9,0.22755585610866547,0.20143868029117584,2,SGD-1,Modeling
10,0.2220609188079834,0.20474112033843994,2,SGD-1,Modeling
11,0.2172355353832245,0.1997416466474533,2,SGD-1,Modeling
12,0.21296189725399017,0.19199150800704956,2,SGD-1,Modeling
13,0.20911960303783417,0.1926352083683014,2,SGD-1,Modeling
14,0.2057361751794815,0.1941940188407898,2,SGD-1,Modeling
15,0.20275118947029114,0.19300170242786407,2,SGD-1,Modeling
16,0.2000388503074646,0.19069333374500275,2,SGD-1,Modeling
17,0.19762590527534485,0.18609166145324707,2,SGD-1,Modeling
18,0.19524885714054108,0.19338297843933105,2,SGD-1,Modeling
19,0.19286736845970154,0.18919864296913147,2,SGD-1,Modeling
20,0.19091811776161194,0.19147802889347076,2,SGD-1,Modeling
21,0.18888746201992035,0.19418561458587646,2,SGD-1,Modeling
22,0.1868480145931244,0.1902628391981125,2,SGD-1,Modeling
23,0.1849081814289093,0.18857775628566742,2,SGD-1,Modeling
24,0.1832178831100464,0.19314825534820557,2,SGD-1,Modeling
25,0.18186698853969574,0.19796210527420044,2,SGD-1,Modeling
26,0.1801796555519104,0.1893133819103241,2,SGD-1,Modeling
27,0.17857885360717773,0.19027455151081085,2,SGD-1,Modeling
28,0.17711812257766724,0.1950395703315735,2,SGD-1,Modeling
29,0.1751829981803894,0.20891398191452026,2,SGD-1,Modeling
30,0.17430953681468964,0.19531215727329254,2,SGD-1,Modeling
31,0.17273388803005219,0.1875801831483841,2,SGD-1,Modeling
32,0.17105241119861603,0.19542661309242249,2,SGD-1,Modeling
33,0.16940712928771973,0.21256285905838013,2,SGD-1,Modeling
34,0.16854213178157806,0.20130731165409088,2,SGD-1,Modeling
35,0.1674778163433075,0.20392481982707977,2,SGD-1,Modeling
36,0.16618412733078003,0.20847469568252563,2,SGD-1,Modeling
37,0.1638600081205368,0.20959196984767914,2,SGD-1,Modeling
38,0.16334190964698792,0.20509538054466248,2,SGD-1,Modeling
39,0.16157174110412598,0.20424477756023407,2,SGD-1,Modeling
40,0.16012471914291382,0.19241560995578766,2,SGD-1,Modeling
41,0.1583310216665268,0.2115398645401001,2,SGD-1,Modeling
42,0.15771484375,0.19982382655143738,2,SGD-1,Modeling
43,0.15577584505081177,0.20175689458847046,2,SGD-1,Modeling
44,0.1540743112564087,0.21114405989646912,2,SGD-1,Modeling
45,0.15337727963924408,0.21275529265403748,2,SGD-1,Modeling
46,0.15195207297801971,0.20603156089782715,2,SGD-1,Modeling
47,0.15025970339775085,0.2028111219406128,2,SGD-1,Modeling
48,0.14845041930675507,0.21950791776180267,2,SGD-1,Modeling
49,0.1485360711812973,0.21566224098205566,2,SGD-1,Modeling
50,0.14551059901714325,0.20486272871494293,2,SGD-1,Modeling
1,0.4018028676509857,0.3099350333213806,0,SGD-2,Modeling
2,0.3743823766708374,0.308634877204895,0,SGD-2,Modeling
3,0.36113816499710083,0.3029628396034241,0,SGD-2,Modeling
4,0.3510954976081848,0.29499298334121704,0,SGD-2,Modeling
5,0.3425743579864502,0.28752392530441284,0,SGD-2,Modeling
6,0.3352782130241394,0.28005239367485046,0,SGD-2,Modeling
7,0.3290158212184906,0.27350670099258423,0,SGD-2,Modeling
8,0.323592871427536,0.26821836829185486,0,SGD-2,Modeling
9,0.318968266248703,0.26270824670791626,0,SGD-2,Modeling
10,0.31500327587127686,0.2582359313964844,0,SGD-2,Modeling
11,0.31161975860595703,0.2543632686138153,0,SGD-2,Modeling
12,0.3086710572242737,0.25156962871551514,0,SGD-2,Modeling
13,0.30605724453926086,0.24916008114814758,0,SGD-2,Modeling
14,0.30370032787323,0.24628384411334991,0,SGD-2,Modeling
15,0.3015412986278534,0.24405911564826965,0,SGD-2,Modeling
16,0.29954031109809875,0.24275125563144684,0,SGD-2,Modeling
17,0.29766228795051575,0.24126474559307098,0,SGD-2,Modeling
18,0.2958652377128601,0.2403395175933838,0,SGD-2,Modeling
19,0.2941755950450897,0.23900072276592255,0,SGD-2,Modeling
20,0.2925208508968353,0.23726032674312592,0,SGD-2,Modeling
21,0.29091063141822815,0.23598599433898926,0,SGD-2,Modeling
22,0.28935858607292175,0.23544517159461975,0,SGD-2,Modeling
23,0.2878187596797943,0.23401902616024017,0,SGD-2,Modeling
24,0.2863292694091797,0.23271925747394562,0,SGD-2,Modeling
25,0.2848763167858124,0.23211537301540375,0,SGD-2,Modeling
26,0.2834469676017761,0.23145437240600586,0,SGD-2,Modeling
27,0.28202682733535767,0.22997140884399414,0,SGD-2,Modeling
28,0.28065207600593567,0.22917337715625763,0,SGD-2,Modeling
29,0.27930623292922974,0.2282228022813797,0,SGD-2,Modeling
30,0.27795088291168213,0.2283158302307129,0,SGD-2,Modeling
31,0.2766427993774414,0.22697967290878296,0,SGD-2,Modeling
32,0.2753674387931824,0.22613906860351562,0,SGD-2,Modeling
33,0.27409055829048157,0.22513426840305328,0,SGD-2,Modeling
34,0.27285242080688477,0.22506973147392273,0,SGD-2,Modeling
35,0.2716006934642792,0.2238960564136505,0,SGD-2,Modeling
36,0.27035605907440186,0.22460171580314636,0,SGD-2,Modeling
37,0.2691977024078369,0.2234298586845398,0,SGD-2,Modeling
38,0.2680456340312958,0.22198760509490967,0,SGD-2,Modeling
39,0.2668708860874176,0.2214040905237198,0,SGD-2,Modeling
40,0.2657057046890259,0.22128747403621674,0,SGD-2,Modeling
41,0.26459193229675293,0.21986016631126404,0,SGD-2,Modeling
42,0.2634899616241455,0.21936385333538055,0,SGD-2,Modeling
43,0.2623922526836395,0.21908745169639587,0,SGD-2,Modeling
44,0.261322557926178,0.21877117455005646,0,SGD-2,Modeling
45,0.2602580487728119,0.21789206564426422,0,SGD-2,Modeling
46,0.25921204686164856,0.21760839223861694,0,SGD-2,Modeling
47,0.2581939995288849,0.2166595757007599,0,SGD-2,Modeling
48,0.25718259811401367,0.21629387140274048,0,SGD-2,Modeling
49,0.25615572929382324,0.21589498221874237,0,SGD-2,Modeling
50,0.255192369222641,0.21566800773143768,0,SGD-2,Modeling
1,0.3891299068927765,0.32250142097473145,1,SGD-2,Modeling
2,0.36702439188957214,0.30535897612571716,1,SGD-2,Modeling
3,0.35251304507255554,0.29431185126304626,1,SGD-2,Modeling
4,0.3415088355541229,0.2858867049217224,1,SGD-2,Modeling
5,0.33297020196914673,0.2775895893573761,1,SGD-2,Modeling
6,0.3262467384338379,0.2705930769443512,1,SGD-2,Modeling
7,0.3209332525730133,0.26546478271484375,1,SGD-2,Modeling
8,0.316675066947937,0.2602538466453552,1,SGD-2,Modeling
9,0.31320276856422424,0.257099449634552,1,SGD-2,Modeling
10,0.3103044331073761,0.2540034353733063,1,SGD-2,Modeling
11,0.3077840805053711,0.25189390778541565,1,SGD-2,Modeling
12,0.3055174946784973,0.24960365891456604,1,SGD-2,Modeling
13,0.3033987879753113,0.24803239107131958,1,SGD-2,Modeling
14,0.30144235491752625,0.24558120965957642,1,SGD-2,Modeling
15,0.2995457947254181,0.24482698738574982,1,SGD-2,Modeling
16,0.2977578639984131,0.2426937222480774,1,SGD-2,Modeling
17,0.2959931790828705,0.24208199977874756,1,SGD-2,Modeling
18,0.2942890226840973,0.23993825912475586,1,SGD-2,Modeling
19,0.2926560640335083,0.23838092386722565,1,SGD-2,Modeling
20,0.2910374104976654,0.2373526692390442,1,SGD-2,Modeling
21,0.2894569933414459,0.23613812029361725,1,SGD-2,Modeling
22,0.28790557384490967,0.23471204936504364,1,SGD-2,Modeling
23,0.28638938069343567,0.23440586030483246,1,SGD-2,Modeling
24,0.2849251329898834,0.23310783505439758,1,SGD-2,Modeling
25,0.2834477722644806,0.23214395344257355,1,SGD-2,Modeling
26,0.28200727701187134,0.2314552217721939,1,SGD-2,Modeling
27,0.2805982232093811,0.23118914663791656,1,SGD-2,Modeling
28,0.2792212963104248,0.23031438887119293,1,SGD-2,Modeling
29,0.2778528034687042,0.22922900319099426,1,SGD-2,Modeling
30,0.2765112817287445,0.22818395495414734,1,SGD-2,Modeling
31,0.2751641571521759,0.22796206176280975,1,SGD-2,Modeling
32,0.27388784289360046,0.22742047905921936,1,SGD-2,Modeling
33,0.27260565757751465,0.22674007713794708,1,SGD-2,Modeling
34,0.27135932445526123,0.2251773178577423,1,SGD-2,Modeling
35,0.2701193690299988,0.2239822894334793,1,SGD-2,Modeling
36,0.2689042091369629,0.2231166660785675,1,SGD-2,Modeling
37,0.2676973342895508,0.22312144935131073,1,SGD-2,Modeling
38,0.2665082514286041,0.22292460501194,1,SGD-2,Modeling
39,0.26534172892570496,0.2211349606513977,1,SGD-2,Modeling
40,0.26419180631637573,0.22167620062828064,1,SGD-2,Modeling
41,0.2630578577518463,0.22111622989177704,1,SGD-2,Modeling
42,0.2619498074054718,0.21962863206863403,1,SGD-2,Modeling
43,0.2608483135700226,0.2194507122039795,1,SGD-2,Modeling
44,0.2597562372684479,0.2183445245027542,1,SGD-2,Modeling
45,0.25867393612861633,0.2171417772769928,1,SGD-2,Modeling
46,0.2576266825199127,0.21719267964363098,1,SGD-2,Modeling
47,0.2565859258174896,0.21639171242713928,1,SGD-2,Modeling
48,0.2555525302886963,0.21560803055763245,1,SGD-2,Modeling
49,0.25454071164131165,0.21547581255435944,1,SGD-2,Modeling
50,0.25353506207466125,0.2156260460615158,1,SGD-2,Modeling
1,0.3789021670818329,0.29455772042274475,2,SGD-2,Modeling
2,0.3623793125152588,0.2918347120285034,2,SGD-2,Modeling
3,0.35096368193626404,0.2866066098213196,2,SGD-2,Modeling
4,0.3413136303424835,0.2795121669769287,2,SGD-2,Modeling
5,0.3332175612449646,0.2736717760562897,2,SGD-2,Modeling
6,0.3266691267490387,0.2673465311527252,2,SGD-2,Modeling
7,0.3213847279548645,0.26288244128227234,2,SGD-2,Modeling
8,0.3171379268169403,0.2579236924648285,2,SGD-2,Modeling
9,0.3137182593345642,0.25512558221817017,2,SGD-2,Modeling
10,0.3108101189136505,0.2525308430194855,2,SGD-2,Modeling
11,0.3082979619503021,0.24986004829406738,2,SGD-2,Modeling
12,0.30603718757629395,0.24737748503684998,2,SGD-2,Modeling
13,0.3039350211620331,0.24493321776390076,2,SGD-2,Modeling
14,0.3019770383834839,0.2434699535369873,2,SGD-2,Modeling
15,0.3000917136669159,0.24243098497390747,2,SGD-2,Modeling
16,0.2982897162437439,0.24074611067771912,2,SGD-2,Modeling
17,0.29655155539512634,0.23947200179100037,2,SGD-2,Modeling
18,0.2948475778102875,0.23870062828063965,2,SGD-2,Modeling
19,0.29317933320999146,0.2372812181711197,2,SGD-2,Modeling
20,0.29157400131225586,0.2360602766275406,2,SGD-2,Modeling
21,0.2899812161922455,0.23517894744873047,2,SGD-2,Modeling
22,0.28843390941619873,0.23360612988471985,2,SGD-2,Modeling
23,0.2869116961956024,0.23252689838409424,2,SGD-2,Modeling
24,0.28542572259902954,0.2323341816663742,2,SGD-2,Modeling
25,0.28394559025764465,0.2310369461774826,2,SGD-2,Modeling
26,0.28251710534095764,0.23031310737133026,2,SGD-2,Modeling
27,0.2810899615287781,0.22937193512916565,2,SGD-2,Modeling
28,0.2796916663646698,0.22839689254760742,2,SGD-2,Modeling
29,0.2783232629299164,0.22835056483745575,2,SGD-2,Modeling
30,0.27697494626045227,0.2271565943956375,2,SGD-2,Modeling
31,0.27563944458961487,0.2267732322216034,2,SGD-2,Modeling
32,0.2743261754512787,0.22584481537342072,2,SGD-2,Modeling
33,0.2730167806148529,0.22550271451473236,2,SGD-2,Modeling
34,0.2717479169368744,0.22416049242019653,2,SGD-2,Modeling
35,0.2704828381538391,0.22346876561641693,2,SGD-2,Modeling
36,0.2692630887031555,0.22280678153038025,2,SGD-2,Modeling
37,0.2680302858352661,0.22157222032546997,2,SGD-2,Modeling
38,0.2668347656726837,0.22112354636192322,2,SGD-2,Modeling
39,0.26562342047691345,0.22008340060710907,2,SGD-2,Modeling
40,0.2644728124141693,0.22028373181819916,2,SGD-2,Modeling
41,0.26332566142082214,0.21895335614681244,2,SGD-2,Modeling
42,0.2621961534023285,0.21822169423103333,2,SGD-2,Modeling
43,0.261062890291214,0.21731826663017273,2,SGD-2,Modeling
44,0.2599496841430664,0.21794727444648743,2,SGD-2,Modeling
45,0.2588842511177063,0.21714556217193604,2,SGD-2,Modeling
46,0.25780192017555237,0.21680514514446259,2,SGD-2,Modeling
47,0.2567550241947174,0.2152882218360901,2,SGD-2,Modeling
48,0.2557237446308136,0.2150685042142868,2,SGD-2,Modeling
49,0.25468698143959045,0.2148311734199524,2,SGD-2,Modeling
50,0.2536718249320984,0.21329374611377716,2,SGD-2,Modeling
1,0.4263923764228821,0.3066597282886505,0,SGD-3,Modeling
2,0.41823458671569824,0.30677956342697144,0,SGD-3,Modeling
3,0.41143468022346497,0.30708983540534973,0,SGD-3,Modeling
4,0.4057147204875946,0.3075038194656372,0,SGD-3,Modeling
5,0.40085506439208984,0.3079732060432434,0,SGD-3,Modeling
6,0.3966667354106903,0.30842161178588867,0,SGD-3,Modeling
7,0.39302965998649597,0.3088514804840088,0,SGD-3,Modeling
8,0.3898198902606964,0.3092281222343445,0,SGD-3,Modeling
9,0.3869628310203552,0.30953648686408997,0,SGD-3,Modeling
10,0.3844102621078491,0.30976834893226624,0,SGD-3,Modeling
11,0.3821050524711609,0.3099280595779419,0,SGD-3,Modeling
12,0.3800034821033478,0.31001558899879456,0,SGD-3,Modeling
13,0.3780650198459625,0.3100188076496124,0,SGD-3,Modeling
14,0.3762665092945099,0.3099532723426819,0,SGD-3,Modeling
15,0.37458115816116333,0.30981355905532837,0,SGD-3,Modeling
16,0.37298673391342163,0.3096269369125366,0,SGD-3,Modeling
17,0.371473491191864,0.3093554675579071,0,SGD-3,Modeling
18,0.37003687024116516,0.3090437650680542,0,SGD-3,Modeling
19,0.36866456270217896,0.30867496132850647,0,SGD-3,Modeling
20,0.367341011762619,0.30825936794281006,0,SGD-3,Modeling
21,0.3660683333873749,0.3078031837940216,0,SGD-3,Modeling
22,0.36483821272850037,0.3073067367076874,0,SGD-3,Modeling
23,0.36364081501960754,0.30678218603134155,0,SGD-3,Modeling
24,0.36247730255126953,0.3062188923358917,0,SGD-3,Modeling
25,0.36134499311447144,0.30564016103744507,0,SGD-3,Modeling
26,0.36023932695388794,0.30503129959106445,0,SGD-3,Modeling
27,0.359160840511322,0.30438217520713806,0,SGD-3,Modeling
28,0.3581068217754364,0.3037199378013611,0,SGD-3,Modeling
29,0.3570712208747864,0.30304327607154846,0,SGD-3,Modeling
30,0.35605987906455994,0.302348792552948,0,SGD-3,Modeling
31,0.35506632924079895,0.30165544152259827,0,SGD-3,Modeling
32,0.3540860712528229,0.30092209577560425,0,SGD-3,Modeling
33,0.35312628746032715,0.3001917600631714,0,SGD-3,Modeling
34,0.35218343138694763,0.2994729280471802,0,SGD-3,Modeling
35,0.3512518107891083,0.2987256944179535,0,SGD-3,Modeling
36,0.35033372044563293,0.29798224568367004,0,SGD-3,Modeling
37,0.34943410754203796,0.29725363850593567,0,SGD-3,Modeling
38,0.34854933619499207,0.29649341106414795,0,SGD-3,Modeling
39,0.347673624753952,0.29573777318000793,0,SGD-3,Modeling
40,0.3468133509159088,0.2949846386909485,0,SGD-3,Modeling
41,0.3459675908088684,0.29422760009765625,0,SGD-3,Modeling
42,0.34513378143310547,0.2934516966342926,0,SGD-3,Modeling
43,0.34431442618370056,0.29270678758621216,0,SGD-3,Modeling
44,0.34350675344467163,0.29194706678390503,0,SGD-3,Modeling
45,0.342709481716156,0.2911829948425293,0,SGD-3,Modeling
46,0.3419249653816223,0.2904343008995056,0,SGD-3,Modeling
47,0.3411545753479004,0.28967759013175964,0,SGD-3,Modeling
48,0.3403919041156769,0.28892576694488525,0,SGD-3,Modeling
49,0.33964329957962036,0.2881911098957062,0,SGD-3,Modeling
50,0.33890578150749207,0.28744810819625854,0,SGD-3,Modeling
1,0.4037153422832489,0.3594609200954437,1,SGD-3,Modeling
2,0.3994635045528412,0.35308822989463806,1,SGD-3,Modeling
3,0.3957090377807617,0.3476535379886627,1,SGD-3,Modeling
4,0.3923407793045044,0.3429076373577118,1,SGD-3,Modeling
5,0.3892703056335449,0.3387392461299896,1,SGD-3,Modeling
6,0.38644376397132874,0.3350241184234619,1,SGD-3,Modeling
7,0.3838276267051697,0.33171308040618896,1,SGD-3,Modeling
8,0.3813791275024414,0.32868704199790955,1,SGD-3,Modeling
9,0.3790740370750427,0.3259862959384918,1,SGD-3,Modeling
10,0.37689730525016785,0.3235117197036743,1,SGD-3,Modeling
11,0.3748302161693573,0.3212544322013855,1,SGD-3,Modeling
12,0.3728625178337097,0.31913235783576965,1,SGD-3,Modeling
13,0.37097713351249695,0.3171704411506653,1,SGD-3,Modeling
14,0.36916622519493103,0.3153257668018341,1,SGD-3,Modeling
15,0.36742058396339417,0.31359606981277466,1,SGD-3,Modeling
16,0.3657335340976715,0.31196457147598267,1,SGD-3,Modeling
17,0.36410754919052124,0.31042128801345825,1,SGD-3,Modeling
18,0.36253905296325684,0.3088928461074829,1,SGD-3,Modeling
19,0.36102622747421265,0.3074522912502289,1,SGD-3,Modeling
20,0.3595571219921112,0.30609098076820374,1,SGD-3,Modeling
21,0.3581358790397644,0.30477309226989746,1,SGD-3,Modeling
22,0.35675516724586487,0.3034957945346832,1,SGD-3,Modeling
23,0.3554109036922455,0.30226412415504456,1,SGD-3,Modeling
24,0.3541020154953003,0.30106398463249207,1,SGD-3,Modeling
25,0.3528265953063965,0.29993104934692383,1,SGD-3,Modeling
26,0.3515892028808594,0.29880470037460327,1,SGD-3,Modeling
27,0.35038450360298157,0.29771852493286133,1,SGD-3,Modeling
28,0.3492101728916168,0.2966568171977997,1,SGD-3,Modeling
29,0.348067969083786,0.29561254382133484,1,SGD-3,Modeling
30,0.3469499349594116,0.2945992946624756,1,SGD-3,Modeling
31,0.34585514664649963,0.2935992181301117,1,SGD-3,Modeling
32,0.3447898030281067,0.2926459312438965,1,SGD-3,Modeling
33,0.34375476837158203,0.2917064130306244,1,SGD-3,Modeling
34,0.34273761510849,0.2907593250274658,1,SGD-3,Modeling
35,0.34174975752830505,0.2898203730583191,1,SGD-3,Modeling
36,0.34078675508499146,0.2889224588871002,1,SGD-3,Modeling
37,0.33984696865081787,0.28801241517066956,1,SGD-3,Modeling
38,0.3389301598072052,0.2871541678905487,1,SGD-3,Modeling
39,0.33803632855415344,0.28627926111221313,1,SGD-3,Modeling
40,0.33716511726379395,0.28544363379478455,1,SGD-3,Modeling
41,0.3363139033317566,0.28460320830345154,1,SGD-3,Modeling
42,0.335483580827713,0.28376784920692444,1,SGD-3,Modeling
43,0.3346759080886841,0.2829551100730896,1,SGD-3,Modeling
44,0.33389046788215637,0.28212323784828186,1,SGD-3,Modeling
45,0.3331226706504822,0.2813114523887634,1,SGD-3,Modeling
46,0.3323712646961212,0.28052717447280884,1,SGD-3,Modeling
47,0.33163779973983765,0.27976205945014954,1,SGD-3,Modeling
48,0.33092162013053894,0.2790071964263916,1,SGD-3,Modeling
49,0.3302234411239624,0.2782812714576721,1,SGD-3,Modeling
50,0.3295379877090454,0.2775624394416809,1,SGD-3,Modeling
1,0.39029306173324585,0.289587140083313,2,SGD-3,Modeling
2,0.3869214355945587,0.2903358042240143,2,SGD-3,Modeling
3,0.3839736580848694,0.29104259610176086,2,SGD-3,Modeling
4,0.381350040435791,0.291681706905365,2,SGD-3,Modeling
5,0.37898358702659607,0.2922379672527313,2,SGD-3,Modeling
6,0.3768434524536133,0.29271596670150757,2,SGD-3,Modeling
7,0.37488073110580444,0.2930854558944702,2,SGD-3,Modeling
8,0.37306126952171326,0.2933769226074219,2,SGD-3,Modeling
9,0.3713620901107788,0.2936050593852997,2,SGD-3,Modeling
10,0.36975225806236267,0.29375678300857544,2,SGD-3,Modeling
11,0.36823058128356934,0.2938096821308136,2,SGD-3,Modeling
12,0.36678120493888855,0.29380568861961365,2,SGD-3,Modeling
13,0.36538514494895935,0.2937357723712921,2,SGD-3,Modeling
14,0.3640311062335968,0.293584406375885,2,SGD-3,Modeling
15,0.36272209882736206,0.29340413212776184,2,SGD-3,Modeling
16,0.361446350812912,0.2931676208972931,2,SGD-3,Modeling
17,0.36020994186401367,0.2928650677204132,2,SGD-3,Modeling
18,0.35899993777275085,0.29252612590789795,2,SGD-3,Modeling
19,0.35782498121261597,0.292147696018219,2,SGD-3,Modeling
20,0.35667455196380615,0.2917279303073883,2,SGD-3,Modeling
21,0.35554787516593933,0.29127025604248047,2,SGD-3,Modeling
22,0.3544430136680603,0.2907864451408386,2,SGD-3,Modeling
23,0.3533499538898468,0.290277361869812,2,SGD-3,Modeling
24,0.35228562355041504,0.2897427976131439,2,SGD-3,Modeling
25,0.35123535990715027,0.28917959332466125,2,SGD-3,Modeling
26,0.3502059876918793,0.2886190712451935,2,SGD-3,Modeling
27,0.3491886854171753,0.28802046179771423,2,SGD-3,Modeling
28,0.3481840193271637,0.287416934967041,2,SGD-3,Modeling
29,0.3471894860267639,0.2867923378944397,2,SGD-3,Modeling
30,0.346210241317749,0.2861681878566742,2,SGD-3,Modeling
31,0.3452436625957489,0.28555166721343994,2,SGD-3,Modeling
32,0.34429025650024414,0.2848980128765106,2,SGD-3,Modeling
33,0.3433527946472168,0.2842465043067932,2,SGD-3,Modeling
34,0.34242701530456543,0.2836083471775055,2,SGD-3,Modeling
35,0.3415159583091736,0.2829494774341583,2,SGD-3,Modeling
36,0.340623676776886,0.28227469325065613,2,SGD-3,Modeling
37,0.3397463858127594,0.28160586953163147,2,SGD-3,Modeling
38,0.3388873040676117,0.28094130754470825,2,SGD-3,Modeling
39,0.3380473256111145,0.28026431798934937,2,SGD-3,Modeling
40,0.33722490072250366,0.279623806476593,2,SGD-3,Modeling
41,0.3364165723323822,0.2789542078971863,2,SGD-3,Modeling
42,0.3356248438358307,0.2782845199108124,2,SGD-3,Modeling
43,0.33485111594200134,0.2776283919811249,2,SGD-3,Modeling
44,0.3340897560119629,0.27698686718940735,2,SGD-3,Modeling
45,0.3333451449871063,0.2763621509075165,2,SGD-3,Modeling
46,0.33261772990226746,0.2757241129875183,2,SGD-3,Modeling
47,0.3319053053855896,0.27509021759033203,2,SGD-3,Modeling
48,0.33120331168174744,0.27446702122688293,2,SGD-3,Modeling
49,0.33051905035972595,0.27385929226875305,2,SGD-3,Modeling
50,0.3298507034778595,0.2732304036617279,2,SGD-3,Modeling
1,0.5039560794830322,0.4023701846599579,0,L2,Modeling
2,0.43134039640426636,0.3491988778114319,0,L2,Modeling
3,0.39092206954956055,0.32316192984580994,0,L2,Modeling
4,0.36198124289512634,0.2933897376060486,0,L2,Modeling
5,0.33990055322647095,0.29061341285705566,0,L2,Modeling
6,0.32348155975341797,0.2725740373134613,0,L2,Modeling
7,0.3094995617866516,0.25763747096061707,0,L2,Modeling
8,0.2981046736240387,0.25366470217704773,0,L2,Modeling
9,0.28884515166282654,0.24835222959518433,0,L2,Modeling
10,0.28188666701316833,0.23681354522705078,0,L2,Modeling
11,0.2740665078163147,0.2312040477991104,0,L2,Modeling
12,0.26782703399658203,0.23309418559074402,0,L2,Modeling
13,0.2631838023662567,0.23663592338562012,0,L2,Modeling
14,0.2585887610912323,0.2218196839094162,0,L2,Modeling
15,0.2526794970035553,0.22381636500358582,0,L2,Modeling
16,0.24885083734989166,0.21828091144561768,0,L2,Modeling
17,0.24492959678173065,0.2287575602531433,0,L2,Modeling
18,0.24291110038757324,0.22578182816505432,0,L2,Modeling
19,0.2384999692440033,0.21536332368850708,0,L2,Modeling
20,0.23482750356197357,0.21475176513195038,0,L2,Modeling
21,0.23257389664649963,0.21766671538352966,0,L2,Modeling
22,0.22981728613376617,0.2286260426044464,0,L2,Modeling
23,0.22628434002399445,0.21675364673137665,0,L2,Modeling
24,0.22614559531211853,0.21915598213672638,0,L2,Modeling
25,0.22223509848117828,0.2113845944404602,0,L2,Modeling
26,0.22073137760162354,0.22056478261947632,0,L2,Modeling
27,0.2189006209373474,0.20275241136550903,0,L2,Modeling
28,0.21662405133247375,0.21310502290725708,0,L2,Modeling
29,0.21506670117378235,0.21278853714466095,0,L2,Modeling
30,0.2124866247177124,0.21231040358543396,0,L2,Modeling
31,0.21100015938282013,0.2109939157962799,0,L2,Modeling
32,0.20914070308208466,0.20367659628391266,0,L2,Modeling
33,0.20617416501045227,0.21082742512226105,0,L2,Modeling
34,0.20629051327705383,0.2132606953382492,0,L2,Modeling
35,0.2048010379076004,0.21493814885616302,0,L2,Modeling
36,0.20349308848381042,0.21345210075378418,0,L2,Modeling
37,0.20212610065937042,0.21081888675689697,0,L2,Modeling
38,0.20043963193893433,0.2157329022884369,0,L2,Modeling
39,0.19967621564865112,0.21507304906845093,0,L2,Modeling
40,0.19823141396045685,0.21734057366847992,0,L2,Modeling
41,0.19733059406280518,0.22317440807819366,0,L2,Modeling
42,0.19672082364559174,0.21843019127845764,0,L2,Modeling
43,0.19368205964565277,0.21168091893196106,0,L2,Modeling
44,0.19345173239707947,0.22026298940181732,0,L2,Modeling
45,0.1941113919019699,0.221640944480896,0,L2,Modeling
46,0.19212163984775543,0.2134293019771576,0,L2,Modeling
47,0.1889769434928894,0.241478830575943,0,L2,Modeling
48,0.1902867704629898,0.22113673388957977,0,L2,Modeling
49,0.18757177889347076,0.216833233833313,0,L2,Modeling
50,0.1885293424129486,0.2240980863571167,0,L2,Modeling
1,0.5013445615768433,0.3970978260040283,1,L2,Modeling
2,0.4341810941696167,0.3563728630542755,1,L2,Modeling
3,0.39456889033317566,0.31906697154045105,1,L2,Modeling
4,0.3644871711730957,0.3082773983478546,1,L2,Modeling
5,0.34255456924438477,0.2942446768283844,1,L2,Modeling
6,0.3260945975780487,0.2797677218914032,1,L2,Modeling
7,0.3108797073364258,0.26185664534568787,1,L2,Modeling
8,0.29978078603744507,0.2565373182296753,1,L2,Modeling
9,0.28967544436454773,0.25035256147384644,1,L2,Modeling
10,0.2807052433490753,0.2413909137248993,1,L2,Modeling
11,0.274749219417572,0.23756742477416992,1,L2,Modeling
12,0.2668302357196808,0.2389167845249176,1,L2,Modeling
13,0.26189035177230835,0.2384672313928604,1,L2,Modeling
14,0.2570948302745819,0.22393669188022614,1,L2,Modeling
15,0.252472460269928,0.23712608218193054,1,L2,Modeling
16,0.2476380318403244,0.2281791716814041,1,L2,Modeling
17,0.24282386898994446,0.23090772330760956,1,L2,Modeling
18,0.23962077498435974,0.21806587278842926,1,L2,Modeling
19,0.23707251250743866,0.21576851606369019,1,L2,Modeling
20,0.23327068984508514,0.22276374697685242,1,L2,Modeling
21,0.2309083193540573,0.2181936502456665,1,L2,Modeling
22,0.22887316346168518,0.21239997446537018,1,L2,Modeling
23,0.22483807802200317,0.21783417463302612,1,L2,Modeling
24,0.22236140072345734,0.21285755932331085,1,L2,Modeling
25,0.220407634973526,0.20988322794437408,1,L2,Modeling
26,0.21729974448680878,0.21894171833992004,1,L2,Modeling
27,0.21622705459594727,0.21950668096542358,1,L2,Modeling
28,0.21450482308864594,0.22239834070205688,1,L2,Modeling
29,0.2114110141992569,0.21485543251037598,1,L2,Modeling
30,0.20973864197731018,0.21284219622612,1,L2,Modeling
31,0.20756521821022034,0.21080902218818665,1,L2,Modeling
32,0.20703405141830444,0.22096498310565948,1,L2,Modeling
33,0.20521335303783417,0.21750366687774658,1,L2,Modeling
34,0.2034764289855957,0.22224143147468567,1,L2,Modeling
35,0.201186865568161,0.2074613720178604,1,L2,Modeling
36,0.19928282499313354,0.20759770274162292,1,L2,Modeling
37,0.19873979687690735,0.21670471131801605,1,L2,Modeling
38,0.1982663869857788,0.20883506536483765,1,L2,Modeling
39,0.19660378992557526,0.2186344563961029,1,L2,Modeling
40,0.1951507329940796,0.2237948626279831,1,L2,Modeling
41,0.19361361861228943,0.216500923037529,1,L2,Modeling
42,0.19601958990097046,0.2304253876209259,1,L2,Modeling
43,0.1944563090801239,0.21396063268184662,1,L2,Modeling
44,0.18968352675437927,0.2212117612361908,1,L2,Modeling
45,0.18819789588451385,0.22952993214130402,1,L2,Modeling
46,0.18949392437934875,0.2192162424325943,1,L2,Modeling
47,0.18665377795696259,0.21590223908424377,1,L2,Modeling
48,0.1868513971567154,0.23625582456588745,1,L2,Modeling
49,0.18419547379016876,0.21782556176185608,1,L2,Modeling
50,0.18516585230827332,0.22204124927520752,1,L2,Modeling
1,0.4986960291862488,0.3954004943370819,2,L2,Modeling
2,0.43137529492378235,0.35009142756462097,2,L2,Modeling
3,0.3916725814342499,0.32562434673309326,2,L2,Modeling
4,0.36267542839050293,0.30855676531791687,2,L2,Modeling
5,0.34069737792015076,0.2905464172363281,2,L2,Modeling
6,0.3249950706958771,0.26528963446617126,2,L2,Modeling
7,0.31058743596076965,0.2612181603908539,2,L2,Modeling
8,0.29834651947021484,0.2560845613479614,2,L2,Modeling
9,0.2891373336315155,0.25136345624923706,2,L2,Modeling
10,0.28098201751708984,0.24261882901191711,2,L2,Modeling
11,0.27395573258399963,0.24793587625026703,2,L2,Modeling
12,0.26680290699005127,0.23735281825065613,2,L2,Modeling
13,0.2608998417854309,0.2289227694272995,2,L2,Modeling
14,0.2573034465312958,0.223866268992424,2,L2,Modeling
15,0.25145605206489563,0.22183112800121307,2,L2,Modeling
16,0.24764935672283173,0.21737706661224365,2,L2,Modeling
17,0.2434222400188446,0.21861539781093597,2,L2,Modeling
18,0.23951798677444458,0.2206411361694336,2,L2,Modeling
19,0.23554909229278564,0.22088797390460968,2,L2,Modeling
20,0.23352108895778656,0.2176411747932434,2,L2,Modeling
21,0.23007892072200775,0.21549971401691437,2,L2,Modeling
22,0.22596579790115356,0.22503799200057983,2,L2,Modeling
23,0.22384047508239746,0.22147724032402039,2,L2,Modeling
24,0.22180777788162231,0.2268528938293457,2,L2,Modeling
25,0.2188563495874405,0.21939115226268768,2,L2,Modeling
26,0.21739383041858673,0.2146853655576706,2,L2,Modeling
27,0.2151046246290207,0.2114788293838501,2,L2,Modeling
28,0.2131558060646057,0.22248291969299316,2,L2,Modeling
29,0.2113284319639206,0.21626561880111694,2,L2,Modeling
30,0.20865018665790558,0.21539855003356934,2,L2,Modeling
31,0.20644402503967285,0.2091444432735443,2,L2,Modeling
32,0.20431935787200928,0.2191915214061737,2,L2,Modeling
33,0.2038721889257431,0.22012580931186676,2,L2,Modeling
34,0.2011028379201889,0.21415038406848907,2,L2,Modeling
35,0.2027672380208969,0.22324468195438385,2,L2,Modeling
36,0.1986401230096817,0.21991968154907227,2,L2,Modeling
37,0.1972595900297165,0.21350893378257751,2,L2,Modeling
38,0.19639921188354492,0.21650491654872894,2,L2,Modeling
39,0.1944018006324768,0.2150179147720337,2,L2,Modeling
40,0.19421778619289398,0.21873757243156433,2,L2,Modeling
41,0.193892240524292,0.24095825850963593,2,L2,Modeling
42,0.19064441323280334,0.22364696860313416,2,L2,Modeling
43,0.18851740658283234,0.21934010088443756,2,L2,Modeling
44,0.18741683661937714,0.2233022153377533,2,L2,Modeling
45,0.18705515563488007,0.23388734459877014,2,L2,Modeling
46,0.18617156147956848,0.2300053983926773,2,L2,Modeling
47,0.18651844561100006,0.22955459356307983,2,L2,Modeling
48,0.1865188181400299,0.231286883354187,2,L2,Modeling
49,0.18318313360214233,0.23044154047966003,2,L2,Modeling
50,0.1827065646648407,0.21554109454154968,2,L2,Modeling
1,0.3418508470058441,0.24986961483955383,0,Dropout-1,Modeling
2,0.3109678030014038,0.2422870695590973,0,Dropout-1,Modeling
3,0.30094486474990845,0.23898401856422424,0,Dropout-1,Modeling
4,0.2928315997123718,0.2305087447166443,0,Dropout-1,Modeling
5,0.2861594557762146,0.23392240703105927,0,Dropout-1,Modeling
6,0.28113746643066406,0.22675937414169312,0,Dropout-1,Modeling
7,0.2746034264564514,0.2233782708644867,0,Dropout-1,Modeling
8,0.2682538330554962,0.22067640721797943,0,Dropout-1,Modeling
9,0.265081524848938,0.21835392713546753,0,Dropout-1,Modeling
10,0.26041755080223083,0.21599850058555603,0,Dropout-1,Modeling
11,0.2546229362487793,0.20854245126247406,0,Dropout-1,Modeling
12,0.2507476210594177,0.20964094996452332,0,Dropout-1,Modeling
13,0.2461698055267334,0.21029743552207947,0,Dropout-1,Modeling
14,0.2430528700351715,0.20495247840881348,0,Dropout-1,Modeling
15,0.23836416006088257,0.20376558601856232,0,Dropout-1,Modeling
16,0.2345125824213028,0.2051926553249359,0,Dropout-1,Modeling
17,0.23050549626350403,0.2045297771692276,0,Dropout-1,Modeling
18,0.22802963852882385,0.20434246957302094,0,Dropout-1,Modeling
19,0.22634707391262054,0.19895492494106293,0,Dropout-1,Modeling
20,0.2215593457221985,0.2012758105993271,0,Dropout-1,Modeling
21,0.21899205446243286,0.19781532883644104,0,Dropout-1,Modeling
22,0.21516813337802887,0.20008118450641632,0,Dropout-1,Modeling
23,0.21399898827075958,0.20124344527721405,0,Dropout-1,Modeling
24,0.21025390923023224,0.19677892327308655,0,Dropout-1,Modeling
25,0.20736300945281982,0.19943508505821228,0,Dropout-1,Modeling
26,0.20657233893871307,0.19849082827568054,0,Dropout-1,Modeling
27,0.20184431970119476,0.19119086861610413,0,Dropout-1,Modeling
28,0.2017470747232437,0.19476664066314697,0,Dropout-1,Modeling
29,0.1992577165365219,0.19270171225070953,0,Dropout-1,Modeling
30,0.19534556567668915,0.1946093589067459,0,Dropout-1,Modeling
31,0.19531148672103882,0.19609864056110382,0,Dropout-1,Modeling
32,0.1914585381746292,0.19368018209934235,0,Dropout-1,Modeling
33,0.19109444320201874,0.1913757175207138,0,Dropout-1,Modeling
34,0.18765778839588165,0.19968163967132568,0,Dropout-1,Modeling
35,0.18699753284454346,0.19705675542354584,0,Dropout-1,Modeling
36,0.18437956273555756,0.20715157687664032,0,Dropout-1,Modeling
37,0.18409806489944458,0.2043476104736328,0,Dropout-1,Modeling
38,0.17933708429336548,0.19612205028533936,0,Dropout-1,Modeling
39,0.18070919811725616,0.19264961779117584,0,Dropout-1,Modeling
40,0.18062859773635864,0.20074699819087982,0,Dropout-1,Modeling
41,0.17734071612358093,0.195455864071846,0,Dropout-1,Modeling
42,0.17605271935462952,0.19545167684555054,0,Dropout-1,Modeling
43,0.17410309612751007,0.195323184132576,0,Dropout-1,Modeling
44,0.17458947002887726,0.20056140422821045,0,Dropout-1,Modeling
45,0.17444893717765808,0.20403602719306946,0,Dropout-1,Modeling
46,0.1696143001317978,0.2006346583366394,0,Dropout-1,Modeling
47,0.16926638782024384,0.2051353007555008,0,Dropout-1,Modeling
48,0.16814696788787842,0.2056560218334198,0,Dropout-1,Modeling
49,0.16668125987052917,0.2012261152267456,0,Dropout-1,Modeling
50,0.16587737202644348,0.2086867392063141,0,Dropout-1,Modeling
1,0.33623915910720825,0.24850104749202728,1,Dropout-1,Modeling
2,0.3093325197696686,0.23999594151973724,1,Dropout-1,Modeling
3,0.30013155937194824,0.23359905183315277,1,Dropout-1,Modeling
4,0.2911294102668762,0.24181172251701355,1,Dropout-1,Modeling
5,0.28500813245773315,0.23408155143260956,1,Dropout-1,Modeling
6,0.2778569459915161,0.22524721920490265,1,Dropout-1,Modeling
7,0.27423521876335144,0.22510506212711334,1,Dropout-1,Modeling
8,0.2677103877067566,0.22012200951576233,1,Dropout-1,Modeling
9,0.2627248167991638,0.21613864600658417,1,Dropout-1,Modeling
10,0.25800299644470215,0.21627821028232574,1,Dropout-1,Modeling
11,0.2532573342323303,0.21295514702796936,1,Dropout-1,Modeling
12,0.2481977641582489,0.21389736235141754,1,Dropout-1,Modeling
13,0.24440725147724152,0.21145810186862946,1,Dropout-1,Modeling
14,0.24077115952968597,0.20473963022232056,1,Dropout-1,Modeling
15,0.23608706891536713,0.20754650235176086,1,Dropout-1,Modeling
16,0.2331862449645996,0.21025700867176056,1,Dropout-1,Modeling
17,0.2292628139257431,0.20597036182880402,1,Dropout-1,Modeling
18,0.22646471858024597,0.20677292346954346,1,Dropout-1,Modeling
19,0.22340290248394012,0.20047132670879364,1,Dropout-1,Modeling
20,0.21968360245227814,0.19479268789291382,1,Dropout-1,Modeling
21,0.21545252203941345,0.2005036175251007,1,Dropout-1,Modeling
22,0.21453945338726044,0.19439534842967987,1,Dropout-1,Modeling
23,0.2107977420091629,0.19632026553153992,1,Dropout-1,Modeling
24,0.20929880440235138,0.19612757861614227,1,Dropout-1,Modeling
25,0.20674775540828705,0.1954285055398941,1,Dropout-1,Modeling
26,0.20326201617717743,0.1956288367509842,1,Dropout-1,Modeling
27,0.20204931497573853,0.1937432587146759,1,Dropout-1,Modeling
28,0.19772782921791077,0.1944284588098526,1,Dropout-1,Modeling
29,0.19617977738380432,0.19725188612937927,1,Dropout-1,Modeling
30,0.19484755396842957,0.19753460586071014,1,Dropout-1,Modeling
31,0.1891716867685318,0.1904812455177307,1,Dropout-1,Modeling
32,0.19150714576244354,0.192343071103096,1,Dropout-1,Modeling
33,0.18875731527805328,0.19191265106201172,1,Dropout-1,Modeling
34,0.185969278216362,0.19499479234218597,1,Dropout-1,Modeling
35,0.1854104846715927,0.1929677426815033,1,Dropout-1,Modeling
36,0.18260900676250458,0.19600722193717957,1,Dropout-1,Modeling
37,0.18176789581775665,0.193009153008461,1,Dropout-1,Modeling
38,0.18005777895450592,0.19654181599617004,1,Dropout-1,Modeling
39,0.1772531419992447,0.19193746149539948,1,Dropout-1,Modeling
40,0.17668378353118896,0.1995590776205063,1,Dropout-1,Modeling
41,0.1746537834405899,0.19872519373893738,1,Dropout-1,Modeling
42,0.17339055240154266,0.19843922555446625,1,Dropout-1,Modeling
43,0.1752113699913025,0.19312576949596405,1,Dropout-1,Modeling
44,0.17021770775318146,0.19550983607769012,1,Dropout-1,Modeling
45,0.16978293657302856,0.19164887070655823,1,Dropout-1,Modeling
46,0.16967232525348663,0.1961735188961029,1,Dropout-1,Modeling
47,0.16858302056789398,0.19949789345264435,1,Dropout-1,Modeling
48,0.16599293053150177,0.19370102882385254,1,Dropout-1,Modeling
49,0.1662822663784027,0.20113401114940643,1,Dropout-1,Modeling
50,0.1643553376197815,0.19895388185977936,1,Dropout-1,Modeling
1,0.3352477550506592,0.24756817519664764,2,Dropout-1,Modeling
2,0.30724626779556274,0.2394498735666275,2,Dropout-1,Modeling
3,0.29792556166648865,0.23575641214847565,2,Dropout-1,Modeling
4,0.29033100605010986,0.2340507209300995,2,Dropout-1,Modeling
5,0.28227517008781433,0.23348405957221985,2,Dropout-1,Modeling
6,0.2766122817993164,0.22087712585926056,2,Dropout-1,Modeling
7,0.27211689949035645,0.2243802547454834,2,Dropout-1,Modeling
8,0.26568594574928284,0.21710418164730072,2,Dropout-1,Modeling
9,0.2626781463623047,0.22331500053405762,2,Dropout-1,Modeling
10,0.2556968331336975,0.21404233574867249,2,Dropout-1,Modeling
11,0.2511458992958069,0.21612820029258728,2,Dropout-1,Modeling
12,0.2468796670436859,0.21521075069904327,2,Dropout-1,Modeling
13,0.24262692034244537,0.2067464292049408,2,Dropout-1,Modeling
14,0.23947221040725708,0.2066536396741867,2,Dropout-1,Modeling
15,0.2339102178812027,0.2056436687707901,2,Dropout-1,Modeling
16,0.2314041703939438,0.2042578011751175,2,Dropout-1,Modeling
17,0.22853270173072815,0.20265743136405945,2,Dropout-1,Modeling
18,0.2253902703523636,0.20812076330184937,2,Dropout-1,Modeling
19,0.2205451875925064,0.2020137906074524,2,Dropout-1,Modeling
20,0.21789859235286713,0.2011697143316269,2,Dropout-1,Modeling
21,0.21436265110969543,0.19838789105415344,2,Dropout-1,Modeling
22,0.21131959557533264,0.19804665446281433,2,Dropout-1,Modeling
23,0.20913763344287872,0.1959095448255539,2,Dropout-1,Modeling
24,0.20597077906131744,0.20538821816444397,2,Dropout-1,Modeling
25,0.20342449843883514,0.1954900175333023,2,Dropout-1,Modeling
26,0.20188342034816742,0.19815243780612946,2,Dropout-1,Modeling
27,0.20000140368938446,0.19448883831501007,2,Dropout-1,Modeling
28,0.1966184675693512,0.19538553059101105,2,Dropout-1,Modeling
29,0.1940327286720276,0.1975172460079193,2,Dropout-1,Modeling
30,0.19310781359672546,0.19688580930233002,2,Dropout-1,Modeling
31,0.19036266207695007,0.19881246984004974,2,Dropout-1,Modeling
32,0.18784195184707642,0.19747881591320038,2,Dropout-1,Modeling
33,0.1864868551492691,0.20302465558052063,2,Dropout-1,Modeling
34,0.18547676503658295,0.19813650846481323,2,Dropout-1,Modeling
35,0.18220831453800201,0.20214609801769257,2,Dropout-1,Modeling
36,0.1820482760667801,0.20453974604606628,2,Dropout-1,Modeling
37,0.1815708577632904,0.19591520726680756,2,Dropout-1,Modeling
38,0.1798572987318039,0.19915233552455902,2,Dropout-1,Modeling
39,0.17574664950370789,0.19943006336688995,2,Dropout-1,Modeling
40,0.1751410812139511,0.19730867445468903,2,Dropout-1,Modeling
41,0.17282061278820038,0.20247012376785278,2,Dropout-1,Modeling
42,0.1705956906080246,0.19801202416419983,2,Dropout-1,Modeling
43,0.16828653216362,0.20459365844726562,2,Dropout-1,Modeling
44,0.16920343041419983,0.2064487338066101,2,Dropout-1,Modeling
45,0.165745347738266,0.20296849310398102,2,Dropout-1,Modeling
46,0.16532960534095764,0.2040005922317505,2,Dropout-1,Modeling
47,0.16441141068935394,0.2015542834997177,2,Dropout-1,Modeling
48,0.161638543009758,0.20742279291152954,2,Dropout-1,Modeling
49,0.16168861091136932,0.20759528875350952,2,Dropout-1,Modeling
50,0.16155561804771423,0.20226480066776276,2,Dropout-1,Modeling
1,0.3744765520095825,0.28066638112068176,0,Dropout-2,Modeling
2,0.3327963352203369,0.25724706053733826,0,Dropout-2,Modeling
3,0.3169952630996704,0.24611778557300568,0,Dropout-2,Modeling
4,0.30732521414756775,0.23667262494564056,0,Dropout-2,Modeling
5,0.2996467351913452,0.2343575358390808,0,Dropout-2,Modeling
6,0.2944856584072113,0.2314251810312271,0,Dropout-2,Modeling
7,0.2874484062194824,0.227699413895607,0,Dropout-2,Modeling
8,0.2815161645412445,0.22191493213176727,0,Dropout-2,Modeling
9,0.27630192041397095,0.2180785834789276,0,Dropout-2,Modeling
10,0.2729952335357666,0.22034768760204315,0,Dropout-2,Modeling
11,0.26594436168670654,0.21161521971225739,0,Dropout-2,Modeling
12,0.2625138759613037,0.21114765107631683,0,Dropout-2,Modeling
13,0.258584588766098,0.2080463021993637,0,Dropout-2,Modeling
14,0.25483742356300354,0.20542606711387634,0,Dropout-2,Modeling
15,0.2523476481437683,0.20428691804409027,0,Dropout-2,Modeling
16,0.2497462034225464,0.20201152563095093,0,Dropout-2,Modeling
17,0.24517667293548584,0.20177669823169708,0,Dropout-2,Modeling
18,0.24168901145458221,0.20321062207221985,0,Dropout-2,Modeling
19,0.2399323433637619,0.19850505888462067,0,Dropout-2,Modeling
20,0.23758654296398163,0.19664549827575684,0,Dropout-2,Modeling
21,0.23416325449943542,0.19369620084762573,0,Dropout-2,Modeling
22,0.2325746864080429,0.19328781962394714,0,Dropout-2,Modeling
23,0.2302086353302002,0.19331365823745728,0,Dropout-2,Modeling
24,0.22629864513874054,0.1926475167274475,0,Dropout-2,Modeling
25,0.22517485916614532,0.19198113679885864,0,Dropout-2,Modeling
26,0.2242799550294876,0.1904306411743164,0,Dropout-2,Modeling
27,0.22220802307128906,0.18916775286197662,0,Dropout-2,Modeling
28,0.22015610337257385,0.18916481733322144,0,Dropout-2,Modeling
29,0.21932092308998108,0.18881340324878693,0,Dropout-2,Modeling
30,0.21884885430335999,0.18847553431987762,0,Dropout-2,Modeling
31,0.2146487832069397,0.19287419319152832,0,Dropout-2,Modeling
32,0.2144159972667694,0.1863313615322113,0,Dropout-2,Modeling
33,0.21346448361873627,0.18728624284267426,0,Dropout-2,Modeling
34,0.21205772459506989,0.18945887684822083,0,Dropout-2,Modeling
35,0.210914745926857,0.18656082451343536,0,Dropout-2,Modeling
36,0.2099473476409912,0.1893765926361084,0,Dropout-2,Modeling
37,0.20925389230251312,0.18811337649822235,0,Dropout-2,Modeling
38,0.2054000198841095,0.18395261466503143,0,Dropout-2,Modeling
39,0.2072470486164093,0.18413682281970978,0,Dropout-2,Modeling
40,0.2057826668024063,0.1870419979095459,0,Dropout-2,Modeling
41,0.2048017978668213,0.18445782363414764,0,Dropout-2,Modeling
42,0.2054954320192337,0.1850864589214325,0,Dropout-2,Modeling
43,0.20276473462581635,0.18505780398845673,0,Dropout-2,Modeling
44,0.2025117725133896,0.18644091486930847,0,Dropout-2,Modeling
45,0.2014816254377365,0.1878543496131897,0,Dropout-2,Modeling
46,0.2015235722064972,0.18193094432353973,0,Dropout-2,Modeling
47,0.2007950395345688,0.18597756326198578,0,Dropout-2,Modeling
48,0.19996365904808044,0.18476879596710205,0,Dropout-2,Modeling
49,0.19923220574855804,0.18639187514781952,0,Dropout-2,Modeling
50,0.19762945175170898,0.1848677694797516,0,Dropout-2,Modeling
1,0.3666582405567169,0.2752622663974762,1,Dropout-2,Modeling
2,0.33082452416419983,0.25018227100372314,1,Dropout-2,Modeling
3,0.3174229860305786,0.24367369711399078,1,Dropout-2,Modeling
4,0.3080696165561676,0.24090920388698578,1,Dropout-2,Modeling
5,0.30091026425361633,0.23584969341754913,1,Dropout-2,Modeling
6,0.29133811593055725,0.22478586435317993,1,Dropout-2,Modeling
7,0.28821852803230286,0.22473198175430298,1,Dropout-2,Modeling
8,0.28155866265296936,0.21915927529335022,1,Dropout-2,Modeling
9,0.27431029081344604,0.22001604735851288,1,Dropout-2,Modeling
10,0.2715913653373718,0.21737825870513916,1,Dropout-2,Modeling
11,0.2667466104030609,0.21752485632896423,1,Dropout-2,Modeling
12,0.2615344822406769,0.21314913034439087,1,Dropout-2,Modeling
13,0.2594512701034546,0.2107931226491928,1,Dropout-2,Modeling
14,0.25396594405174255,0.2105838507413864,1,Dropout-2,Modeling
15,0.25155404210090637,0.20524388551712036,1,Dropout-2,Modeling
16,0.2460985779762268,0.2066364884376526,1,Dropout-2,Modeling
17,0.24505488574504852,0.20697994530200958,1,Dropout-2,Modeling
18,0.24300752580165863,0.2058791220188141,1,Dropout-2,Modeling
19,0.2383870631456375,0.199296772480011,1,Dropout-2,Modeling
20,0.23497378826141357,0.19702747464179993,1,Dropout-2,Modeling
21,0.23305396735668182,0.19631686806678772,1,Dropout-2,Modeling
22,0.22989597916603088,0.1929999589920044,1,Dropout-2,Modeling
23,0.22816190123558044,0.1968526989221573,1,Dropout-2,Modeling
24,0.22564662992954254,0.1964375525712967,1,Dropout-2,Modeling
25,0.22508670389652252,0.1958695948123932,1,Dropout-2,Modeling
26,0.221841499209404,0.1929398775100708,1,Dropout-2,Modeling
27,0.22002609074115753,0.19255979359149933,1,Dropout-2,Modeling
28,0.2184414565563202,0.1933581382036209,1,Dropout-2,Modeling
29,0.21699783205986023,0.19086791574954987,1,Dropout-2,Modeling
30,0.2165118008852005,0.19015179574489594,1,Dropout-2,Modeling
31,0.21290728449821472,0.18944038450717926,1,Dropout-2,Modeling
32,0.2144252210855484,0.19285394251346588,1,Dropout-2,Modeling
33,0.21182547509670258,0.1889243870973587,1,Dropout-2,Modeling
34,0.21072733402252197,0.18934868276119232,1,Dropout-2,Modeling
35,0.20894859731197357,0.1855890303850174,1,Dropout-2,Modeling
36,0.20982018113136292,0.18941697478294373,1,Dropout-2,Modeling
37,0.20634567737579346,0.18879660964012146,1,Dropout-2,Modeling
38,0.20724216103553772,0.19122004508972168,1,Dropout-2,Modeling
39,0.20440001785755157,0.18687494099140167,1,Dropout-2,Modeling
40,0.20341706275939941,0.19165077805519104,1,Dropout-2,Modeling
41,0.20233042538166046,0.18635717034339905,1,Dropout-2,Modeling
42,0.2013344168663025,0.18591362237930298,1,Dropout-2,Modeling
43,0.20355574786663055,0.18986058235168457,1,Dropout-2,Modeling
44,0.2017112523317337,0.1862388700246811,1,Dropout-2,Modeling
45,0.20044660568237305,0.18460416793823242,1,Dropout-2,Modeling
46,0.19649402797222137,0.18573373556137085,1,Dropout-2,Modeling
47,0.1996552050113678,0.18687331676483154,1,Dropout-2,Modeling
48,0.20012415945529938,0.18721775710582733,1,Dropout-2,Modeling
49,0.1967029869556427,0.1878143697977066,1,Dropout-2,Modeling
50,0.19709980487823486,0.18847019970417023,1,Dropout-2,Modeling
1,0.3652951121330261,0.2695229649543762,2,Dropout-2,Modeling
2,0.33177027106285095,0.25098317861557007,2,Dropout-2,Modeling
3,0.3141723871231079,0.24148735404014587,2,Dropout-2,Modeling
4,0.30571478605270386,0.2347572296857834,2,Dropout-2,Modeling
5,0.298180490732193,0.23337140679359436,2,Dropout-2,Modeling
6,0.29022732377052307,0.228903129696846,2,Dropout-2,Modeling
7,0.28666168451309204,0.22769707441329956,2,Dropout-2,Modeling
8,0.2807502746582031,0.22011715173721313,2,Dropout-2,Modeling
9,0.273952454328537,0.22099065780639648,2,Dropout-2,Modeling
10,0.26738259196281433,0.2149265855550766,2,Dropout-2,Modeling
11,0.2659587562084198,0.2133840173482895,2,Dropout-2,Modeling
12,0.2601982355117798,0.21285118162631989,2,Dropout-2,Modeling
13,0.25536051392555237,0.2055440992116928,2,Dropout-2,Modeling
14,0.25284385681152344,0.2069075107574463,2,Dropout-2,Modeling
15,0.2477862387895584,0.2060735821723938,2,Dropout-2,Modeling
16,0.2456868439912796,0.20316681265830994,2,Dropout-2,Modeling
17,0.24196329712867737,0.202694833278656,2,Dropout-2,Modeling
18,0.24049222469329834,0.20236524939537048,2,Dropout-2,Modeling
19,0.23971165716648102,0.19813302159309387,2,Dropout-2,Modeling
20,0.233852818608284,0.19716380536556244,2,Dropout-2,Modeling
21,0.23152180016040802,0.19705143570899963,2,Dropout-2,Modeling
22,0.22848515212535858,0.19530288875102997,2,Dropout-2,Modeling
23,0.22655794024467468,0.19477495551109314,2,Dropout-2,Modeling
24,0.2243455946445465,0.1976655274629593,2,Dropout-2,Modeling
25,0.22286316752433777,0.19272369146347046,2,Dropout-2,Modeling
26,0.22005070745944977,0.19561168551445007,2,Dropout-2,Modeling
27,0.21874812245368958,0.19225561618804932,2,Dropout-2,Modeling
28,0.21728064119815826,0.18791356682777405,2,Dropout-2,Modeling
29,0.21666386723518372,0.19130948185920715,2,Dropout-2,Modeling
30,0.21441049873828888,0.19002453982830048,2,Dropout-2,Modeling
31,0.21254250407218933,0.1919950395822525,2,Dropout-2,Modeling
32,0.21242092549800873,0.19142596423625946,2,Dropout-2,Modeling
33,0.210561141371727,0.1932334005832672,2,Dropout-2,Modeling
34,0.21100835502147675,0.19245219230651855,2,Dropout-2,Modeling
35,0.20848463475704193,0.1911788284778595,2,Dropout-2,Modeling
36,0.20629343390464783,0.1895013153553009,2,Dropout-2,Modeling
37,0.20504947006702423,0.18574008345603943,2,Dropout-2,Modeling
38,0.20450939238071442,0.18922245502471924,2,Dropout-2,Modeling
39,0.2042180597782135,0.1889401078224182,2,Dropout-2,Modeling
40,0.2023954689502716,0.1925683617591858,2,Dropout-2,Modeling
41,0.19974583387374878,0.1833752989768982,2,Dropout-2,Modeling
42,0.20003734529018402,0.18755218386650085,2,Dropout-2,Modeling
43,0.19941399991512299,0.1895366609096527,2,Dropout-2,Modeling
44,0.1984253227710724,0.18893159925937653,2,Dropout-2,Modeling
45,0.19787923991680145,0.18574659526348114,2,Dropout-2,Modeling
46,0.19521157443523407,0.18948599696159363,2,Dropout-2,Modeling
47,0.1964867264032364,0.18730922043323517,2,Dropout-2,Modeling
48,0.1932128220796585,0.18770821392536163,2,Dropout-2,Modeling
49,0.19465291500091553,0.18890583515167236,2,Dropout-2,Modeling
50,0.194216787815094,0.1879725456237793,2,Dropout-2,Modeling
1,0.46569138765335083,0.36680179834365845,0,Without radar,Primary
2,0.3975096046924591,0.31725865602493286,0,Without radar,Primary
3,0.3621178865432739,0.2944287955760956,0,Without radar,Primary
4,0.338405966758728,0.2731379568576813,0,Without radar,Primary
5,0.32125645875930786,0.2629822790622711,0,Without radar,Primary
6,0.30868154764175415,0.25731050968170166,0,Without radar,Primary
7,0.2984795868396759,0.24513083696365356,0,Without radar,Primary
8,0.2897951602935791,0.2467080056667328,0,Without radar,Primary
9,0.2831651568412781,0.23477670550346375,0,Without radar,Primary
10,0.2777012586593628,0.22931456565856934,0,Without radar,Primary
11,0.27140724658966064,0.22652314603328705,0,Without radar,Primary
12,0.266555517911911,0.22468015551567078,0,Without radar,Primary
13,0.26263025403022766,0.22577540576457977,0,Without radar,Primary
14,0.2583765983581543,0.2186199426651001,0,Without radar,Primary
15,0.25436046719551086,0.21619947254657745,0,Without radar,Primary
16,0.25068172812461853,0.2164749801158905,0,Without radar,Primary
17,0.24779683351516724,0.21671658754348755,0,Without radar,Primary
18,0.24513274431228638,0.21811705827713013,0,Without radar,Primary
19,0.24268309772014618,0.20900510251522064,0,Without radar,Primary
20,0.23968912661075592,0.20996959507465363,0,Without radar,Primary
21,0.23738400638103485,0.2092868536710739,0,Without radar,Primary
22,0.23580864071846008,0.21251288056373596,0,Without radar,Primary
23,0.23300589621067047,0.20656652748584747,0,Without radar,Primary
24,0.2316824495792389,0.20898890495300293,0,Without radar,Primary
25,0.22908218204975128,0.20895133912563324,0,Without radar,Primary
26,0.2277384102344513,0.20583383738994598,0,Without radar,Primary
27,0.22563046216964722,0.19930250942707062,0,Without radar,Primary
28,0.22479912638664246,0.20014530420303345,0,Without radar,Primary
29,0.2234339416027069,0.20005929470062256,0,Without radar,Primary
30,0.22232232987880707,0.20582224428653717,0,Without radar,Primary
31,0.2204284369945526,0.2046203315258026,0,Without radar,Primary
32,0.2190995067358017,0.19722111523151398,0,Without radar,Primary
33,0.2177874743938446,0.1966565102338791,0,Without radar,Primary
34,0.21760380268096924,0.21342872083187103,0,Without radar,Primary
35,0.21606214344501495,0.20567873120307922,0,Without radar,Primary
36,0.21468208730220795,0.20636822283267975,0,Without radar,Primary
37,0.21460336446762085,0.20395272970199585,0,Without radar,Primary
38,0.21403422951698303,0.20290735363960266,0,Without radar,Primary
39,0.2130613625049591,0.20488698780536652,0,Without radar,Primary
40,0.21199150383472443,0.20021288096904755,0,Without radar,Primary
41,0.21176937222480774,0.2033776193857193,0,Without radar,Primary
42,0.21121449768543243,0.21035972237586975,0,Without radar,Primary
43,0.21004384756088257,0.19973556697368622,0,Without radar,Primary
44,0.2098163515329361,0.21025022864341736,0,Without radar,Primary
45,0.20876353979110718,0.2107800990343094,0,Without radar,Primary
46,0.20973552763462067,0.19943015277385712,0,Without radar,Primary
47,0.20693378150463104,0.21754471957683563,0,Without radar,Primary
48,0.207899808883667,0.21742212772369385,0,Without radar,Primary
49,0.20683567225933075,0.20160718262195587,0,Without radar,Primary
50,0.2066178321838379,0.20475198328495026,0,Without radar,Primary
1,0.46771761775016785,0.3655945062637329,1,Without radar,Primary
2,0.4065614640712738,0.3290848135948181,1,Without radar,Primary
3,0.37185534834861755,0.30061957240104675,1,Without radar,Primary
4,0.3467461168766022,0.2907687723636627,1,Without radar,Primary
5,0.32889461517333984,0.2781684398651123,1,Without radar,Primary
6,0.31515246629714966,0.2636345326900482,1,Without radar,Primary
7,0.3032294809818268,0.2517445385456085,1,Without radar,Primary
8,0.2941395342350006,0.2467830330133438,1,Without radar,Primary
9,0.28569161891937256,0.23811307549476624,1,Without radar,Primary
10,0.2787327170372009,0.23277372121810913,1,Without radar,Primary
11,0.27346059679985046,0.23384815454483032,1,Without radar,Primary
12,0.26683327555656433,0.22899973392486572,1,Without radar,Primary
13,0.2627805769443512,0.23369239270687103,1,Without radar,Primary
14,0.25845128297805786,0.2207203060388565,1,Without radar,Primary
15,0.2540959417819977,0.23160399496555328,1,Without radar,Primary
16,0.25078487396240234,0.2222459465265274,1,Without radar,Primary
17,0.2473866045475006,0.22638963162899017,1,Without radar,Primary
18,0.24425573647022247,0.217844620347023,1,Without radar,Primary
19,0.24183066189289093,0.20770324766635895,1,Without radar,Primary
20,0.23889397084712982,0.21006737649440765,1,Without radar,Primary
21,0.23612116277217865,0.21278607845306396,1,Without radar,Primary
22,0.23462370038032532,0.20691129565238953,1,Without radar,Primary
23,0.23168224096298218,0.21153327822685242,1,Without radar,Primary
24,0.22943368554115295,0.2034626305103302,1,Without radar,Primary
25,0.2277005910873413,0.20308168232440948,1,Without radar,Primary
26,0.22612503170967102,0.21193911135196686,1,Without radar,Primary
27,0.22468671202659607,0.2071734070777893,1,Without radar,Primary
28,0.22281618416309357,0.2075437754392624,1,Without radar,Primary
29,0.22150205075740814,0.2049340158700943,1,Without radar,Primary
30,0.2196664661169052,0.20305490493774414,1,Without radar,Primary
31,0.21785813570022583,0.2020566165447235,1,Without radar,Primary
32,0.21721650660037994,0.20494379103183746,1,Without radar,Primary
33,0.2167261689901352,0.20787055790424347,1,Without radar,Primary
34,0.21448245644569397,0.2067108452320099,1,Without radar,Primary
35,0.21331240236759186,0.20183053612709045,1,Without radar,Primary
36,0.2131791114807129,0.19731539487838745,1,Without radar,Primary
37,0.21238040924072266,0.2075306922197342,1,Without radar,Primary
38,0.211640864610672,0.19936174154281616,1,Without radar,Primary
39,0.2100275605916977,0.2017272561788559,1,Without radar,Primary
40,0.20916488766670227,0.20541071891784668,1,Without radar,Primary
41,0.20908184349536896,0.21343302726745605,1,Without radar,Primary
42,0.2075294703245163,0.2059495896100998,1,Without radar,Primary
43,0.207619309425354,0.2004951685667038,1,Without radar,Primary
44,0.206755131483078,0.20864251255989075,1,Without radar,Primary
45,0.20572586357593536,0.19711460173130035,1,Without radar,Primary
46,0.20564895868301392,0.2005709707736969,1,Without radar,Primary
47,0.20511215925216675,0.20485910773277283,1,Without radar,Primary
48,0.20410603284835815,0.20422129333019257,1,Without radar,Primary
49,0.20471730828285217,0.19960784912109375,1,Without radar,Primary
50,0.20317648351192474,0.20408175885677338,1,Without radar,Primary
1,0.4654146134853363,0.3641374409198761,2,Without radar,Primary
2,0.40250861644744873,0.3251630365848541,2,Without radar,Primary
3,0.3675326704978943,0.30231431126594543,2,Without radar,Primary
4,0.34283962845802307,0.28545069694519043,2,Without radar,Primary
5,0.324663370847702,0.27707144618034363,2,Without radar,Primary
6,0.31191566586494446,0.2532893121242523,2,Without radar,Primary
7,0.3009107708930969,0.25181692838668823,2,Without radar,Primary
8,0.2912493944168091,0.2454739660024643,2,Without radar,Primary
9,0.28395769000053406,0.2419920712709427,2,Without radar,Primary
10,0.27719661593437195,0.2356761395931244,2,Without radar,Primary
11,0.27097997069358826,0.24268056452274323,2,Without radar,Primary
12,0.2657226026058197,0.23540033400058746,2,Without radar,Primary
13,0.2609279453754425,0.22364628314971924,2,Without radar,Primary
14,0.25752636790275574,0.21868155896663666,2,Without radar,Primary
15,0.25305473804473877,0.2173694521188736,2,Without radar,Primary
16,0.24939346313476562,0.2129969596862793,2,Without radar,Primary
17,0.24633921682834625,0.21641673147678375,2,Without radar,Primary
18,0.2428571581840515,0.21947081387043,2,Without radar,Primary
19,0.23956294357776642,0.21508203446865082,2,Without radar,Primary
20,0.23797325789928436,0.21257272362709045,2,Without radar,Primary
21,0.23507271707057953,0.20705866813659668,2,Without radar,Primary
22,0.23222506046295166,0.21401791274547577,2,Without radar,Primary
23,0.23066405951976776,0.20613256096839905,2,Without radar,Primary
24,0.22792339324951172,0.21605414152145386,2,Without radar,Primary
25,0.2265365570783615,0.20569933950901031,2,Without radar,Primary
26,0.2245331108570099,0.20884723961353302,2,Without radar,Primary
27,0.22281137108802795,0.20388862490653992,2,Without radar,Primary
28,0.22187915444374084,0.20754525065422058,2,Without radar,Primary
29,0.21988044679164886,0.20466497540473938,2,Without radar,Primary
30,0.21832743287086487,0.2060091644525528,2,Without radar,Primary
31,0.21688367426395416,0.20088700950145721,2,Without radar,Primary
32,0.21572890877723694,0.20743581652641296,2,Without radar,Primary
33,0.21389803290367126,0.2145492285490036,2,Without radar,Primary
34,0.21349886059761047,0.19767382740974426,2,Without radar,Primary
35,0.21266773343086243,0.20867149531841278,2,Without radar,Primary
36,0.2108888030052185,0.20936532318592072,2,Without radar,Primary
37,0.21019195020198822,0.2015533596277237,2,Without radar,Primary
38,0.20919285714626312,0.20427460968494415,2,Without radar,Primary
39,0.20829732716083527,0.19620560109615326,2,Without radar,Primary
40,0.20778487622737885,0.20807233452796936,2,Without radar,Primary
41,0.20745044946670532,0.21632523834705353,2,Without radar,Primary
42,0.20674841105937958,0.20569396018981934,2,Without radar,Primary
43,0.205239936709404,0.20185284316539764,2,Without radar,Primary
44,0.20507724583148956,0.20760007202625275,2,Without radar,Primary
45,0.20345185697078705,0.21613292396068573,2,Without radar,Primary
46,0.20311716198921204,0.20304608345031738,2,Without radar,Primary
47,0.20458713173866272,0.2046099305152893,2,Without radar,Primary
48,0.2033137083053589,0.20557796955108643,2,Without radar,Primary
49,0.20249180495738983,0.2152089625597,2,Without radar,Primary
50,0.2024022340774536,0.20603987574577332,2,Without radar,Primary
1,0.5328808426856995,0.44113096594810486,0,Without final track,Primary
2,0.4706787168979645,0.3923085927963257,0,Without final track,Primary
3,0.43089956045150757,0.3736068606376648,0,Without final track,Primary
4,0.403582900762558,0.34288647770881653,0,Without final track,Primary
5,0.38264787197113037,0.3384508490562439,0,Without final track,Primary
6,0.36705201864242554,0.31207674741744995,0,Without final track,Primary
7,0.35468438267707825,0.3050846457481384,0,Without final track,Primary
8,0.34540557861328125,0.3157881796360016,0,Without final track,Primary
9,0.3367196321487427,0.29216694831848145,0,Without final track,Primary
10,0.3300378918647766,0.29466214776039124,0,Without final track,Primary
11,0.322923481464386,0.2727796733379364,0,Without final track,Primary
12,0.3184830844402313,0.2804659307003021,0,Without final track,Primary
13,0.3125707507133484,0.28622904419898987,0,Without final track,Primary
14,0.30925145745277405,0.2766989767551422,0,Without final track,Primary
15,0.30544134974479675,0.28673940896987915,0,Without final track,Primary
16,0.30139029026031494,0.27890628576278687,0,Without final track,Primary
17,0.2974400520324707,0.28362345695495605,0,Without final track,Primary
18,0.29505449533462524,0.2793285548686981,0,Without final track,Primary
19,0.29032260179519653,0.2760034203529358,0,Without final track,Primary
20,0.28738152980804443,0.28173792362213135,0,Without final track,Primary
21,0.2855224013328552,0.2880268394947052,0,Without final track,Primary
22,0.283223420381546,0.29883119463920593,0,Without final track,Primary
23,0.279977947473526,0.27646690607070923,0,Without final track,Primary
24,0.2794928252696991,0.2854262888431549,0,Without final track,Primary
25,0.27813345193862915,0.2897292375564575,0,Without final track,Primary
26,0.27503472566604614,0.2982269525527954,0,Without final track,Primary
27,0.2717912197113037,0.2754265069961548,0,Without final track,Primary
28,0.2715758681297302,0.2746203541755676,0,Without final track,Primary
29,0.26957979798316956,0.30171164870262146,0,Without final track,Primary
30,0.26890361309051514,0.2754000723361969,0,Without final track,Primary
31,0.2656802237033844,0.2702576220035553,0,Without final track,Primary
32,0.2665081024169922,0.279293030500412,0,Without final track,Primary
33,0.26171448826789856,0.2919663190841675,0,Without final track,Primary
34,0.26040470600128174,0.28432244062423706,0,Without final track,Primary
35,0.2620989978313446,0.3057441711425781,0,Without final track,Primary
36,0.25844287872314453,0.28379902243614197,0,Without final track,Primary
37,0.25841912627220154,0.28392359614372253,0,Without final track,Primary
38,0.25600600242614746,0.300933837890625,0,Without final track,Primary
39,0.2564903497695923,0.3001740872859955,0,Without final track,Primary
40,0.25453612208366394,0.3196851909160614,0,Without final track,Primary
41,0.25202542543411255,0.31546464562416077,0,Without final track,Primary
42,0.2536454200744629,0.3018288314342499,0,Without final track,Primary
43,0.24697564542293549,0.2977316081523895,0,Without final track,Primary
44,0.2476654350757599,0.28643158078193665,0,Without final track,Primary
45,0.2491208016872406,0.3124769330024719,0,Without final track,Primary
46,0.24747727811336517,0.29301917552948,0,Without final track,Primary
47,0.24265120923519135,0.31055325269699097,0,Without final track,Primary
48,0.24340400099754333,0.3265624940395355,0,Without final track,Primary
49,0.2433663308620453,0.283842533826828,0,Without final track,Primary
50,0.2407812923192978,0.31503328680992126,0,Without final track,Primary
1,0.5349830389022827,0.4402585029602051,1,Without final track,Primary
2,0.4750133454799652,0.3951426148414612,1,Without final track,Primary
3,0.4363008439540863,0.36532917618751526,1,Without final track,Primary
4,0.40883034467697144,0.3596678078174591,1,Without final track,Primary
5,0.38777586817741394,0.3471132814884186,1,Without final track,Primary
6,0.372933954000473,0.33598074316978455,1,Without final track,Primary
7,0.3589291274547577,0.3174944818019867,1,Without final track,Primary
8,0.3489477038383484,0.30856186151504517,1,Without final track,Primary
9,0.3396371901035309,0.30741921067237854,1,Without final track,Primary
10,0.33319950103759766,0.30021780729293823,1,Without final track,Primary
11,0.32661202549934387,0.3074670135974884,1,Without final track,Primary
12,0.3192718029022217,0.30378085374832153,1,Without final track,Primary
13,0.31535521149635315,0.29945966601371765,1,Without final track,Primary
14,0.31008845567703247,0.28106147050857544,1,Without final track,Primary
15,0.30563226342201233,0.29219990968704224,1,Without final track,Primary
16,0.3024425804615021,0.2874421179294586,1,Without final track,Primary
17,0.29702961444854736,0.2927439510822296,1,Without final track,Primary
18,0.2936689555644989,0.286750853061676,1,Without final track,Primary
19,0.292215496301651,0.2810298800468445,1,Without final track,Primary
20,0.28800883889198303,0.3150378167629242,1,Without final track,Primary
21,0.28719642758369446,0.27567145228385925,1,Without final track,Primary
22,0.28339141607284546,0.2862434387207031,1,Without final track,Primary
23,0.28181320428848267,0.27393049001693726,1,Without final track,Primary
24,0.2802182137966156,0.2990756928920746,1,Without final track,Primary
25,0.2781544625759125,0.271001935005188,1,Without final track,Primary
26,0.2740136682987213,0.2815903127193451,1,Without final track,Primary
27,0.27352622151374817,0.3044815957546234,1,Without final track,Primary
28,0.2724258005619049,0.32105720043182373,1,Without final track,Primary
29,0.27052000164985657,0.2920573055744171,1,Without final track,Primary
30,0.266249418258667,0.29148900508880615,1,Without final track,Primary
31,0.26687726378440857,0.2870711386203766,1,Without final track,Primary
32,0.2664293050765991,0.27492567896842957,1,Without final track,Primary
33,0.2655984163284302,0.298577219247818,1,Without final track,Primary
34,0.2616766691207886,0.2947694957256317,1,Without final track,Primary
35,0.2606997787952423,0.28890880942344666,1,Without final track,Primary
36,0.25878751277923584,0.2997530996799469,1,Without final track,Primary
37,0.25541406869888306,0.29385799169540405,1,Without final track,Primary
38,0.25382328033447266,0.28847914934158325,1,Without final track,Primary
39,0.2549172341823578,0.2880806624889374,1,Without final track,Primary
40,0.25268638134002686,0.2978184223175049,1,Without final track,Primary
41,0.251198947429657,0.29358357191085815,1,Without final track,Primary
42,0.2523512542247772,0.3109166920185089,1,Without final track,Primary
43,0.24847300350666046,0.3134419620037079,1,Without final track,Primary
44,0.2465735524892807,0.30531200766563416,1,Without final track,Primary
45,0.24738729000091553,0.325996458530426,1,Without final track,Primary
46,0.24890245497226715,0.3048909604549408,1,Without final track,Primary
47,0.24416989088058472,0.30074799060821533,1,Without final track,Primary
48,0.24147935211658478,0.32994750142097473,1,Without final track,Primary
49,0.23987628519535065,0.30471739172935486,1,Without final track,Primary
50,0.24018502235412598,0.3356713056564331,1,Without final track,Primary
1,0.5285712480545044,0.44374769926071167,2,Without final track,Primary
2,0.4691982865333557,0.38857927918434143,2,Without final track,Primary
3,0.4320719242095947,0.38290640711784363,2,Without final track,Primary
4,0.4057912826538086,0.36479946970939636,2,Without final track,Primary
5,0.38568612933158875,0.34079015254974365,2,Without final track,Primary
6,0.3704582750797272,0.3175096809864044,2,Without final track,Primary
7,0.35809430480003357,0.3152778744697571,2,Without final track,Primary
8,0.34709689021110535,0.30746516585350037,2,Without final track,Primary
9,0.33829227089881897,0.305759072303772,2,Without final track,Primary
10,0.3301761746406555,0.3143147826194763,2,Without final track,Primary
11,0.3249906897544861,0.32114094495773315,2,Without final track,Primary
12,0.31792712211608887,0.2881413698196411,2,Without final track,Primary
13,0.3128404915332794,0.2836950421333313,2,Without final track,Primary
14,0.3088436722755432,0.29176095128059387,2,Without final track,Primary
15,0.3039933443069458,0.2866748571395874,2,Without final track,Primary
16,0.30059686303138733,0.2914745509624481,2,Without final track,Primary
17,0.29707878828048706,0.29128336906433105,2,Without final track,Primary
18,0.29270845651626587,0.30464479327201843,2,Without final track,Primary
19,0.2899913787841797,0.30289214849472046,2,Without final track,Primary
20,0.28845080733299255,0.276157021522522,2,Without final track,Primary
21,0.2835189700126648,0.286263644695282,2,Without final track,Primary
22,0.2843208312988281,0.28819942474365234,2,Without final track,Primary
23,0.27957361936569214,0.2803823947906494,2,Without final track,Primary
24,0.27936407923698425,0.2793158292770386,2,Without final track,Primary
25,0.27644869685173035,0.30370646715164185,2,Without final track,Primary
26,0.27510207891464233,0.2850736379623413,2,Without final track,Primary
27,0.2712796926498413,0.27931076288223267,2,Without final track,Primary
28,0.27009040117263794,0.3000492453575134,2,Without final track,Primary
29,0.267937570810318,0.2788359522819519,2,Without final track,Primary
30,0.26567429304122925,0.2994474768638611,2,Without final track,Primary
31,0.2644297778606415,0.2876494824886322,2,Without final track,Primary
32,0.2623547315597534,0.317170649766922,2,Without final track,Primary
33,0.2606275677680969,0.31257086992263794,2,Without final track,Primary
34,0.2590236961841583,0.30573907494544983,2,Without final track,Primary
35,0.260225385427475,0.3167445659637451,2,Without final track,Primary
36,0.2572851777076721,0.29713883996009827,2,Without final track,Primary
37,0.255881667137146,0.29357942938804626,2,Without final track,Primary
38,0.2544225752353668,0.29842886328697205,2,Without final track,Primary
39,0.25181344151496887,0.2931502163410187,2,Without final track,Primary
40,0.25568464398384094,0.29802176356315613,2,Without final track,Primary
41,0.24991649389266968,0.3330320417881012,2,Without final track,Primary
42,0.24861080944538116,0.33141782879829407,2,Without final track,Primary
43,0.24581240117549896,0.31423747539520264,2,Without final track,Primary
44,0.24543802440166473,0.3399561047554016,2,Without final track,Primary
45,0.24445948004722595,0.33449289202690125,2,Without final track,Primary
46,0.24298475682735443,0.3318184018135071,2,Without final track,Primary
47,0.24200797080993652,0.3291375935077667,2,Without final track,Primary
48,0.24485766887664795,0.334733247756958,2,Without final track,Primary
49,0.23900315165519714,0.3130132853984833,2,Without final track,Primary
50,0.24092498421669006,0.30230575799942017,2,Without final track,Primary
1,0.49429696798324585,0.3953624367713928,0,Without land cover,Primary
2,0.4257355332374573,0.3442172110080719,0,Without land cover,Primary
3,0.3867831826210022,0.3178817331790924,0,Without land cover,Primary
4,0.3590202033519745,0.2900715172290802,0,Without land cover,Primary
5,0.3377092778682709,0.2875785827636719,0,Without land cover,Primary
6,0.32186904549598694,0.27070674300193787,0,Without land cover,Primary
7,0.3085468113422394,0.2567279636859894,0,Without land cover,Primary
8,0.29755347967147827,0.25361374020576477,0,Without land cover,Primary
9,0.2888575494289398,0.24651899933815002,0,Without land cover,Primary
10,0.2824370563030243,0.2353450357913971,0,Without land cover,Primary
11,0.2748502790927887,0.2302953451871872,0,Without land cover,Primary
12,0.26885172724723816,0.23107224702835083,0,Without land cover,Primary
13,0.2641969621181488,0.23286966979503632,0,Without land cover,Primary
14,0.2599726617336273,0.221578910946846,0,Without land cover,Primary
15,0.2548958659172058,0.22373895347118378,0,Without land cover,Primary
16,0.2508596181869507,0.2184663861989975,0,Without land cover,Primary
17,0.2475445717573166,0.22565878927707672,0,Without land cover,Primary
18,0.24507831037044525,0.22181160748004913,0,Without land cover,Primary
19,0.24104219675064087,0.2152635008096695,0,Without land cover,Primary
20,0.2382015883922577,0.21541275084018707,0,Without land cover,Primary
21,0.2349000871181488,0.21781663596630096,0,Without land cover,Primary
22,0.23311235010623932,0.22648589313030243,0,Without land cover,Primary
23,0.23053722083568573,0.22147107124328613,0,Without land cover,Primary
24,0.22864268720149994,0.22114668786525726,0,Without land cover,Primary
25,0.22578419744968414,0.2095445990562439,0,Without land cover,Primary
26,0.22402158379554749,0.2182445228099823,0,Without land cover,Primary
27,0.22230316698551178,0.20533345639705658,0,Without land cover,Primary
28,0.22059419751167297,0.2114158421754837,0,Without land cover,Primary
29,0.21944721043109894,0.20821276307106018,0,Without land cover,Primary
30,0.21660998463630676,0.21143777668476105,0,Without land cover,Primary
31,0.2153705358505249,0.21333813667297363,0,Without land cover,Primary
32,0.21401594579219818,0.202675461769104,0,Without land cover,Primary
33,0.21126271784305573,0.2068062126636505,0,Without land cover,Primary
34,0.21179109811782837,0.21688690781593323,0,Without land cover,Primary
35,0.21045391261577606,0.21727816760540009,0,Without land cover,Primary
36,0.20903408527374268,0.21948491036891937,0,Without land cover,Primary
37,0.2075464129447937,0.21082255244255066,0,Without land cover,Primary
38,0.20638859272003174,0.21079669892787933,0,Without land cover,Primary
39,0.20512469112873077,0.2124958336353302,0,Without land cover,Primary
40,0.20336124300956726,0.21613892912864685,0,Without land cover,Primary
41,0.20374226570129395,0.2185698002576828,0,Without land cover,Primary
42,0.20374764502048492,0.224460631608963,0,Without land cover,Primary
43,0.20137017965316772,0.21368615329265594,0,Without land cover,Primary
44,0.2002357393503189,0.21643725037574768,0,Without land cover,Primary
45,0.19967621564865112,0.2224016636610031,0,Without land cover,Primary
46,0.19913768768310547,0.2094118297100067,0,Without land cover,Primary
47,0.19643637537956238,0.24420498311519623,0,Without land cover,Primary
48,0.19803057610988617,0.2209170162677765,0,Without land cover,Primary
49,0.19512340426445007,0.21658386290073395,0,Without land cover,Primary
50,0.19624243676662445,0.21736574172973633,0,Without land cover,Primary
1,0.4933963418006897,0.3888241946697235,1,Without land cover,Primary
2,0.430006742477417,0.3526515066623688,1,Without land cover,Primary
3,0.39266109466552734,0.316172331571579,1,Without land cover,Primary
4,0.3642539978027344,0.30855515599250793,1,Without land cover,Primary
5,0.34354835748672485,0.29449591040611267,1,Without land cover,Primary
6,0.3271160423755646,0.27772971987724304,1,Without land cover,Primary
7,0.31268310546875,0.26025617122650146,1,Without land cover,Primary
8,0.3019166886806488,0.25470295548439026,1,Without land cover,Primary
9,0.2921559512615204,0.24980956315994263,1,Without land cover,Primary
10,0.28391319513320923,0.241237074136734,1,Without land cover,Primary
11,0.27757972478866577,0.2390887290239334,1,Without land cover,Primary
12,0.2701251208782196,0.23647840321063995,1,Without land cover,Primary
13,0.26535922288894653,0.23837952315807343,1,Without land cover,Primary
14,0.2603766620159149,0.22379149496555328,1,Without land cover,Primary
15,0.25565046072006226,0.23838335275650024,1,Without land cover,Primary
16,0.2516705393791199,0.22717273235321045,1,Without land cover,Primary
17,0.2468048632144928,0.23070162534713745,1,Without land cover,Primary
18,0.24383462965488434,0.2164267897605896,1,Without land cover,Primary
19,0.24111580848693848,0.2145778089761734,1,Without land cover,Primary
20,0.23755745589733124,0.21912682056427002,1,Without land cover,Primary
21,0.23550766706466675,0.2185898721218109,1,Without land cover,Primary
22,0.23255330324172974,0.21220391988754272,1,Without land cover,Primary
23,0.22928744554519653,0.2122563123703003,1,Without land cover,Primary
24,0.2275618314743042,0.21029773354530334,1,Without land cover,Primary
25,0.22506947815418243,0.2087613195180893,1,Without land cover,Primary
26,0.22226953506469727,0.2174929678440094,1,Without land cover,Primary
27,0.2210274189710617,0.21732155978679657,1,Without land cover,Primary
28,0.2201112061738968,0.21440494060516357,1,Without land cover,Primary
29,0.21745918691158295,0.20915137231349945,1,Without land cover,Primary
30,0.21522535383701324,0.20945970714092255,1,Without land cover,Primary
31,0.2136942744255066,0.2082872837781906,1,Without land cover,Primary
32,0.21350793540477753,0.21263816952705383,1,Without land cover,Primary
33,0.21099576354026794,0.21105948090553284,1,Without land cover,Primary
34,0.20961908996105194,0.21929049491882324,1,Without land cover,Primary
35,0.2078135460615158,0.20454290509223938,1,Without land cover,Primary
36,0.2063026875257492,0.20232880115509033,1,Without land cover,Primary
37,0.20647795498371124,0.21489791572093964,1,Without land cover,Primary
38,0.20518013834953308,0.2040451467037201,1,Without land cover,Primary
39,0.2032550722360611,0.2137695699930191,1,Without land cover,Primary
40,0.2027658373117447,0.22089463472366333,1,Without land cover,Primary
41,0.20103970170021057,0.2116546630859375,1,Without land cover,Primary
42,0.20189213752746582,0.2282765507698059,1,Without land cover,Primary
43,0.20129291713237762,0.21281616389751434,1,Without land cover,Primary
44,0.1978188157081604,0.213931605219841,1,Without land cover,Primary
45,0.19733083248138428,0.219729483127594,1,Without land cover,Primary
46,0.19825081527233124,0.20643925666809082,1,Without land cover,Primary
47,0.196161150932312,0.20992183685302734,1,Without land cover,Primary
48,0.1948162317276001,0.22158977389335632,1,Without land cover,Primary
49,0.19404318928718567,0.21620820462703705,1,Without land cover,Primary
50,0.194441020488739,0.22044341266155243,1,Without land cover,Primary
1,0.49081894755363464,0.38947176933288574,2,Without land cover,Primary
2,0.42588314414024353,0.3433823585510254,2,Without land cover,Primary
3,0.3874293565750122,0.322412371635437,2,Without land cover,Primary
4,0.35995379090309143,0.30567097663879395,2,Without land cover,Primary
5,0.33887994289398193,0.2903161644935608,2,Without land cover,Primary
6,0.3236546516418457,0.2634008824825287,2,Without land cover,Primary
7,0.3103933334350586,0.2604725658893585,2,Without land cover,Primary
8,0.2986678183078766,0.25500598549842834,2,Without land cover,Primary
9,0.28997913002967834,0.2504067122936249,2,Without land cover,Primary
10,0.2820788621902466,0.23891989886760712,2,Without land cover,Primary
11,0.27499017119407654,0.2483818382024765,2,Without land cover,Primary
12,0.2685781717300415,0.23745863139629364,2,Without land cover,Primary
13,0.2629382908344269,0.22725963592529297,2,Without land cover,Primary
14,0.2593487501144409,0.22380730509757996,2,Without land cover,Primary
15,0.2539960741996765,0.2221260666847229,2,Without land cover,Primary
16,0.25004780292510986,0.2175997644662857,2,Without land cover,Primary
17,0.24665236473083496,0.22060996294021606,2,Without land cover,Primary
18,0.2426924854516983,0.22588224709033966,2,Without land cover,Primary
19,0.23812010884284973,0.22027309238910675,2,Without land cover,Primary
20,0.23645010590553284,0.2187080979347229,2,Without land cover,Primary
21,0.23269489407539368,0.21687929332256317,2,Without land cover,Primary
22,0.22961220145225525,0.2177620828151703,2,Without land cover,Primary
23,0.22750239074230194,0.21747396886348724,2,Without land cover,Primary
24,0.22587546706199646,0.22591188549995422,2,Without land cover,Primary
25,0.22239400446414948,0.2196742296218872,2,Without land cover,Primary
26,0.22136051952838898,0.21577903628349304,2,Without land cover,Primary
27,0.2188774049282074,0.2081637978553772,2,Without land cover,Primary
28,0.21731770038604736,0.2163316309452057,2,Without land cover,Primary
29,0.21579599380493164,0.21280495822429657,2,Without land cover,Primary
30,0.21328067779541016,0.2129921317100525,2,Without land cover,Primary
31,0.21177524328231812,0.2052346020936966,2,Without land cover,Primary
32,0.2090749591588974,0.21989892423152924,2,Without land cover,Primary
33,0.2093116044998169,0.21970804035663605,2,Without land cover,Primary
34,0.20607978105545044,0.209299236536026,2,Without land cover,Primary
35,0.20823445916175842,0.2222432643175125,2,Without land cover,Primary
36,0.20326361060142517,0.21858026087284088,2,Without land cover,Primary
37,0.20328502357006073,0.2093600630760193,2,Without land cover,Primary
38,0.20223785936832428,0.2160949558019638,2,Without land cover,Primary
39,0.20020024478435516,0.21352064609527588,2,Without land cover,Primary
40,0.200301393866539,0.22346217930316925,2,Without land cover,Primary
41,0.2001376450061798,0.23839330673217773,2,Without land cover,Primary
42,0.19876092672348022,0.22117933630943298,2,Without land cover,Primary
43,0.1954394429922104,0.2178664654493332,2,Without land cover,Primary
44,0.19502034783363342,0.22174416482448578,2,Without land cover,Primary
45,0.19363978505134583,0.23168504238128662,2,Without land cover,Primary
46,0.19226428866386414,0.22346405684947968,2,Without land cover,Primary
47,0.1940683126449585,0.22791019082069397,2,Without land cover,Primary
48,0.19366437196731567,0.22721640765666962,2,Without land cover,Primary
49,0.1906651258468628,0.2300342172384262,2,Without land cover,Primary
50,0.191009059548378,0.21057897806167603,2,Without land cover,Primary
1,0.5269659161567688,0.43770700693130493,0,Without track or land cover,Primary
2,0.4663502275943756,0.39141198992729187,0,Without track or land cover,Primary
3,0.42898860573768616,0.3715452551841736,0,Without track or land cover,Primary
4,0.4040985703468323,0.34435781836509705,0,Without track or land cover,Primary
5,0.3838539123535156,0.3420080840587616,0,Without track or land cover,Primary
6,0.3697853982448578,0.3178517818450928,0,Without track or land cover,Primary
7,0.35850560665130615,0.30749425292015076,0,Without track or land cover,Primary
8,0.34917110204696655,0.317484974861145,0,Without track or land cover,Primary
9,0.34183964133262634,0.30153128504753113,0,Without track or land cover,Primary
10,0.33496958017349243,0.3006386458873749,0,Without track or land cover,Primary
11,0.328811377286911,0.2746407091617584,0,Without track or land cover,Primary
12,0.32527440786361694,0.2780909240245819,0,Without track or land cover,Primary
13,0.3194095194339752,0.2910064458847046,0,Without track or land cover,Primary
14,0.31693974137306213,0.2838808596134186,0,Without track or land cover,Primary
15,0.3131612241268158,0.27999576926231384,0,Without track or land cover,Primary
16,0.30942773818969727,0.28051552176475525,0,Without track or land cover,Primary
17,0.30620285868644714,0.2851232588291168,0,Without track or land cover,Primary
18,0.3046691119670868,0.2862813174724579,0,Without track or land cover,Primary
19,0.3004615008831024,0.2667156159877777,0,Without track or land cover,Primary
20,0.2993222177028656,0.2818889915943146,0,Without track or land cover,Primary
21,0.29707571864128113,0.28995412588119507,0,Without track or land cover,Primary
22,0.29472050070762634,0.2878198027610779,0,Without track or land cover,Primary
23,0.29277992248535156,0.27955445647239685,0,Without track or land cover,Primary
24,0.29171696305274963,0.3003750145435333,0,Without track or land cover,Primary
25,0.2903647720813751,0.28558579087257385,0,Without track or land cover,Primary
26,0.28813478350639343,0.31002312898635864,0,Without track or land cover,Primary
27,0.28707513213157654,0.27397778630256653,0,Without track or land cover,Primary
28,0.28662174940109253,0.2833879590034485,0,Without track or land cover,Primary
29,0.2834447920322418,0.29510921239852905,0,Without track or land cover,Primary
30,0.28291434049606323,0.27916601300239563,0,Without track or land cover,Primary
31,0.2818938195705414,0.28316155076026917,0,Without track or land cover,Primary
32,0.28077736496925354,0.27513810992240906,0,Without track or land cover,Primary
33,0.2790299952030182,0.28465715050697327,0,Without track or land cover,Primary
34,0.27806225419044495,0.2873161733150482,0,Without track or land cover,Primary
35,0.27823907136917114,0.3033815920352936,0,Without track or land cover,Primary
36,0.27744296193122864,0.3038499653339386,0,Without track or land cover,Primary
37,0.27735650539398193,0.2867063581943512,0,Without track or land cover,Primary
38,0.27560028433799744,0.3044115900993347,0,Without track or land cover,Primary
39,0.2748797833919525,0.28940486907958984,0,Without track or land cover,Primary
40,0.2723256051540375,0.31903207302093506,0,Without track or land cover,Primary
41,0.2733120024204254,0.30076655745506287,0,Without track or land cover,Primary
42,0.2728258967399597,0.29882413148880005,0,Without track or land cover,Primary
43,0.26943740248680115,0.2823106646537781,0,Without track or land cover,Primary
44,0.2704540193080902,0.2929467558860779,0,Without track or land cover,Primary
45,0.26887083053588867,0.32344403862953186,0,Without track or land cover,Primary
46,0.2717130780220032,0.27759045362472534,0,Without track or land cover,Primary
47,0.26690229773521423,0.32713642716407776,0,Without track or land cover,Primary
48,0.2699003219604492,0.31998300552368164,0,Without track or land cover,Primary
49,0.26575610041618347,0.28649821877479553,0,Without track or land cover,Primary
50,0.26577281951904297,0.3136301636695862,0,Without track or land cover,Primary
1,0.5264828205108643,0.4362736642360687,1,Without track or land cover,Primary
2,0.4695439636707306,0.3929370939731598,1,Without track or land cover,Primary
3,0.4335540235042572,0.3650740087032318,1,Without track or land cover,Primary
4,0.40776753425598145,0.35950350761413574,1,Without track or land cover,Primary
5,0.38823679089546204,0.351240873336792,1,Without track or land cover,Primary
6,0.37377411127090454,0.3344927132129669,1,Without track or land cover,Primary
7,0.36073610186576843,0.3203278183937073,1,Without track or land cover,Primary
8,0.35173556208610535,0.31137192249298096,1,Without track or land cover,Primary
9,0.3432858884334564,0.31013134121894836,1,Without track or land cover,Primary
10,0.33695757389068604,0.29959145188331604,1,Without track or land cover,Primary
11,0.3312021493911743,0.3068532943725586,1,Without track or land cover,Primary
12,0.3247222900390625,0.31122082471847534,1,Without track or land cover,Primary
13,0.3217230439186096,0.30924808979034424,1,Without track or land cover,Primary
14,0.3167056143283844,0.28809890151023865,1,Without track or land cover,Primary
15,0.3119907081127167,0.2906774580478668,1,Without track or land cover,Primary
16,0.30958959460258484,0.2897944748401642,1,Without track or land cover,Primary
17,0.3043281137943268,0.30370351672172546,1,Without track or land cover,Primary
18,0.3012692332267761,0.2902691066265106,1,Without track or land cover,Primary
19,0.30153053998947144,0.2778521478176117,1,Without track or land cover,Primary
20,0.29767635464668274,0.3139742612838745,1,Without track or land cover,Primary
21,0.29594919085502625,0.2872343957424164,1,Without track or land cover,Primary
22,0.29286324977874756,0.28738221526145935,1,Without track or land cover,Primary
23,0.29186755418777466,0.2853965759277344,1,Without track or land cover,Primary
24,0.29082295298576355,0.2848811149597168,1,Without track or land cover,Primary
25,0.2886762320995331,0.27566424012184143,1,Without track or land cover,Primary
26,0.28607985377311707,0.28306660056114197,1,Without track or land cover,Primary
27,0.2866382300853729,0.2998396158218384,1,Without track or land cover,Primary
28,0.28421521186828613,0.31501510739326477,1,Without track or land cover,Primary
29,0.28376632928848267,0.28916552662849426,1,Without track or land cover,Primary
30,0.279881089925766,0.28566455841064453,1,Without track or land cover,Primary
31,0.28206998109817505,0.2729645073413849,1,Without track or land cover,Primary
32,0.28029605746269226,0.27132779359817505,1,Without track or land cover,Primary
33,0.2778639495372772,0.29083341360092163,1,Without track or land cover,Primary
34,0.27650490403175354,0.2932763993740082,1,Without track or land cover,Primary
35,0.27524223923683167,0.296950101852417,1,Without track or land cover,Primary
36,0.27497607469558716,0.2852480709552765,1,Without track or land cover,Primary
37,0.27377787232398987,0.2922888696193695,1,Without track or land cover,Primary
38,0.2711964547634125,0.2808077931404114,1,Without track or land cover,Primary
39,0.2700994312763214,0.2818775177001953,1,Without track or land cover,Primary
40,0.26929569244384766,0.3023190200328827,1,Without track or land cover,Primary
41,0.26948994398117065,0.2883080840110779,1,Without track or land cover,Primary
42,0.2696579396724701,0.30102768540382385,1,Without track or land cover,Primary
43,0.26938825845718384,0.28976544737815857,1,Without track or land cover,Primary
44,0.26689743995666504,0.28797101974487305,1,Without track or land cover,Primary
45,0.2682642936706543,0.2808503210544586,1,Without track or land cover,Primary
46,0.26749444007873535,0.311114639043808,1,Without track or land cover,Primary
47,0.26402297616004944,0.2884092330932617,1,Without track or land cover,Primary
48,0.26380136609077454,0.3068607747554779,1,Without track or land cover,Primary
49,0.26435956358909607,0.320658415555954,1,Without track or land cover,Primary
50,0.2646896243095398,0.30529698729515076,1,Without track or land cover,Primary
1,0.5231563448905945,0.4410110116004944,2,Without track or land cover,Primary
2,0.4662766754627228,0.38550353050231934,2,Without track or land cover,Primary
3,0.43079087138175964,0.38463225960731506,2,Without track or land cover,Primary
4,0.40572208166122437,0.364217609167099,2,Without track or land cover,Primary
5,0.38667553663253784,0.340657114982605,2,Without track or land cover,Primary
6,0.3724278211593628,0.321651816368103,2,Without track or land cover,Primary
7,0.36055779457092285,0.31755033135414124,2,Without track or land cover,Primary
8,0.350210040807724,0.31540220975875854,2,Without track or land cover,Primary
9,0.3426772952079773,0.3178921639919281,2,Without track or land cover,Primary
10,0.3351067304611206,0.3038351833820343,2,Without track or land cover,Primary
11,0.3295811414718628,0.32011622190475464,2,Without track or land cover,Primary
12,0.3236284852027893,0.2911546230316162,2,Without track or land cover,Primary
13,0.3194529414176941,0.283042848110199,2,Without track or land cover,Primary
14,0.31549209356307983,0.2886013686656952,2,Without track or land cover,Primary
15,0.31128978729248047,0.28347623348236084,2,Without track or land cover,Primary
16,0.30815979838371277,0.2903132438659668,2,Without track or land cover,Primary
17,0.3051226735115051,0.29282668232917786,2,Without track or land cover,Primary
18,0.3011493682861328,0.31074389815330505,2,Without track or land cover,Primary
19,0.29852980375289917,0.29977965354919434,2,Without track or land cover,Primary
20,0.2970370352268219,0.27925702929496765,2,Without track or land cover,Primary
21,0.2932850122451782,0.28631359338760376,2,Without track or land cover,Primary
22,0.2942085862159729,0.281145840883255,2,Without track or land cover,Primary
23,0.28967010974884033,0.27945080399513245,2,Without track or land cover,Primary
24,0.2907809615135193,0.29235050082206726,2,Without track or land cover,Primary
25,0.286088228225708,0.30262526869773865,2,Without track or land cover,Primary
26,0.2865822911262512,0.30338054895401,2,Without track or land cover,Primary
27,0.2834026515483856,0.27316346764564514,2,Without track or land cover,Primary
28,0.28322869539260864,0.28508812189102173,2,Without track or land cover,Primary
29,0.2798211872577667,0.2929842472076416,2,Without track or land cover,Primary
30,0.2791730463504791,0.2987233102321625,2,Without track or land cover,Primary
31,0.2791835069656372,0.2789970934391022,2,Without track or land cover,Primary
32,0.2766161561012268,0.30424967408180237,2,Without track or land cover,Primary
33,0.27552855014801025,0.3120991289615631,2,Without track or land cover,Primary
34,0.27508488297462463,0.2984718382358551,2,Without track or land cover,Primary
35,0.27435004711151123,0.3207402527332306,2,Without track or land cover,Primary
36,0.27274802327156067,0.2955605983734131,2,Without track or land cover,Primary
37,0.27124449610710144,0.2837284803390503,2,Without track or land cover,Primary
38,0.27119365334510803,0.29354873299598694,2,Without track or land cover,Primary
39,0.26862087845802307,0.28823816776275635,2,Without track or land cover,Primary
40,0.2711848318576813,0.29842182993888855,2,Without track or land cover,Primary
41,0.2679038643836975,0.3265235722064972,2,Without track or land cover,Primary
42,0.27029114961624146,0.3102138042449951,2,Without track or land cover,Primary
43,0.26639997959136963,0.316870778799057,2,Without track or land cover,Primary
44,0.2667332887649536,0.33610963821411133,2,Without track or land cover,Primary
45,0.2648153007030487,0.3331310749053955,2,Without track or land cover,Primary
46,0.2634930908679962,0.31794291734695435,2,Without track or land cover,Primary
47,0.2640821039676666,0.2947605550289154,2,Without track or land cover,Primary
48,0.26389357447624207,0.3100976049900055,2,Without track or land cover,Primary
49,0.2606604993343353,0.32262980937957764,2,Without track or land cover,Primary
50,0.26198333501815796,0.28288549184799194,2,Without track or land cover,Primary
1,0.5076401233673096,0.41930633783340454,0,Onset,Secondary
2,0.45286035537719727,0.3840028941631317,0,Onset,Secondary
3,0.41888585686683655,0.35742121934890747,0,Onset,Secondary
4,0.3960569500923157,0.32774654030799866,0,Onset,Secondary
5,0.37864255905151367,0.3307650685310364,0,Onset,Secondary
6,0.3667793869972229,0.30984124541282654,0,Onset,Secondary
7,0.35787856578826904,0.30979180335998535,0,Onset,Secondary
8,0.3493776023387909,0.3128509521484375,0,Onset,Secondary
9,0.3433893322944641,0.29378899931907654,0,Onset,Secondary
10,0.337490975856781,0.29796937108039856,0,Onset,Secondary
11,0.333133339881897,0.2819285988807678,0,Onset,Secondary
12,0.32919448614120483,0.2748781442642212,0,Onset,Secondary
13,0.32514500617980957,0.2906629145145416,0,Onset,Secondary
14,0.32197684049606323,0.28566721081733704,0,Onset,Secondary
15,0.3197510242462158,0.2717338502407074,0,Onset,Secondary
16,0.3160775899887085,0.28582245111465454,0,Onset,Secondary
17,0.3136448264122009,0.283134788274765,0,Onset,Secondary
18,0.3123885691165924,0.28544172644615173,0,Onset,Secondary
19,0.30906668305397034,0.2626490294933319,0,Onset,Secondary
20,0.308937132358551,0.2866785526275635,0,Onset,Secondary
21,0.30622005462646484,0.28650355339050293,0,Onset,Secondary
22,0.3049713671207428,0.28763100504875183,0,Onset,Secondary
23,0.30330318212509155,0.28718245029449463,0,Onset,Secondary
24,0.30221468210220337,0.30469438433647156,0,Onset,Secondary
25,0.3015803396701813,0.2903507649898529,0,Onset,Secondary
26,0.2996998727321625,0.3093099296092987,0,Onset,Secondary
27,0.2985638976097107,0.27334266901016235,0,Onset,Secondary
28,0.2982081174850464,0.2825625240802765,0,Onset,Secondary
29,0.29639020562171936,0.2803899943828583,0,Onset,Secondary
30,0.29640379548072815,0.27629098296165466,0,Onset,Secondary
31,0.2947036921977997,0.274657666683197,0,Onset,Secondary
32,0.2945396900177002,0.2675670087337494,0,Onset,Secondary
33,0.293861985206604,0.26369503140449524,0,Onset,Secondary
34,0.2930436134338379,0.30160465836524963,0,Onset,Secondary
35,0.2928590774536133,0.2942948043346405,0,Onset,Secondary
36,0.29227128624916077,0.3009410500526428,0,Onset,Secondary
37,0.29264405369758606,0.2859189808368683,0,Onset,Secondary
38,0.29285725951194763,0.29724568128585815,0,Onset,Secondary
39,0.2902415692806244,0.2861432433128357,0,Onset,Secondary
40,0.2900213301181793,0.2957226037979126,0,Onset,Secondary
41,0.2898145020008087,0.2747008502483368,0,Onset,Secondary
42,0.2898341417312622,0.2874892055988312,0,Onset,Secondary
43,0.2876867353916168,0.28102102875709534,0,Onset,Secondary
44,0.2882857918739319,0.2816895842552185,0,Onset,Secondary
45,0.2876316010951996,0.3024861514568329,0,Onset,Secondary
46,0.2901005446910858,0.2724795341491699,0,Onset,Secondary
47,0.28553295135498047,0.32662075757980347,0,Onset,Secondary
48,0.28746768832206726,0.30364152789115906,0,Onset,Secondary
49,0.28492602705955505,0.27487826347351074,0,Onset,Secondary
50,0.2866775393486023,0.3044336438179016,0,Onset,Secondary
1,0.5117329955101013,0.42944610118865967,1,Onset,Secondary
2,0.4608854651451111,0.383169561624527,1,Onset,Secondary
3,0.42821037769317627,0.36529433727264404,1,Onset,Secondary
4,0.4047388434410095,0.3564701974391937,1,Onset,Secondary
5,0.3872505724430084,0.3445127010345459,1,Onset,Secondary
6,0.37469884753227234,0.3225081264972687,1,Onset,Secondary
7,0.3630455434322357,0.3186894953250885,1,Onset,Secondary
8,0.354851633310318,0.3171748220920563,1,Onset,Secondary
9,0.34729158878326416,0.30930325388908386,1,Onset,Secondary
10,0.3416232764720917,0.299251526594162,1,Onset,Secondary
11,0.3363143503665924,0.31206947565078735,1,Onset,Secondary
12,0.330659955739975,0.31125742197036743,1,Onset,Secondary
13,0.32786399126052856,0.31243738532066345,1,Onset,Secondary
14,0.323451966047287,0.28352272510528564,1,Onset,Secondary
15,0.3197569251060486,0.29696160554885864,1,Onset,Secondary
16,0.3177955448627472,0.296359658241272,1,Onset,Secondary
17,0.31308263540267944,0.3133139908313751,1,Onset,Secondary
18,0.31027618050575256,0.2889449894428253,1,Onset,Secondary
19,0.30881935358047485,0.2773064076900482,1,Onset,Secondary
20,0.3072991371154785,0.3050696551799774,1,Onset,Secondary
21,0.3063114285469055,0.29331865906715393,1,Onset,Secondary
22,0.30253419280052185,0.2909396290779114,1,Onset,Secondary
23,0.3030286729335785,0.2763482332229614,1,Onset,Secondary
24,0.30197659134864807,0.2786687910556793,1,Onset,Secondary
25,0.29887792468070984,0.2766987979412079,1,Onset,Secondary
26,0.29740098118782043,0.2928803265094757,1,Onset,Secondary
27,0.2969909906387329,0.2922292649745941,1,Onset,Secondary
28,0.2969813346862793,0.30589815974235535,1,Onset,Secondary
29,0.2940610945224762,0.29222965240478516,1,Onset,Secondary
30,0.29248660802841187,0.27146509289741516,1,Onset,Secondary
31,0.29376158118247986,0.27403557300567627,1,Onset,Secondary
32,0.29180485010147095,0.28397366404533386,1,Onset,Secondary
33,0.2899388372898102,0.2977488040924072,1,Onset,Secondary
34,0.28876203298568726,0.2884781062602997,1,Onset,Secondary
35,0.287582129240036,0.30098965764045715,1,Onset,Secondary
36,0.28815948963165283,0.2854993939399719,1,Onset,Secondary
37,0.28657642006874084,0.28636446595191956,1,Onset,Secondary
38,0.2844354808330536,0.28293412923812866,1,Onset,Secondary
39,0.28561410307884216,0.29711848497390747,1,Onset,Secondary
40,0.28376612067222595,0.30480635166168213,1,Onset,Secondary
41,0.2834048271179199,0.2892104685306549,1,Onset,Secondary
42,0.2836763262748718,0.2969621419906616,1,Onset,Secondary
43,0.28272533416748047,0.3068651854991913,1,Onset,Secondary
44,0.28183212876319885,0.293924480676651,1,Onset,Secondary
45,0.2818087041378021,0.28328514099121094,1,Onset,Secondary
46,0.2804751396179199,0.30859673023223877,1,Onset,Secondary
47,0.27912411093711853,0.2823379635810852,1,Onset,Secondary
48,0.28031861782073975,0.3090209662914276,1,Onset,Secondary
49,0.27903831005096436,0.32946404814720154,1,Onset,Secondary
50,0.2776033580303192,0.31134605407714844,1,Onset,Secondary
1,0.5107312798500061,0.4277105927467346,2,Onset,Secondary
2,0.45757901668548584,0.37577614188194275,2,Onset,Secondary
3,0.4234047830104828,0.3723117709159851,2,Onset,Secondary
4,0.40068715810775757,0.35198867321014404,2,Onset,Secondary
5,0.3834790587425232,0.33962559700012207,2,Onset,Secondary
6,0.37072449922561646,0.3191072344779968,2,Onset,Secondary
7,0.3604137897491455,0.3075423538684845,2,Onset,Secondary
8,0.35136258602142334,0.31261730194091797,2,Onset,Secondary
9,0.3447329103946686,0.31591761112213135,2,Onset,Secondary
10,0.3386176824569702,0.30031245946884155,2,Onset,Secondary
11,0.33365368843078613,0.32504546642303467,2,Onset,Secondary
12,0.3290521204471588,0.29477638006210327,2,Onset,Secondary
13,0.32519808411598206,0.2848111689090729,2,Onset,Secondary
14,0.3216472268104553,0.28935450315475464,2,Onset,Secondary
15,0.32034412026405334,0.2805040776729584,2,Onset,Secondary
16,0.31614017486572266,0.27780163288116455,2,Onset,Secondary
17,0.314143568277359,0.29705673456192017,2,Onset,Secondary
18,0.31120565533638,0.310599148273468,2,Onset,Secondary
19,0.30829286575317383,0.29664143919944763,2,Onset,Secondary
20,0.30684182047843933,0.28045767545700073,2,Onset,Secondary
21,0.3050842881202698,0.2817656695842743,2,Onset,Secondary
22,0.3044329583644867,0.2796020209789276,2,Onset,Secondary
23,0.30287057161331177,0.2686634957790375,2,Onset,Secondary
24,0.30289241671562195,0.29156795144081116,2,Onset,Secondary
25,0.29883646965026855,0.29406067728996277,2,Onset,Secondary
26,0.2986905574798584,0.3025398850440979,2,Onset,Secondary
27,0.2973122298717499,0.2715492844581604,2,Onset,Secondary
28,0.296475350856781,0.2865685224533081,2,Onset,Secondary
29,0.29429981112480164,0.2863158583641052,2,Onset,Secondary
30,0.29456961154937744,0.28973183035850525,2,Onset,Secondary
31,0.2942713499069214,0.2725807726383209,2,Onset,Secondary
32,0.2926638126373291,0.2970719337463379,2,Onset,Secondary
33,0.29212522506713867,0.3166919946670532,2,Onset,Secondary
34,0.29042893648147583,0.2805618643760681,2,Onset,Secondary
35,0.2897217571735382,0.3060619533061981,2,Onset,Secondary
36,0.28941091895103455,0.28837162256240845,2,Onset,Secondary
37,0.2881021797657013,0.2741081118583679,2,Onset,Secondary
38,0.28842389583587646,0.28357598185539246,2,Onset,Secondary
39,0.28650450706481934,0.28804460167884827,2,Onset,Secondary
40,0.28724128007888794,0.2966049015522003,2,Onset,Secondary
41,0.28618189692497253,0.30340924859046936,2,Onset,Secondary
42,0.2891541123390198,0.2786698639392853,2,Onset,Secondary
43,0.2843548059463501,0.3144019544124603,2,Onset,Secondary
44,0.2858842611312866,0.3317192792892456,2,Onset,Secondary
45,0.28491535782814026,0.3349637985229492,2,Onset,Secondary
46,0.2828981280326843,0.2999103367328644,2,Onset,Secondary
47,0.28375244140625,0.284643292427063,2,Onset,Secondary
48,0.28264230489730835,0.2986219525337219,2,Onset,Secondary
49,0.2801588773727417,0.31129440665245056,2,Onset,Secondary
50,0.2827039062976837,0.27932289242744446,2,Onset,Secondary
