epoch,loss,val_loss,train_accuracy,train_cross_entropy,train_macro_f1,train_ef_mae,train_within_one,validation_accuracy,validation_cross_entropy,validation_macro_f1,validation_ef_mae,validation_within_one,run,stage,formulation,members,sampling,weighting,optimizer,learning_rate,l2,dropout
1,1.581873893737793,0.9900153875350952,0.5918678139039062,0.9431642676493533,0.3369730589708635,0.4961547247392066,0.9233229269778421,0.5755039939140357,0.9900158404686826,0.3014077134266078,0.5298592620768353,0.9128946367440092,Weighted softmax,Strategy,softmax,1,full,balanced,Adam,0.001,0.0,0.0
2,1.1699364185333252,0.9663441777229309,0.6134165841772634,0.8840106828583798,0.4365284813951202,0.4500875656742557,0.945633137896901,0.5774058577405857,0.9663452060807742,0.3184812553022905,0.5093191327500951,0.9296310384176493,Weighted softmax,Strategy,softmax,1,full,balanced,Adam,0.001,0.0,0.0
3,1.0083675384521484,1.1126255989074707,0.5538719256833929,1.025812577206997,0.3376868069959758,0.5643036625295058,0.9025355973501865,0.5192088246481552,1.1126274776382834,0.2739209597819966,0.6188664891593761,0.8870292887029289,Weighted softmax,Strategy,softmax,1,full,balanced,Adam,0.001,0.0,0.0
4,0.9149817228317261,0.9672222137451172,0.6079342115282114,0.8868372566762427,0.41267285754934385,0.458006548389553,0.9420543668621031,0.5572461011791555,0.9672217089931335,0.305649295310032,0.5218714340053252,0.9322936477748194,Weighted softmax,Strategy,softmax,1,full,balanced,Adam,0.001,0.0,0.0
5,0.8124601244926453,0.9341211915016174,0.626970227670753,0.8425796648384422,0.5120208212783983,0.42633061752836365,0.9546942815807508,0.5850133130467858,0.9341201619269667,0.312761020934281,0.48383415747432484,0.9410422213769494,Weighted softmax,Strategy,softmax,1,full,balanced,Adam,0.001,0.0,0.0
6,0.8084033131599426,0.9677804708480835,0.6113606944338689,0.8798567841717942,0.42621384509067645,0.464859514200868,0.9339830960176654,0.5762647394446557,0.9677818273699617,0.3334129457813682,0.5154050969950551,0.9216432103461392,Weighted softmax,Strategy,softmax,1,full,balanced,Adam,0.001,0.0,0.0
7,0.8385705947875977,0.9631637334823608,0.6102946775298865,0.8654283954195917,0.4517163391381886,0.45709281961471104,0.9400746211832788,0.5637124381894256,0.9631632864792785,0.31470959038773383,0.5298592620768353,0.9182198554583492,Weighted softmax,Strategy,softmax,1,full,balanced,Adam,0.001,0.0,0.0
8,0.735141932964325,1.0119881629943848,0.603670143912282,0.8919011626919995,0.4948651569748918,0.47749942891951574,0.9294905962080255,0.5557246101179155,1.0119881404327629,0.30104869628204217,0.5481171548117155,0.9106124001521491,Weighted softmax,Strategy,softmax,1,full,balanced,Adam,0.001,0.0,0.0
9,0.7006889581680298,0.9642883539199829,0.6236960328942359,0.8405056207706667,0.5443458490972923,0.4324982867585472,0.9487550445442777,0.5675161658425256,0.9642893367276095,0.3361396229966745,0.5127424876378851,0.9296310384176493,Weighted softmax,Strategy,softmax,1,full,balanced,Adam,0.001,0.0,0.0
10,0.6517907977104187,1.0591542720794678,0.5935429833244499,0.9231615390809433,0.4658154475307977,0.5108505292012487,0.9130434782608695,0.5405096995055154,1.0591574566692696,0.2903428256429266,0.5949030049448459,0.8877900342335489,Weighted softmax,Strategy,softmax,1,full,balanced,Adam,0.001,0.0,0.0
11,0.645771861076355,0.9962438941001892,0.6259803548313408,0.8499154109924184,0.5702644678222348,0.43980811695728317,0.9426635193786644,0.5614302015975656,0.9962455530273269,0.3162760026256858,0.5302396348421453,0.9186002282236592,Weighted softmax,Strategy,softmax,1,full,balanced,Adam,0.001,0.0,0.0
12,0.6179890632629395,0.9306513667106628,0.6527069214954694,0.7796983851043652,0.5827677336803656,0.4030305337698926,0.9514962308688037,0.5960441232407759,0.9306525575241001,0.3462940155949219,0.48345378470901484,0.9338151388360594,Weighted softmax,Strategy,softmax,1,full,balanced,Adam,0.001,0.0,0.0
13,0.6066139340400696,0.9965397715568542,0.6168430670829209,0.8408749874757695,0.5934782531228547,0.4487169725119927,0.9414452143455417,0.5663750475465956,0.9965411513525543,0.340757124702124,0.5256751616584252,0.9189806009889692,Weighted softmax,Strategy,softmax,1,full,balanced,Adam,0.001,0.0,0.0
14,0.6010822653770447,0.9418256282806396,0.6358790832254626,0.7871111803298892,0.608421013364091,0.40965506738749713,0.9583491966801188,0.5736021300874857,0.9418269558734651,0.32815841016203645,0.49562571319893495,0.9360973754279194,Weighted softmax,Strategy,softmax,1,full,balanced,Adam,0.001,0.0,0.0
15,0.5690959095954895,1.0220025777816772,0.6014619660397472,0.8517239756080369,0.6140523809696301,0.46371735323231555,0.9385517398918755,0.5355648535564853,1.0220021876341214,0.3150312788707276,0.5595283377710156,0.9125142639786992,Weighted softmax,Strategy,softmax,1,full,balanced,Adam,0.001,0.0,0.0
16,0.5642369389533997,0.9740215539932251,0.6428081931013477,0.7962270395819048,0.6055166014198018,0.41445214345541764,0.9486789004797076,0.5697984024343857,0.9740208551593151,0.33010613423960605,0.5096995055154051,0.9288702928870293,Weighted softmax,Strategy,softmax,1,full,balanced,Adam,0.001,0.0,0.0
17,0.5366744995117188,0.9564716219902039,0.6606259042107667,0.7567664966807418,0.600423263203793,0.3939693900860428,0.9521053833853651,0.5987067325979459,0.9564741858020744,0.3119639163568893,0.4811715481171548,0.9300114111829593,Weighted softmax,Strategy,softmax,1,full,balanced,Adam,0.001,0.0,0.0
18,0.5483776330947876,0.9467673301696777,0.6540013705931622,0.7479653957010453,0.7018208084829934,0.3861265514353156,0.9617756795857763,0.5785469760365158,0.9467690488457925,0.32003320896962034,0.4903004944845949,0.9345758843666794,Weighted softmax,Strategy,softmax,1,full,balanced,Adam,0.001,0.0,0.0
19,0.5241298079490662,1.0659440755844116,0.6116652706921496,0.846320430055753,0.6394658258516526,0.4669915480088327,0.9275108505292012,0.5488779003423355,1.0659452400462177,0.2774174370391627,0.5728413845568657,0.891213389121339,Weighted softmax,Strategy,softmax,1,full,balanced,Adam,0.001,0.0,0.0
20,0.4998631775379181,0.9532100558280945,0.6589507347902231,0.738100425742086,0.6894177880795551,0.37508566207264143,0.9677910606868194,0.5758843666793457,0.9532066522836878,0.3418634044810152,0.48231266641308485,0.9448459490300495,Weighted softmax,Strategy,softmax,1,full,balanced,Adam,0.001,0.0,0.0
21,0.5021566152572632,1.0619574785232544,0.6057260336556766,0.8342964612852601,0.6897945155987149,0.45206731135308004,0.9437295362826468,0.5233929250665652,1.0619588685828918,0.2814754841987922,0.5686572841384557,0.9117535184480792,Weighted softmax,Strategy,softmax,1,full,balanced,Adam,0.001,0.0,0.0
22,0.4744877517223358,1.006706714630127,0.6403715830351024,0.766585275613018,0.6874227122988579,0.40737074545039215,0.9546181375161806,0.5602890833016356,1.0067103797589534,0.32243517496726576,0.5230125523012552,0.9208824648155192,Weighted softmax,Strategy,softmax,1,full,balanced,Adam,0.001,0.0,0.0
23,0.46835410594940186,0.9925711154937744,0.6664889971826696,0.723874016222283,0.6957740995733873,0.3790451534302901,0.9592629254549608,0.5895777862305059,0.9925734688403527,0.29033914683894674,0.49410422213769495,0.9262076835298593,Weighted softmax,Strategy,softmax,1,full,balanced,Adam,0.001,0.0,0.0
24,0.4579192101955414,1.0044695138931274,0.6562095484656971,0.7357264796920644,0.7029174651505397,0.38841087337242064,0.9573593238407067,0.5667554203119056,1.0044686247031702,0.30903807730218247,0.5108406238113351,0.9269684290604793,Weighted softmax,Strategy,softmax,1,full,balanced,Adam,0.001,0.0,0.0
25,0.4368455111980438,1.0208104848861694,0.6753978527373791,0.7226317575552351,0.7240598555928962,0.36800426406761594,0.9624609761669078,0.5834918219855458,1.0208080032675975,0.32076274862573745,0.4880182578927349,0.9364777481932294,Weighted softmax,Strategy,softmax,1,full,balanced,Adam,0.001,0.0,0.0
26,0.5720367431640625,1.0157655477523804,0.6568948450468286,0.7649619833275065,0.581587278642027,0.4051625675778573,0.9470798751237341,0.5762647394446557,1.0157660261168036,0.3144350107047537,0.5112209965766451,0.9231647014073793,Weighted softmax,Strategy,softmax,1,full,balanced,Adam,0.001,0.0,0.0
27,0.4884515702724457,0.9716354608535767,0.6889514962308688,0.686676831241325,0.6840155540453711,0.34691235818167976,0.9675626284931089,0.5979459870673259,0.9716381334696168,0.31954453805761746,0.4709014834537847,0.9391403575503994,Weighted softmax,Strategy,softmax,1,full,balanced,Adam,0.001,0.0,0.0
28,0.4396056830883026,1.012895941734314,0.6797380644178787,0.7034115086588639,0.6277603471968756,0.35437447650955606,0.9700753826239245,0.5838721947508558,1.0128977564935138,0.31790543608679744,0.4800304298212248,0.9437048307341195,Weighted softmax,Strategy,softmax,1,full,balanced,Adam,0.001,0.0,0.0
29,0.44537079334259033,1.032515048980713,0.6744841239625371,0.717652410844462,0.6881640480176018,0.3676235437447651,0.9623848321023376,0.5697984024343857,1.0325128195089932,0.3348853517196195,0.500570559147965,0.9360973754279194,Weighted softmax,Strategy,softmax,1,full,balanced,Adam,0.001,0.0,0.0
30,0.4247848093509674,1.0642403364181519,0.640143150841392,0.7584139807842283,0.7106655233612019,0.41072108429147947,0.9511155105459529,0.5446937999239254,1.0642417540712175,0.3046602078776288,0.5500190186382655,0.9121338912133892,Weighted softmax,Strategy,softmax,1,full,balanced,Adam,0.001,0.0,0.0
31,0.39661508798599243,1.0310003757476807,0.6750932764790984,0.700028624135777,0.7537743207576155,0.3596284169648976,0.9669534759765477,0.5675161658425256,1.0309981945216111,0.31288422764870477,0.5077976416888551,0.9300114111829593,Weighted softmax,Strategy,softmax,1,full,balanced,Adam,0.001,0.0,0.0
32,0.38207441568374634,1.0530263185501099,0.6809563694510012,0.6964112145095895,0.7493728672161758,0.3495012563770654,0.972131272367319,0.5667554203119056,1.053029901401489,0.31680884140752186,0.49410422213769495,0.9433244579688095,Weighted softmax,Strategy,softmax,1,full,balanced,Adam,0.001,0.0,0.0
33,0.3754327595233917,1.1254040002822876,0.6558288281428463,0.7392788377076753,0.7439397924059074,0.3906951953095256,0.9553795781618822,0.5386078356789654,1.1254053158138309,0.30238022171772266,0.5530620007607455,0.9140357550399392,Weighted softmax,Strategy,softmax,1,full,balanced,Adam,0.001,0.0,0.0
34,0.371914267539978,1.0773372650146484,0.6752455646082388,0.6954483636475135,0.7536916422560161,0.3650346455493794,0.962080255844057,0.5637124381894256,1.0773354856587034,0.30161908943487187,0.5230125523012552,0.9201217192848992,Weighted softmax,Strategy,softmax,1,full,balanced,Adam,0.001,0.0,0.0
35,0.37187838554382324,1.0481853485107422,0.7053224701134546,0.6435089099984053,0.7950006852136545,0.32163252874438436,0.9745678824335643,0.5895777862305059,1.0481839493244993,0.3219766831602122,0.47280334728033474,0.9421833396728794,Weighted softmax,Strategy,softmax,1,full,balanced,Adam,0.001,0.0,0.0
36,0.35863035917282104,1.105380892753601,0.6847635726795096,0.6799671285204727,0.785518856319349,0.3485875276022234,0.9674103403639687,0.5606694560669456,1.1053806966794144,0.30502035291680096,0.5104602510460251,0.9315329022441993,Weighted softmax,Strategy,softmax,1,full,balanced,Adam,0.001,0.0,0.0
37,0.34786829352378845,1.052988886833191,0.7161349272824183,0.6268804637912302,0.8051132309396696,0.30655600395949134,0.9782227975329323,0.5819703309243058,1.0529913411195233,0.31259401908254253,0.4785089387599848,0.9440852034994295,Weighted softmax,Strategy,softmax,1,full,balanced,Adam,0.001,0.0,0.0
38,0.35021674633026123,1.1310958862304688,0.6895606487474302,0.6697931794808124,0.772329139942873,0.3426482905657504,0.9703799588822052,0.5713198934956257,1.131093753558073,0.30948098070385327,0.5077976416888551,0.9296310384176493,Weighted softmax,Strategy,softmax,1,full,balanced,Adam,0.001,0.0,0.0
39,0.3456565737724304,1.1989431381225586,0.6929871316530877,0.7084857825343575,0.7249386303985249,0.34691235818167976,0.9645168659103023,0.5694180296690757,1.1989425660287263,0.3228763524349019,0.5135032331685051,0.9258273107645493,Weighted softmax,Strategy,softmax,1,full,balanced,Adam,0.001,0.0,0.0
40,0.44398969411849976,1.0896022319793701,0.6939008604279296,0.661086286062103,0.6793533087221425,0.34066854488692605,0.9683240691388106,0.5930011411182959,1.0896035752004405,0.31589015373634105,0.48687713959680484,0.9277291745910993,Weighted softmax,Strategy,softmax,1,full,balanced,Adam,0.001,0.0,0.0
41,0.4666461944580078,1.1444666385650635,0.6714383613797305,0.7140826276368375,0.7119819729257243,0.3717353232315541,0.9596436457778116,0.5481171548117155,1.1444669451065541,0.30837948509826507,0.5317611259033853,0.9265880562951693,Weighted softmax,Strategy,softmax,1,full,balanced,Adam,0.001,0.0,0.0
42,0.44967934489250183,1.1489195823669434,0.6975557755272976,0.6814223756151184,0.7016174468477402,0.3467600700525394,0.9614711033274956,0.5720806390262457,1.148920204241463,0.32398504549187707,0.5157854697603652,0.9235450741726893,Weighted softmax,Strategy,softmax,1,full,balanced,Adam,0.001,0.0,0.0
43,0.3425252139568329,1.2280632257461548,0.6482905657503998,0.7613862368210936,0.7706585372817177,0.3996040508642351,0.9533998324830579,0.5241536705971852,1.2280631532968045,0.27906809555420103,0.5595283377710156,0.9193609737542792,Weighted softmax,Strategy,softmax,1,full,balanced,Adam,0.001,0.0,0.0
44,0.32558220624923706,1.1971324682235718,0.6845351404857991,0.6932257499821486,0.769429317386443,0.3619127389020026,0.9570547475824259,0.5564853556485355,1.197132197183072,0.2802317445623001,0.5351844807911753,0.9170787371624192,Weighted softmax,Strategy,softmax,1,full,balanced,Adam,0.001,0.0,0.0
45,0.31627213954925537,1.0976580381393433,0.7216934439960405,0.5980901518486592,0.8237317417903546,0.29939846188989566,0.9792126703723445,0.5910992772917459,1.0976582563076178,0.2952199605915445,0.4773678204640548,0.9345758843666794,Weighted softmax,Strategy,softmax,1,full,balanced,Adam,0.001,0.0,0.0
46,0.3170650005340576,1.138448715209961,0.7217695880606106,0.6053533369233502,0.8162219980862556,0.30130206350414984,0.9773852128226604,0.5838721947508558,1.138448930645135,0.3120652615683928,0.4792696842906048,0.9410422213769494,Weighted softmax,Strategy,softmax,1,full,balanced,Adam,0.001,0.0,0.0
47,0.3096267282962799,1.106540560722351,0.7353232315541004,0.5834000699375247,0.830483285597342,0.283560496459301,0.9824868651488616,0.5910992772917459,1.106540562618098,0.29629593701950835,0.46443514644351463,0.9494104222137695,Weighted softmax,Strategy,softmax,1,full,balanced,Adam,0.001,0.0,0.0
48,0.29747408628463745,1.1371437311172485,0.7293839945176274,0.5852407114492482,0.83854075508725,0.289499733495774,0.9815731363740197,0.5907189045264359,1.137146017727094,0.30519223006747453,0.46443514644351463,0.9471281856219095,Weighted softmax,Strategy,softmax,1,full,balanced,Adam,0.001,0.0,0.0
49,0.29545164108276367,1.174455165863037,0.7221503083834615,0.6028762088613006,0.818760650575503,0.3019112160207112,0.9765476281123886,0.5796880943324458,1.1744524538665078,0.2937478836355055,0.4880182578927349,0.9360973754279194,Weighted softmax,Strategy,softmax,1,full,balanced,Adam,0.001,0.0,0.0
50,0.2909837067127228,1.1919856071472168,0.7218457321251809,0.6084566651367281,0.8246265728107597,0.305033122668088,0.9738825858524328,0.5747432483834157,1.1919861494980077,0.2955612694345275,0.497907949790795,0.9319132750095093,Weighted softmax,Strategy,softmax,1,full,balanced,Adam,0.001,0.0,0.0
1,0.23208799958229065,0.22483479976654053,0.48953019112160207,1.1386745395999833,0.1460267469309801,0.6505748876875047,0.8822812761745222,0.505135032331685,1.1380169400185873,0.12672693159733014,0.6394066184861164,0.8767592240395587,Single ordinal,Strategy,ordinal,1,full,none,Adam,0.001,0.0,0.0
2,0.21326443552970886,0.2123829573392868,0.5004949364197061,1.0280353496250973,0.19574176939169452,0.6103708215944567,0.9012411482524937,0.5165462152909852,1.0358959903224882,0.18087347570282475,0.605173069608216,0.891593761886649,Single ordinal,Strategy,ordinal,1,full,none,Adam,0.001,0.0,0.0
3,0.2022058367729187,0.20646721124649048,0.5142770121069062,0.9616489053131198,0.2400534442053266,0.5750399756338993,0.9182974187162111,0.5279573982502853,0.9842864883691548,0.216266527168493,0.5758843666793457,0.9060479269684291,Single ordinal,Strategy,ordinal,1,full,none,Adam,0.001,0.0,0.0
4,0.19200675189495087,0.1994442492723465,0.5365872230259652,0.910233284950594,0.284190139612069,0.5267646386964137,0.9398461889895683,0.5450741726892354,0.9450116884022054,0.23127058564661027,0.5378470901483454,0.9227843286420693,Single ordinal,Strategy,ordinal,1,full,none,Adam,0.001,0.0,0.0
5,0.18345987796783447,0.19349685311317444,0.5563085357496383,0.8718160486395194,0.3266200869425509,0.49531714002893473,0.9509632224168126,0.5602890833016356,0.9218853444449252,0.25589443856473876,0.5119817421072651,0.9311525294788893,Single ordinal,Strategy,ordinal,1,full,none,Adam,0.001,0.0,0.0
6,0.17570622265338898,0.18882934749126434,0.5828828142846265,0.8325089520033614,0.2981049701742735,0.4559506586461585,0.9626894083606183,0.5857740585774058,0.8909799231718081,0.27608764094411886,0.47356409281095474,0.9437048307341195,Single ordinal,Strategy,ordinal,1,full,none,Adam,0.001,0.0,0.0
7,0.16905833780765533,0.1862286776304245,0.5816645092515038,0.8088869032742967,0.28217802146205134,0.458006548389553,0.9619279677149166,0.5815899581589958,0.8808115219199808,0.25784621313516765,0.4811715481171548,0.9414225941422594,Single ordinal,Strategy,ordinal,1,full,none,Adam,0.001,0.0,0.0
8,0.16272838413715363,0.18329064548015594,0.6543820909160131,0.7654302854364279,0.43665251081508893,0.3654153658722303,0.9802786872763268,0.6150627615062761,0.8571663413281537,0.3075844322616207,0.4241156333206542,0.9623430962343096,Single ordinal,Strategy,ordinal,1,full,none,Adam,0.001,0.0,0.0
9,0.1574590504169464,0.1815422624349594,0.6674788700220817,0.7403875864782208,0.48515881569367725,0.3502626970227671,0.982639153278002,0.6321795359452264,0.8485431695969594,0.34613034855530417,0.40623811335108406,0.9631038417649296,Single ordinal,Strategy,ordinal,1,full,none,Adam,0.001,0.0,0.0
10,0.15305140614509583,0.17957265675067902,0.700906114368385,0.7141155592093369,0.49246980299119275,0.3119622325439732,0.9872839412167822,0.6306580448839864,0.8353771655006866,0.3585073755780596,0.400912894636744,0.9688094332445797,Single ordinal,Strategy,ordinal,1,full,none,Adam,0.001,0.0,0.0
11,0.1487109512090683,0.18131661415100098,0.7023528515952181,0.6955399495561855,0.47099340373056836,0.30998248686514884,0.9877408056042032,0.6314187904146064,0.8437058472643161,0.3194532531072218,0.403195131228604,0.9669075694180297,Single ordinal,Strategy,ordinal,1,full,none,Adam,0.001,0.0,0.0
12,0.14458321034908295,0.17812694609165192,0.7152973425721465,0.6716991591550734,0.49921071289963526,0.2956674027259575,0.9891113987664661,0.6295169265880562,0.8279957929367429,0.359130153333763,0.401293267402054,0.9703309243058197,Single ordinal,Strategy,ordinal,1,full,none,Adam,0.001,0.0,0.0
13,0.1408337950706482,0.18397453427314758,0.7335719180689865,0.6590043446534325,0.539313799334863,0.27335719180689866,0.993147034188685,0.6238113351084063,0.8464098359242104,0.3433627824755206,0.40547736782046406,0.9722327881323697,Single ordinal,Strategy,ordinal,1,full,none,Adam,0.001,0.0,0.0
14,0.1371634155511856,0.17905095219612122,0.7488007309830199,0.6380544954918362,0.5300915840256187,0.2574430823117338,0.9937561867052463,0.6344617725370864,0.8256914304686755,0.35421734123637477,0.39482693039178396,0.9718524153670597,Single ordinal,Strategy,ordinal,1,full,none,Adam,0.001,0.0,0.0
15,0.13288432359695435,0.1819233000278473,0.7406533160740121,0.6212440165750365,0.527658795624015,0.2658189294144521,0.993603898576106,0.6302776721186764,0.841770101600391,0.31693790876982625,0.400152149106124,0.9707112970711297,Single ordinal,Strategy,ordinal,1,full,none,Adam,0.001,0.0,0.0
16,0.1300588697195053,0.1824149340391159,0.7500951800807127,0.6026985706699922,0.4959224337347976,0.2551587603746288,0.9947460595446584,0.6352225180677064,0.8436328647348385,0.31139183143186006,0.3929250665652339,0.9729935336629897,Single ordinal,Strategy,ordinal,1,full,none,Adam,0.001,0.0,0.0
17,0.12660281360149384,0.1918782889842987,0.7474301378207568,0.5953532428150788,0.5545341466282284,0.2587375314094266,0.9938323307698165,0.6226702168124763,0.8833841925427474,0.3291668496308824,0.4111829593001141,0.9672879421833397,Single ordinal,Strategy,ordinal,1,full,none,Adam,0.001,0.0,0.0
18,0.12394513934850693,0.18739502131938934,0.7509327647909846,0.5864503466764013,0.42865559987558927,0.25614863321404097,0.9929186019949745,0.6158235070368961,0.8652381310582994,0.28143678120605037,0.41917078737162417,0.9657664511220997,Single ordinal,Strategy,ordinal,1,full,none,Adam,0.001,0.0,0.0
19,0.12083332240581512,0.19085155427455902,0.7707302215792279,0.5608230783049908,0.574880888489337,0.23322926977842076,0.9960405086423513,0.6272346899961962,0.876070721814821,0.3281642235100019,0.40433624952453406,0.9699505515405097,Single ordinal,Strategy,ordinal,1,full,none,Adam,0.001,0.0,0.0
20,0.11750328540802002,0.1915431171655655,0.7778877636488236,0.5577261072259967,0.5123700776305007,0.2258432955151146,0.9962689408360619,0.6181057436287561,0.8819773939413951,0.28881940734773404,0.4127044503613541,0.9695701787751997,Single ordinal,Strategy,ordinal,1,full,none,Adam,0.001,0.0,0.0
21,0.11485578119754791,0.19658097624778748,0.7882433564303662,0.5387537560681835,0.5887455461976744,0.21419325363587907,0.9975633899337547,0.6211487257512363,0.900178154842474,0.3004896571608066,0.4096614682388741,0.9699505515405097,Single ordinal,Strategy,ordinal,1,full,none,Adam,0.001,0.0,0.0
22,0.1119343563914299,0.19648979604244232,0.8013401355364349,0.513126487571084,0.6105084996834664,0.20102033046524023,0.9976395339983248,0.6177253708634461,0.9047801460174066,0.28869844913726106,0.4104222137694941,0.9729935336629897,Single ordinal,Strategy,ordinal,1,full,none,Adam,0.001,0.0,0.0
23,0.10954533517360687,0.20834684371948242,0.7819995431356126,0.5271418761750245,0.5307645657938269,0.22157922789918527,0.9964212289652021,0.6249524534043363,0.9550430991995483,0.29247010862173545,0.4127044503613541,0.9646253328261697,Single ordinal,Strategy,ordinal,1,full,none,Adam,0.001,0.0,0.0
24,0.1067294031381607,0.21103952825069427,0.8055280590877941,0.4998669036765001,0.5902793004846508,0.19728927130130205,0.9971826696109038,0.6177253708634461,0.9586500021735759,0.3519115594745034,0.41802966907569417,0.9653860783567897,Single ordinal,Strategy,ordinal,1,full,none,Adam,0.001,0.0,0.0
25,0.10525772720575333,0.21002015471458435,0.8111627198659864,0.47748100364404555,0.5892697036529985,0.19081702581283788,0.9980202543211757,0.6177253708634461,0.960631422797783,0.3274964720495352,0.41650817801445417,0.9669075694180297,Single ordinal,Strategy,ordinal,1,full,none,Adam,0.001,0.0,0.0
26,0.10118081420660019,0.21616105735301971,0.8148937790299247,0.47205912252792614,0.6379431126342258,0.1868575344551892,0.9982486865148862,0.6158235070368961,0.9828091966805914,0.3458028671279391,0.4218333967287942,0.9638645872955497,Single ordinal,Strategy,ordinal,1,full,none,Adam,0.001,0.0,0.0
27,0.09925582259893417,0.22458212077617645,0.8134470418030915,0.46188575245675945,0.6259272113108535,0.18860884794030305,0.9979441102566055,0.6097375427919361,1.0235202502398797,0.2825504549682349,0.42829973373906427,0.9631038417649296,Single ordinal,Strategy,ordinal,1,full,none,Adam,0.001,0.0,0.0
28,0.09782958030700684,0.21797098219394684,0.8327876342039138,0.44889040711030187,0.6423081819875541,0.1681260945709282,0.999086271225158,0.6097375427919361,0.9917601375338384,0.3248700316787542,0.42639786991251427,0.9653860783567897,Single ordinal,Strategy,ordinal,1,full,none,Adam,0.001,0.0,0.0
29,0.09478320926427841,0.22440244257450104,0.8396406000152288,0.42974231327573237,0.6770007293143522,0.1612731287596132,0.999086271225158,0.604792696842906,1.0191736350180205,0.34098465765931624,0.4313427158615443,0.9661468238874097,Single ordinal,Strategy,ordinal,1,full,none,Adam,0.001,0.0,0.0
30,0.09402473270893097,0.2386920303106308,0.8142846265133633,0.44321796979523864,0.6346446681277518,0.1871621107134699,0.9985532627731668,0.6143020159756561,1.0846923486547,0.3125750833267265,0.4241156333206542,0.9631038417649296,Single ordinal,Strategy,ordinal,1,full,none,Adam,0.001,0.0,0.0
31,0.09023238718509674,0.2358705997467041,0.8432193710500266,0.41445389641793556,0.6843647117336333,0.15799893398309603,0.9987816949668773,0.6101179155572461,1.073418421217677,0.3090547656338026,0.42639786991251427,0.9650057055914797,Single ordinal,Strategy,ordinal,1,full,none,Adam,0.001,0.0,0.0
32,0.08756193518638611,0.2499302327632904,0.8426863625980355,0.4123878297432125,0.6817346936649278,0.15792278991852585,0.9993908474834386,0.604031951312286,1.1284084962484286,0.29752915784190054,0.4347660707493343,0.9631038417649296,Single ordinal,Strategy,ordinal,1,full,none,Adam,0.001,0.0,0.0
33,0.0851585865020752,0.25136688351631165,0.8624838193862788,0.38093314625762337,0.6800037167637139,0.13827762125942283,0.9992385593542983,0.5987067325979459,1.1380714916942367,0.2817483496038382,0.4423735260555344,0.9604412324077596,Single ordinal,Strategy,ordinal,1,full,none,Adam,0.001,0.0,0.0
34,0.08323057740926743,0.2535592019557953,0.857077590801797,0.3803452820576067,0.6414986592617243,0.14353156171476433,0.9993908474834386,0.606694560669456,1.1477121378445798,0.3028138335555346,0.4332445796880943,0.9608216051730696,Single ordinal,Strategy,ordinal,1,full,none,Adam,0.001,0.0,0.0
35,0.08195982128381729,0.2521439492702484,0.8647681413233839,0.3742601536534745,0.6963460708474626,0.13584101119317749,0.9993908474834386,0.605553442373526,1.1413298858537768,0.28932589107704726,0.4313427158615443,0.9646253328261697,Single ordinal,Strategy,ordinal,1,full,none,Adam,0.001,0.0,0.0
36,0.0809612050652504,0.2578152120113373,0.8542602604127009,0.3781717323041453,0.6431060561865114,0.146577324297571,0.9991624152897282,0.607074933434766,1.1661651998346383,0.28303450513512357,0.4309623430962343,0.9634842145302396,Single ordinal,Strategy,ordinal,1,full,none,Adam,0.001,0.0,0.0
37,0.07814215123653412,0.26299014687538147,0.8586766161577705,0.37266710182738993,0.7047887044910208,0.14193253635879083,0.9993908474834386,0.599847850893876,1.189984750853543,0.3041060338722383,0.4423735260555344,0.9596804868771396,Single ordinal,Strategy,ordinal,1,full,none,Adam,0.001,0.0,0.0
38,0.07694824039936066,0.2720853090286255,0.8784740729460139,0.3438701864919428,0.6963033961838149,0.12213507957054748,0.9994669915480089,0.6120197793837961,1.2242224105615302,0.31554065311680196,0.4302015975656143,0.9600608596424496,Single ordinal,Strategy,ordinal,1,full,none,Adam,0.001,0.0,0.0
39,0.07464134693145752,0.2735802233219147,0.8834234371430747,0.34081519471452637,0.7308186609671438,0.11688113911520596,0.9996954237417194,0.5975656143020159,1.2300358516238221,0.3103195268436543,0.4454165081780145,0.9593001141118296,Single ordinal,Strategy,ordinal,1,full,none,Adam,0.001,0.0,0.0
40,0.0735282450914383,0.28242695331573486,0.8789309373334349,0.3317574872879512,0.7151384375692147,0.12129749486027565,0.9997715678062895,0.599847850893876,1.2713127103008595,0.31017216279422427,0.4473183720045645,0.9554963864587296,Single ordinal,Strategy,ordinal,1,full,none,Adam,0.001,0.0,0.0
41,0.07082481682300568,0.28607383370399475,0.887687504759004,0.32147593990664114,0.65311998422386,0.11299779182212746,0.9993147034188685,0.608596424496006,1.2846788033369734,0.2832752452332616,0.4347660707493343,0.9577786230505896,Single ordinal,Strategy,ordinal,1,full,none,Adam,0.001,0.0,0.0
42,0.06929323077201843,0.2921909987926483,0.884489454047057,0.3200932086833255,0.7177356334490508,0.11604355440493413,0.9994669915480089,0.5949030049448459,1.3164787018806403,0.30236207944720356,0.45150247242297453,0.9554963864587296,Single ordinal,Strategy,ordinal,1,full,none,Adam,0.001,0.0,0.0
43,0.0680592730641365,0.2938879132270813,0.8915708520520825,0.314546573739333,0.758954457431566,0.10865758014162796,0.9997715678062895,0.5949030049448459,1.3185391940441122,0.3081410855977655,0.45302396348421453,0.9539748953974896,Single ordinal,Strategy,ordinal,1,full,none,Adam,0.001,0.0,0.0
44,0.06703902035951614,0.2960388660430908,0.8984238178633975,0.2970707396690948,0.7490607966506936,0.10180461433031295,0.9997715678062895,0.5983263598326359,1.3296661616199281,0.2889145040861237,0.4484594903004945,0.9547356409281096,Single ordinal,Strategy,ordinal,1,full,none,Adam,0.001,0.0,0.0
45,0.06331948935985565,0.31345394253730774,0.9046676311581512,0.28574913754392456,0.7568666606820234,0.09556080103555928,0.9997715678062895,0.5872955496386458,1.408117346011336,0.32797042976858287,0.46177253708634464,0.9532141498668696,Single ordinal,Strategy,ordinal,1,full,none,Adam,0.001,0.0,0.0
46,0.06325627118349075,0.3088204860687256,0.9074849615472473,0.28239094975249485,0.7236725559694709,0.09266732658189294,0.9998477118708596,0.5964244960060859,1.3904983568799194,0.2848279812262518,0.45188284518828453,0.9535945226321796,Single ordinal,Strategy,ordinal,1,full,none,Adam,0.001,0.0,0.0
47,0.061217375099658966,0.3240940272808075,0.9090839869032209,0.2737893363631417,0.7606958320670157,0.09114444529048961,0.9997715678062895,0.5865348041080258,1.4527377179584249,0.30989965065712444,0.46443514644351463,0.9509319132750095,Single ordinal,Strategy,ordinal,1,full,none,Adam,0.001,0.0,0.0
48,0.060037657618522644,0.3361397683620453,0.9032208939313181,0.28379332671819635,0.7584080367627871,0.09723597045610295,0.999543135612579,0.5857740585774058,1.5089321261929018,0.29387621418645277,0.46177253708634464,0.9547356409281096,Single ordinal,Strategy,ordinal,1,full,none,Adam,0.001,0.0,0.0
49,0.05875421687960625,0.3336711525917053,0.9110637325820452,0.2658943671023304,0.7921417581710518,0.08901241148252494,0.9999238559354299,0.5914796500570559,1.4936833287295148,0.31562016263198006,0.4606314187904146,0.9497907949790795,Single ordinal,Strategy,ordinal,1,full,none,Adam,0.001,0.0,0.0
50,0.05803639441728592,0.3398250341415405,0.915556232391685,0.2625788228355031,0.7992207124239098,0.0845199116728851,0.9999238559354299,0.5796880943324458,1.5187204793364695,0.276773153961417,0.47280334728033474,0.9490300494484595,Single ordinal,Strategy,ordinal,1,full,none,Adam,0.001,0.0,0.0
1,0.232656329870224,0.2233220338821411,0.48975862331531256,1.1120908602018904,0.14059093683554857,0.6476814132338384,0.8834995812076448,0.5055154050969951,1.1110162323605697,0.1285382294083488,0.6428299733739065,0.8752377329783187,Full ordinal ensemble,Strategy,ordinal,3,full,none,Adam,0.001,0.0,0.0
2,0.213493083914121,0.21376270055770874,0.5000380720322851,1.0279042688778495,0.19965776056722004,0.6126551435315617,0.8999466991548009,0.5154050969950551,1.0384573223440705,0.18748912351299687,0.6108786610878661,0.8877900342335489,Full ordinal ensemble,Strategy,ordinal,3,full,none,Adam,0.001,0.0,0.0
3,0.20222422977288565,0.20560328662395477,0.5107743851366786,0.9676814935837221,0.23862419522662434,0.5848625599634508,0.9133480545191502,0.5249144161278052,0.9898550299249171,0.20874812623203598,0.5827310764549258,0.9026245720806391,Full ordinal ensemble,Strategy,ordinal,3,full,none,Adam,0.001,0.0,0.0
4,0.1920169691244761,0.20085041721661887,0.5300388334729308,0.9112207069232054,0.2751131738171112,0.5390999771567806,0.9350491129216477,0.5386078356789654,0.9461569859638551,0.23196796013954243,0.5465956637504754,0.9208824648155192,Full ordinal ensemble,Strategy,ordinal,3,full,none,Adam,0.001,0.0,0.0
5,0.18355538447697958,0.19439161320527396,0.5533389172314018,0.8647225632915857,0.30130247408385663,0.4974491738368994,0.9516485189979441,0.5602890833016356,0.9104860904174736,0.25615511643093164,0.5119817421072651,0.9315329022441993,Full ordinal ensemble,Strategy,ordinal,3,full,none,Adam,0.001,0.0,0.0
6,0.1758799652258555,0.189190740386645,0.5709281961471103,0.8296624273923895,0.33084683046556496,0.47064646310820074,0.9599482220360923,0.5800684670977558,0.8894582158421879,0.27079180494997196,0.48193229364777485,0.9410422213769494,Full ordinal ensemble,Strategy,ordinal,3,full,none,Adam,0.001,0.0,0.0
7,0.16909328599770865,0.18557491401831308,0.5987969237797913,0.7955951341256512,0.370643074065323,0.4344780324373715,0.9679433488159598,0.5956637504754659,0.8672383482685123,0.27997736988142435,0.4575884366679346,0.9497907949790795,Full ordinal ensemble,Strategy,ordinal,3,full,none,Adam,0.001,0.0,0.0
8,0.16297033925851187,0.18291488786538443,0.6530114977537501,0.7609674345407044,0.43744646014599514,0.3667098149699231,0.9805832635346075,0.6154431342715861,0.8473818876853006,0.3408138644775016,0.4241156333206542,0.9619627234689996,Full ordinal ensemble,Strategy,ordinal,3,full,none,Adam,0.001,0.0,0.0
9,0.1573645919561386,0.18050057689348856,0.6686971750552044,0.733992512891959,0.4250498938079941,0.3479022310210919,0.9837051701819843,0.6219094712818563,0.835542757395356,0.3421893741179456,0.41460631418790417,0.9646253328261697,Full ordinal ensemble,Strategy,ordinal,3,full,none,Adam,0.001,0.0,0.0
10,0.15261074900627136,0.18044430514176688,0.7074545039214193,0.7078093542328531,0.46978181496667676,0.303662529505825,0.9888829665727557,0.6352225180677064,0.8272434695362304,0.3556197283229599,0.39710916698364396,0.9684290604792697,Full ordinal ensemble,Strategy,ordinal,3,full,none,Adam,0.001,0.0,0.0
11,0.14816021919250488,0.18010825415452322,0.710043402116805,0.6842182126641718,0.47021601244993155,0.30084519911672886,0.9892636868956065,0.6375047546595664,0.826282067617183,0.35394383997570583,0.39520730315709396,0.9684290604792697,Full ordinal ensemble,Strategy,ordinal,3,full,none,Adam,0.001,0.0,0.0
12,0.14370125532150269,0.1794645537932714,0.7198659864463565,0.6634211872499794,0.4651588939319664,0.28889058097921266,0.9913195766390009,0.6344617725370864,0.8159007391181434,0.3384157461855728,0.39825028527957396,0.9688094332445797,Full ordinal ensemble,Strategy,ordinal,3,full,none,Adam,0.001,0.0,0.0
13,0.14009580512841543,0.18141353130340576,0.7405771720094418,0.6413299253811694,0.5433207223323601,0.2656666412853118,0.9937561867052463,0.6394066184861164,0.8159661314010742,0.3489467026993361,0.3891213389121339,0.9726131608976797,Full ordinal ensemble,Strategy,ordinal,3,full,none,Adam,0.001,0.0,0.0
14,0.13611392676830292,0.17973301808039346,0.7574811543440189,0.6231914442801428,0.4960617418994218,0.24815350643417344,0.9943653392218077,0.6443514644351465,0.8100480219622658,0.3438708669317487,0.38493723849372385,0.9718524153670597,Full ordinal ensemble,Strategy,ordinal,3,full,none,Adam,0.001,0.0,0.0
15,0.13215282062689462,0.1840676615635554,0.7686743318358334,0.6061249553923329,0.5376785134267782,0.23543744765095562,0.995888220513211,0.6397869912514264,0.816220551689603,0.3252716190842529,0.38607835678965385,0.9752757702548498,Full ordinal ensemble,Strategy,ordinal,3,full,none,Adam,0.001,0.0,0.0
16,0.12871622542540231,0.18424135943253836,0.76715145054443,0.5870160511636163,0.4881844039028549,0.2374933373943501,0.9953552120612198,0.6367440091289464,0.8190516340617011,0.3145526281380878,0.3921643210346139,0.9726131608976797,Full ordinal ensemble,Strategy,ordinal,3,full,none,Adam,0.001,0.0,0.0
17,0.12570205330848694,0.18765613933404288,0.7784207721008147,0.5699323518952117,0.5943619895643003,0.22576715145054443,0.9958120764486408,0.6375047546595664,0.8232157219544721,0.34369360390590886,0.3921643210346139,0.9710916698364397,Full ordinal ensemble,Strategy,ordinal,3,full,none,Adam,0.001,0.0,0.0
18,0.12258998304605484,0.18828853964805603,0.7784207721008147,0.5576652811068297,0.5164799862423733,0.2258432955151146,0.9957359323840707,0.6340813997717764,0.8249435649084377,0.3410255332455913,0.39672879421833396,0.9703309243058197,Full ordinal ensemble,Strategy,ordinal,3,full,none,Adam,0.001,0.0,0.0
19,0.11955909927686055,0.19166445235411325,0.8097159826391532,0.5430733367295446,0.6191342811237925,0.19264448336252188,0.9976395339983248,0.6306580448839864,0.8247740985754559,0.34960064414403846,0.39710916698364396,0.9733739064282997,Full ordinal ensemble,Strategy,ordinal,3,full,none,Adam,0.001,0.0,0.0
20,0.11620936542749405,0.19191624720891318,0.8081169572831798,0.5273800848700407,0.5251358258725697,0.19500494936419707,0.9968780933526231,0.6367440091289464,0.826126628022186,0.30694636168900385,0.3917839482693039,0.9729935336629897,Full ordinal ensemble,Strategy,ordinal,3,full,none,Adam,0.001,0.0,0.0
21,0.1139228492975235,0.1973305344581604,0.8167973806441788,0.5072553810662366,0.5951965078832694,0.18495393284093506,0.9982486865148862,0.6348421453023964,0.8392999811809774,0.34585826578381634,0.39368581209585396,0.9722327881323697,Full ordinal ensemble,Strategy,ordinal,3,full,none,Adam,0.001,0.0,0.0
22,0.11048178126414616,0.19569633404413858,0.8321023376227823,0.49107308585424725,0.644233059292739,0.16957283179776136,0.9983248305794563,0.6317991631799164,0.8327653846363062,0.31185802608371693,0.39368581209585396,0.9756561430201598,Full ordinal ensemble,Strategy,ordinal,3,full,none,Adam,0.001,0.0,0.0
23,0.10827140013376872,0.20439242323239645,0.8233457701972131,0.4848313620704075,0.6166635926005809,0.17871011954618138,0.9979441102566055,0.6348421453023964,0.8475559610597595,0.31331438281990137,0.39368581209585396,0.9729935336629897,Full ordinal ensemble,Strategy,ordinal,3,full,none,Adam,0.001,0.0,0.0
24,0.10541374981403351,0.2096343139807383,0.8399451762735095,0.4647935380077857,0.6222864293447696,0.16134927282418335,0.9987055509023072,0.6245720806390263,0.8648057419821855,0.34153340784178443,0.40509699505515406,0.9718524153670597,Full ordinal ensemble,Strategy,ordinal,3,full,none,Adam,0.001,0.0,0.0
25,0.10338302205006282,0.20824369291464487,0.8428386507271758,0.45294549162343467,0.6514326769226503,0.1585319424350872,0.998629406837737,0.6310384176492964,0.8594128813674994,0.306990782058078,0.39786991251426396,0.9729935336629897,Full ordinal ensemble,Strategy,ordinal,3,full,none,Adam,0.001,0.0,0.0
26,0.10004221896330516,0.2138998955488205,0.8555547095103937,0.4386387436623678,0.6674139760844643,0.14558745145815882,0.9988578390314475,0.6295169265880562,0.8672939855587403,0.3183861642916769,0.39825028527957396,0.9733739064282997,Full ordinal ensemble,Strategy,ordinal,3,full,none,Adam,0.001,0.0,0.0
27,0.09847771873076756,0.219611590107282,0.8555547095103937,0.4292854967586121,0.6750545034706605,0.14551130739358867,0.9989339830960177,0.6279954355268162,0.8772148022895658,0.31175525330505166,0.403195131228604,0.9703309243058197,Full ordinal ensemble,Strategy,ordinal,3,full,none,Adam,0.001,0.0,0.0
28,0.09594749410947163,0.21940837800502777,0.8706312342952867,0.41770236941446776,0.6676951693793806,0.13020635041498516,0.9991624152897282,0.6245720806390263,0.8765285490110705,0.3374666185066449,0.401293267402054,0.9752757702548498,Full ordinal ensemble,Strategy,ordinal,3,full,none,Adam,0.001,0.0,0.0
29,0.09380192557970683,0.22330744564533234,0.8734485646843828,0.400855189210523,0.7010297468115514,0.12731287596131882,0.9992385593542983,0.6253328261696462,0.8907305899395166,0.3115243319901541,0.403575503993914,0.9726131608976797,Full ordinal ensemble,Strategy,ordinal,3,full,none,Adam,0.001,0.0,0.0
30,0.09164441376924515,0.23143781224886575,0.8757328866214878,0.39496313168484676,0.6926446142512974,0.12487626589507347,0.9993908474834386,0.6207683529859263,0.9009132043053376,0.3252421431088333,0.4092810954735641,0.9718524153670597,Full ordinal ensemble,Strategy,ordinal,3,full,none,Adam,0.001,0.0,0.0
31,0.08881514519453049,0.23496251304944357,0.8814436914642504,0.38502097980306815,0.6732572147471747,0.1190893169877408,0.9994669915480089,0.6196272346899961,0.9048322878546894,0.31476174594768047,0.4096614682388741,0.9722327881323697,Full ordinal ensemble,Strategy,ordinal,3,full,none,Adam,0.001,0.0,0.0
32,0.08654050529003143,0.24303888281186423,0.8860884794030305,0.3768023730074949,0.7246493799675103,0.11421609685525014,0.9996954237417194,0.6264739444655762,0.9235114103761546,0.33538015448207553,0.403195131228604,0.9722327881323697,Full ordinal ensemble,Strategy,ordinal,3,full,none,Adam,0.001,0.0,0.0
33,0.08492503315210342,0.2433965504169464,0.8940836061828981,0.36241284999962675,0.7067807660467437,0.10652554633366329,0.9993908474834386,0.6211487257512363,0.9236902972322968,0.3299932833462018,0.40661848611639406,0.9737542791936097,Full ordinal ensemble,Strategy,ordinal,3,full,none,Adam,0.001,0.0,0.0
34,0.0827580913901329,0.25021834671497345,0.8972055128302748,0.35186280314501583,0.749152449742592,0.10309906342800579,0.9996954237417194,0.6283758082921262,0.9362976035376156,0.3386048255913066,0.402434385697984,0.9710916698364397,Full ordinal ensemble,Strategy,ordinal,3,full,none,Adam,0.001,0.0,0.0
35,0.08103616287310918,0.24902891119321188,0.9056575039975634,0.34254518420000407,0.7696022230736793,0.09449478413157694,0.9998477118708596,0.6215290985165463,0.936276380722963,0.304695046410947,0.40775960441232406,0.9726131608976797,Full ordinal ensemble,Strategy,ordinal,3,full,none,Adam,0.001,0.0,0.0
36,0.07892099519570668,0.2559896608193715,0.9099977156780629,0.3333641913660922,0.7587261366069612,0.09030686058021777,0.9996954237417194,0.6146823887409661,0.943667570003655,0.3191890063774396,0.41422594142259417,0.9729935336629897,Full ordinal ensemble,Strategy,ordinal,3,full,none,Adam,0.001,0.0,0.0
37,0.07733415812253952,0.2574752668539683,0.9090078428386508,0.32868719265514745,0.7667913615104367,0.09114444529048961,0.9998477118708596,0.6203879802206163,0.9474385257520895,0.32945210429675703,0.40775960441232406,0.9733739064282997,Full ordinal ensemble,Strategy,ordinal,3,full,none,Adam,0.001,0.0,0.0
38,0.07564027110735576,0.2643395761648814,0.919211147491053,0.31404249033325593,0.7759888615581233,0.08094114063808726,0.9998477118708596,0.6238113351084063,0.9525351876660508,0.33519115880040135,0.40775960441232406,0.9703309243058197,Full ordinal ensemble,Strategy,ordinal,3,full,none,Adam,0.001,0.0,0.0
39,0.07342355946699779,0.2692171533902486,0.9249219523338156,0.30662130938378,0.7919140554702535,0.07507804766618442,1.0,0.6173449980981361,0.9637541626794917,0.3047884350173637,0.4130848231266641,0.9710916698364397,Full ordinal ensemble,Strategy,ordinal,3,full,none,Adam,0.001,0.0,0.0
40,0.07216735184192657,0.2750892639160156,0.9276631386583416,0.3039777007908253,0.7993848040320038,0.07241300540622858,0.9999238559354299,0.6177253708634461,0.9681120121945189,0.30877989817476265,0.4130848231266641,0.9703309243058197,Full ordinal ensemble,Strategy,ordinal,3,full,none,Adam,0.001,0.0,0.0
41,0.07048270106315613,0.27789785464604694,0.9316226300159902,0.28732124535827885,0.8068197185135185,0.06852965811315008,0.9998477118708596,0.6177253708634461,0.9773004575717754,0.3356504808132283,0.41688855077976417,0.9672879421833397,Full ordinal ensemble,Strategy,ordinal,3,full,none,Adam,0.001,0.0,0.0
42,0.06863835205634435,0.28302154938379925,0.9367242823421914,0.28603787607900333,0.8215055743475541,0.06335186172237874,0.9999238559354299,0.6188664891593761,0.9852274998753313,0.3274033231990012,0.41460631418790417,0.9680486877139597,Full ordinal ensemble,Strategy,ordinal,3,full,none,Adam,0.001,0.0,0.0
43,0.06701751798391342,0.286352942387263,0.9360389857610599,0.28584913259636363,0.8339826331822836,0.06403715830351024,0.9999238559354299,0.6177253708634461,0.9872656056178087,0.3223134888757931,0.4138455686572841,0.9699505515405097,Full ordinal ensemble,Strategy,ordinal,3,full,none,Adam,0.001,0.0,0.0
44,0.06536710013945897,0.29069437583287555,0.9434249600243662,0.27252406498337667,0.830263754069729,0.0565750399756339,1.0,0.6238113351084063,0.9919939452808444,0.33635895228511475,0.4096614682388741,0.9684290604792697,Full ordinal ensemble,Strategy,ordinal,3,full,none,Adam,0.001,0.0,0.0
45,0.06329971179366112,0.30126722653706867,0.9389324602147263,0.2619100765161456,0.8179078892845261,0.06114368384984391,0.9999238559354299,0.6234309623430963,1.0248324446875015,0.3355022446788805,0.4111829593001141,0.9672879421833397,Full ordinal ensemble,Strategy,ordinal,3,full,none,Adam,0.001,0.0,0.0
46,0.06265134116013844,0.3040696680545807,0.9489073326734181,0.2572700656626736,0.823968623367021,0.051092667326581895,1.0,0.6196272346899961,1.026830439679863,0.3390411010999234,0.41422594142259417,0.9684290604792697,Full ordinal ensemble,Strategy,ordinal,3,full,none,Adam,0.001,0.0,0.0
47,0.06089852253595988,0.3149454991022746,0.9425873753140943,0.25288692107901206,0.828912543366149,0.0574887687504759,0.9999238559354299,0.6200076074553063,1.0527486739145115,0.32527205835825085,0.4138455686572841,0.9680486877139597,Full ordinal ensemble,Strategy,ordinal,3,full,none,Adam,0.001,0.0,0.0
48,0.059111254910628,0.3158441185951233,0.9460138582197518,0.24700851069768837,0.8280746826443779,0.0540622858448184,0.9999238559354299,0.6169646253328261,1.048680183947347,0.32147681538642464,0.41498668695321417,0.9703309243058197,Full ordinal ensemble,Strategy,ordinal,3,full,none,Adam,0.001,0.0,0.0
49,0.05773261561989784,0.32175687948862713,0.954770425645321,0.23795584995755473,0.8392275979014824,0.04522957435467905,1.0,0.6207683529859263,1.0627010992741768,0.320886889421061,0.4108025865348041,0.9699505515405097,Full ordinal ensemble,Strategy,ordinal,3,full,none,Adam,0.001,0.0,0.0
50,0.05679355934262276,0.32919618487358093,0.9543897053224701,0.23399348441581125,0.8422075103748258,0.04561029467752989,1.0,0.605933815138836,1.0630940186831428,0.31547247955541796,0.42906047926968427,0.9657664511220997,Full ordinal ensemble,Strategy,ordinal,3,full,none,Adam,0.001,0.0,0.0
1,0.32568808396657306,0.24604743719100952,0.4876265895073479,1.1339182343636853,0.1170291851682586,0.6651945480849768,0.8766466153963298,0.502472422974515,1.123210128265729,0.11834795791548813,0.6607074933434766,0.8706732597945988,Subset ordinal ensemble,Strategy,ordinal,3,partial,none,Adam,0.001,0.0,0.0
2,0.298861026763916,0.23742025593916574,0.48815959795933905,1.1016725191585692,0.12657611676698038,0.6552958196908552,0.8796923779791366,0.503613541270445,1.0962572148088785,0.12210997240356443,0.6473944465576265,0.8733358691517688,Subset ordinal ensemble,Strategy,ordinal,3,partial,none,Adam,0.001,0.0,0.0
3,0.2891385753949483,0.2351520856221517,0.4940226909312419,1.080625222052061,0.1641738363842497,0.634280057869489,0.8892865301149775,0.505135032331685,1.0815830833303024,0.13444145645030142,0.6409281095473565,0.8782807151007987,Subset ordinal ensemble,Strategy,ordinal,3,partial,none,Adam,0.001,0.0,0.0
4,0.28066803018252057,0.23227241138617197,0.5017893855173989,1.0621087964312654,0.20449822471665524,0.6118175588212899,0.8994898347673799,0.5112209965766451,1.0701817915793252,0.16291426534086806,0.6165842525675161,0.8889311525294789,Subset ordinal ensemble,Strategy,ordinal,3,partial,none,Adam,0.001,0.0,0.0
5,0.273273229598999,0.23654371003309885,0.5100129444909769,1.043249112201709,0.2223675645005482,0.5857001446737227,0.9128911901317293,0.5188284518828452,1.055321178691705,0.17949493170722877,0.5968048687713959,0.899201217192849,Subset ordinal ensemble,Strategy,ordinal,3,partial,none,Adam,0.001,0.0,0.0
6,0.2667752504348755,0.22834961116313934,0.5129064189446433,1.022687582335028,0.24067931058559414,0.5751161196984695,0.9179928424579304,0.5230125523012552,1.0402106733128345,0.1964518006148441,0.5834918219855458,0.9033853176112591,Subset ordinal ensemble,Strategy,ordinal,3,partial,none,Adam,0.001,0.0,0.0
7,0.25894461075464886,0.22482218345006308,0.5197593847559583,1.002008493314643,0.2647718720114421,0.5587451458158836,0.9256072489149471,0.5275770254849753,1.0257657250921404,0.20984211770755293,0.5713198934956257,0.9090909090909091,Subset ordinal ensemble,Strategy,ordinal,3,partial,none,Adam,0.001,0.0,0.0
8,0.2522411048412323,0.22556720674037933,0.5288205284398081,0.9853458429422062,0.28914279531641734,0.5384146805756491,0.9355059773090687,0.5344237352605553,1.0147379350328252,0.22427611023811211,0.5553442373526055,0.9170787371624192,Subset ordinal ensemble,Strategy,ordinal,3,partial,none,Adam,0.001,0.0,0.0
9,0.24564668536186218,0.22332078218460083,0.534683621411711,0.9719598733405783,0.29364162387721865,0.5256224777278611,0.941978222797533,0.5378470901483454,1.0084133541837448,0.2315081578990653,0.5469760365157855,0.9212628375808292,Subset ordinal ensemble,Strategy,ordinal,3,partial,none,Adam,0.001,0.0,0.0
10,0.23915173610051474,0.22347088158130646,0.5416127312875961,0.9563268840725396,0.30529820564637955,0.510926673265819,0.9486027564151375,0.5397489539748954,0.9988106827848434,0.24121431254088696,0.5427919360973754,0.9231647014073793,Subset ordinal ensemble,Strategy,ordinal,3,partial,none,Adam,0.001,0.0,0.0
11,0.23306712011496225,0.22173441449801126,0.5454199345161045,0.9408865192846851,0.3144755894500937,0.5020939617756796,0.9532475443539176,0.5427919360973754,0.9887194918562031,0.24244049286740296,0.5355648535564853,0.9269684290604793,Subset ordinal ensemble,Strategy,ordinal,3,partial,none,Adam,0.001,0.0,0.0
12,0.22611185411612192,0.21934308111667633,0.5515114596817178,0.9263872239079165,0.3263900402765833,0.48998705550902305,0.9591867813903906,0.5439330543933054,0.9821416708506684,0.2417953475964453,0.5321414986686953,0.9288702928870293,Subset ordinal ensemble,Strategy,ordinal,3,partial,none,Adam,0.001,0.0,0.0
13,0.22045841813087463,0.2232841600974401,0.5618670524632605,0.9175186409278463,0.3401975320977577,0.4738445138201477,0.9647452981040128,0.5484975275770255,0.9785953118123579,0.24790391000975132,0.5218714340053252,0.9330543933054394,Subset ordinal ensemble,Strategy,ordinal,3,partial,none,Adam,0.001,0.0,0.0
14,0.21472089489301047,0.21681462228298187,0.572603365567654,0.8970677097019758,0.3845529996608637,0.4559506586461585,0.9715221198507576,0.5572461011791555,0.9669305970300066,0.251544542389626,0.5093191327500951,0.9368581209585394,Subset ordinal ensemble,Strategy,ordinal,3,partial,none,Adam,0.001,0.0,0.0
15,0.20865711073080698,0.22348215679327646,0.5906495088707835,0.8936104264261152,0.42238664754950356,0.4321937105002665,0.9773090687580903,0.5610498288322556,0.9733652724958026,0.2657265418163428,0.500190186382655,0.9418029669075694,Subset ordinal ensemble,Strategy,ordinal,3,partial,none,Adam,0.001,0.0,0.0
16,0.20288235445817313,0.22291119396686554,0.6097616690778954,0.8776916943723403,0.4510857093264446,0.408665194548085,0.9816492804385898,0.5675161658425256,0.9650311076140594,0.2750969998295362,0.49258273107645495,0.9425637124381894,Subset ordinal ensemble,Strategy,ordinal,3,partial,none,Adam,0.001,0.0,0.0
17,0.19708683093388876,0.21961678067843118,0.6029087032665804,0.8616770803080734,0.43426394153487413,0.4134622706160055,0.9836290261174141,0.5739825028527957,0.9591624109335308,0.27893720962414986,0.48611639406618484,0.9433244579688095,Subset ordinal ensemble,Strategy,ordinal,3,partial,none,Adam,0.001,0.0,0.0
18,0.19135440389315286,0.22423750658830008,0.6329094647072261,0.8580443295180054,0.5137624632986288,0.37995888220513213,0.9871316530876418,0.5774058577405857,0.9548734918477129,0.28283956714450914,0.4815519208824648,0.9437048307341195,Subset ordinal ensemble,Strategy,ordinal,3,partial,none,Adam,0.001,0.0,0.0
19,0.18584971129894257,0.22414165238539377,0.641133023680804,0.8444245035086677,0.5396676526939587,0.37021244194015074,0.9886545343790452,0.5739825028527957,0.9547043533571219,0.2846380391612225,0.48345378470901484,0.9452263217953595,Subset ordinal ensemble,Strategy,ordinal,3,partial,none,Adam,0.001,0.0,0.0
20,0.18105730911095938,0.22721388439337412,0.6442549303281809,0.8387362499311782,0.5276223420656934,0.36792812000304576,0.9878169496687733,0.5796880943324458,0.9574439027467264,0.28551369634938434,0.4773678204640548,0.9452263217953595,Subset ordinal ensemble,Strategy,ordinal,3,partial,none,Adam,0.001,0.0,0.0
21,0.17556562523047128,0.2267748365799586,0.6561334044011269,0.8280443672702229,0.5624236051091696,0.3547551968324069,0.9891113987664661,0.5815899581589958,0.9562781815289068,0.29281983260821126,0.47280334728033474,0.9478889311525295,Subset ordinal ensemble,Strategy,ordinal,3,partial,none,Adam,0.001,0.0,0.0
22,0.17201159397761026,0.22867652773857117,0.6546105231097236,0.8200772145367486,0.5596160487737348,0.35620193405924006,0.9891875428310363,0.5861544313427158,0.9502653010462712,0.29448214325995076,0.4705211106884747,0.9456066945606695,Subset ordinal ensemble,Strategy,ordinal,3,partial,none,Adam,0.001,0.0,0.0
23,0.16630104184150696,0.23112417260805765,0.6679357344095028,0.8080201429707466,0.5870630454453724,0.34226757024289955,0.9897966953475976,0.5853936858120958,0.949678631835373,0.28995782033225764,0.4693799923925447,0.9478889311525295,Subset ordinal ensemble,Strategy,ordinal,3,partial,none,Adam,0.001,0.0,0.0
24,0.16223286588986716,0.22890399396419525,0.6738749714459757,0.7971273757387413,0.5972646308654138,0.3357953247544354,0.9903297037995888,0.5770254849752757,0.9497129508673777,0.31442472545885003,0.47508558387219474,0.9501711677443895,Subset ordinal ensemble,Strategy,ordinal,3,partial,none,Adam,0.001,0.0,0.0
25,0.1580206205447515,0.2417771816253662,0.687657047133176,0.8074780672406473,0.6138418213776663,0.32825706236198887,0.9842381786339754,0.5736021300874857,0.9652519902344525,0.32406085597246953,0.4883986306580449,0.9406618486116394,Subset ordinal ensemble,Strategy,ordinal,3,partial,none,Adam,0.001,0.0,0.0
26,0.15331795314947763,0.23594383398691812,0.689027640295439,0.7851595007224752,0.627889265664764,0.3239168506814894,0.9871316530876418,0.5808292126283758,0.9608871014142853,0.3131949640505842,0.47470521110688474,0.9467478128565995,Subset ordinal ensemble,Strategy,ordinal,3,partial,none,Adam,0.001,0.0,0.0
27,0.1490667462348938,0.2328491508960724,0.699078656818701,0.7676393454099898,0.6342617044180437,0.31021091905885934,0.9907104241224397,0.5808292126283758,0.9425553110848405,0.2754682799972795,0.4693799923925447,0.9524534043362495,Subset ordinal ensemble,Strategy,ordinal,3,partial,none,Adam,0.001,0.0,0.0
28,0.14488167564074197,0.23884311318397522,0.7069214954694282,0.7674598512734065,0.610641054224077,0.3039671057641057,0.9891113987664661,0.5793077215671358,0.9493966282116473,0.2874179115220071,0.47584632940281474,0.9471281856219095,Subset ordinal ensemble,Strategy,ordinal,3,partial,none,Adam,0.001,0.0,0.0
29,0.14139469464619955,0.24875755111376444,0.7092058174065332,0.7795529226010149,0.6486080307068931,0.3073935886697632,0.983552882052844,0.5728413845568657,0.9676905931423286,0.2909932625669969,0.48687713959680484,0.9425637124381894,Subset ordinal ensemble,Strategy,ordinal,3,partial,none,Adam,0.001,0.0,0.0
30,0.13806791603565216,0.25213709970315296,0.7136221731516028,0.77312960505116,0.639627136612804,0.30450011421609685,0.9820300007614406,0.5701787751996957,0.9730251337049961,0.3163244930846983,0.49334347660707495,0.9391403575503994,Subset ordinal ensemble,Strategy,ordinal,3,partial,none,Adam,0.001,0.0,0.0
31,0.13419600824515024,0.24667608241240183,0.7175055204446813,0.7567011971739288,0.6667780854268487,0.2961242671133785,0.9864463565065104,0.5717002662609357,0.9596817256491816,0.28284257158249854,0.4872575123621149,0.9433244579688095,Subset ordinal ensemble,Strategy,ordinal,3,partial,none,Adam,0.001,0.0,0.0
32,0.13110542794068655,0.24634727338949838,0.7282418335490749,0.7445963512048495,0.6752192787701367,0.2848549455569938,0.9869793649585015,0.5781666032712058,0.9549290602590429,0.28782879133237943,0.4777481932293648,0.9463674400912895,Subset ordinal ensemble,Strategy,ordinal,3,partial,none,Adam,0.001,0.0,0.0
33,0.12727050731579462,0.25029926002025604,0.7251960709662681,0.7349135776935681,0.6769110423003908,0.28706312342952867,0.9878169496687733,0.5815899581589958,0.9621523991100592,0.33652062929550003,0.47546595663750474,0.9456066945606695,Subset ordinal ensemble,Strategy,ordinal,3,partial,none,Adam,0.001,0.0,0.0
34,0.12338693191607793,0.25630485514799756,0.7259575116119699,0.74161318530756,0.6879514288233711,0.289499733495774,0.9846950430213964,0.5659946747812856,0.971174233242491,0.28555897026242777,0.49600608596424495,0.9402814758463294,Subset ordinal ensemble,Strategy,ordinal,3,partial,none,Adam,0.001,0.0,0.0
35,0.12035731722911198,0.25682472189267475,0.7321251808421534,0.7269526204246776,0.6883466437769572,0.28051473387649434,0.9874362293459225,0.5713198934956257,0.9652595775179368,0.31350392586115244,0.48573602130087484,0.9452263217953595,Subset ordinal ensemble,Strategy,ordinal,3,partial,none,Adam,0.001,0.0,0.0
36,0.11778278897205989,0.2615198890368144,0.7299931470341887,0.726224926113726,0.6975955699784021,0.2848549455569938,0.9853041955379578,0.5747432483834157,0.9814920928435359,0.28809218933387387,0.48611639406618484,0.9414225941422594,Subset ordinal ensemble,Strategy,ordinal,3,partial,none,Adam,0.001,0.0,0.0
37,0.11461060990889867,0.26641565561294556,0.7322013249067235,0.7233454535506367,0.7255229769952863,0.28348435239473085,0.9844666108276859,0.5758843666793457,0.9860740336534233,0.3150572701260708,0.48649676683149484,0.9402814758463294,Subset ordinal ensemble,Strategy,ordinal,3,partial,none,Adam,0.001,0.0,0.0
38,0.11233733594417572,0.27013017733891803,0.7302977232924693,0.7242329407037369,0.7337460286735992,0.28614939465468664,0.9837051701819843,0.5720806390262457,0.9892124588883631,0.30807271513980333,0.4895397489539749,0.9410422213769494,Subset ordinal ensemble,Strategy,ordinal,3,partial,none,Adam,0.001,0.0,0.0
39,0.11068074901898702,0.26900071899096173,0.7331150536815655,0.7112601552150388,0.7410580318615372,0.2809715982639153,0.9860656361836595,0.5777862305058957,0.9796872731700057,0.31943284225838336,0.4811715481171548,0.9433244579688095,Subset ordinal ensemble,Strategy,ordinal,3,partial,none,Adam,0.001,0.0,0.0
40,0.10886861632267635,0.26784253120422363,0.7400441635574507,0.7036471120706441,0.7153511817771202,0.2727480392903373,0.987207797152212,0.5751236211487257,0.978457441414016,0.28503002550854023,0.4807911753518448,0.9463674400912895,Subset ordinal ensemble,Strategy,ordinal,3,partial,none,Adam,0.001,0.0,0.0
41,0.10556179781754811,0.2690330445766449,0.7347902231021092,0.6951180993668755,0.7195315024386665,0.2748039290337318,0.9904819919287292,0.5903385317611259,0.9780767160688579,0.3218871656392138,0.4602510460251046,0.9520730315709395,Subset ordinal ensemble,Strategy,ordinal,3,partial,none,Adam,0.001,0.0,0.0
42,0.103339783847332,0.27741456031799316,0.7386735703951877,0.7039282252910564,0.7682814518943683,0.278078123810249,0.9834005939237036,0.5747432483834157,0.9913465870010894,0.3103400030379775,0.48573602130087484,0.9418029669075694,Subset ordinal ensemble,Strategy,ordinal,3,partial,none,Adam,0.001,0.0,0.0
43,0.10048759480317433,0.2805389165878296,0.7376836975557756,0.7017113108002253,0.7641152917278053,0.27929642884337164,0.9833244498591335,0.5694180296690757,0.9978642925497702,0.29929693256221573,0.49372384937238495,0.9399011030810194,Subset ordinal ensemble,Strategy,ordinal,3,partial,none,Adam,0.001,0.0,0.0
44,0.09808583060900371,0.28017882506052655,0.742023909236275,0.6929054143217191,0.7753666890996466,0.27198659864463565,0.9860656361836595,0.5785469760365158,0.9873946946982465,0.3203202574086512,0.4785089387599848,0.9452263217953595,Subset ordinal ensemble,Strategy,ordinal,3,partial,none,Adam,0.001,0.0,0.0
45,0.09563485532999039,0.2857057551542918,0.7436990786568187,0.6927294619995051,0.7626859655704812,0.2732049036777583,0.9832483057945633,0.5686572841384557,1.0014067366754307,0.3083267920082943,0.49524534043362495,0.9387599847850894,Subset ordinal ensemble,Strategy,ordinal,3,partial,none,Adam,0.001,0.0,0.0
46,0.093863345682621,0.289706289768219,0.7386735703951877,0.6997584639142397,0.7976478767500557,0.28005786948907335,0.9814208482448793,0.5690376569037657,1.0145479023390294,0.307907415510806,0.499049068086725,0.9345758843666794,Subset ordinal ensemble,Strategy,ordinal,3,partial,none,Adam,0.001,0.0,0.0
47,0.0908231462041537,0.2941223879655202,0.7427092058174065,0.6939926464430548,0.7846278870365245,0.276250666260565,0.9812685601157389,0.5675161658425256,1.0198102476673199,0.2961920868123543,0.499049068086725,0.9360973754279194,Subset ordinal ensemble,Strategy,ordinal,3,partial,none,Adam,0.001,0.0,0.0
48,0.08931409070889156,0.29728270570437115,0.7432422142693977,0.6904881690621434,0.7971510675549739,0.27472778496916167,0.9822584329551511,0.5671357930772156,1.0191120613249371,0.31220699113012257,0.502472422974515,0.9341955116013694,Subset ordinal ensemble,Strategy,ordinal,3,partial,none,Adam,0.001,0.0,0.0
49,0.08786220600207646,0.2999928792317708,0.7417954770425645,0.6962397193835548,0.7982118132581465,0.279905581359933,0.9786035178557831,0.5568657284138455,1.0272961840798007,0.3135519315315382,0.5127424876378851,0.9326740205401294,Subset ordinal ensemble,Strategy,ordinal,3,partial,none,Adam,0.001,0.0,0.0
50,0.08633789171775182,0.29758960008621216,0.7488007309830199,0.672986475638754,0.7656490118708197,0.2674940988349958,0.9839336023756948,0.5739825028527957,1.0172122504146677,0.3188591389191143,0.4910612400152149,0.9379992392544694,Subset ordinal ensemble,Strategy,ordinal,3,partial,none,Adam,0.001,0.0,0.0
1,0.3567979037761688,0.2534630000591278,0.4871697251199269,1.1539335146162093,0.11583885021385021,0.6891799284245793,0.8706312342952867,0.500950931913275,1.1437588145791648,0.11718596361848575,0.6899961962723469,0.8634461772537086,Weighted subset ordinal,Strategy,ordinal,3,partial,sqrt,Adam,0.001,0.0,0.0
2,0.31661296884218854,0.24343802531560263,0.48755044544277776,1.1169636254252906,0.11646713809238057,0.6673265818929415,0.8762658950734791,0.503233168505135,1.1096590655551086,0.11837364899639731,0.6565233929250666,0.8718143780905288,Weighted subset ordinal,Strategy,ordinal,3,partial,sqrt,Adam,0.001,0.0,0.0
3,0.30592795213063556,0.247651144862175,0.48998705550902305,1.1053420295485015,0.13836850613363097,0.6681641666032133,0.8782456407523034,0.5055154050969951,1.106679639484464,0.13732540849799707,0.6641308482312667,0.8718143780905288,Weighted subset ordinal,Strategy,ordinal,3,partial,sqrt,Adam,0.001,0.0,0.0
4,0.2975956400235494,0.23950443665186563,0.4956978603517856,1.0838188939665816,0.16424384246022794,0.637934972968857,0.8901241148252493,0.5096995055154051,1.0897628926071656,0.15790938567289184,0.6405477367820464,0.8805629516926589,Weighted subset ordinal,Strategy,ordinal,3,partial,sqrt,Adam,0.001,0.0,0.0
5,0.28921278317769367,0.24698891242345175,0.5053681565521968,1.0710067846451798,0.1967971299108587,0.6104469656590269,0.9031447498667479,0.5173069608216052,1.081139970303209,0.18146552113696934,0.6162038798022061,0.892734880182579,Weighted subset ordinal,Strategy,ordinal,3,partial,sqrt,Adam,0.001,0.0,0.0
6,0.282468448082606,0.23467078804969788,0.5088707835224244,1.048524679990771,0.212489240764127,0.5916393817101957,0.910911444452905,0.5195891974134652,1.064107116920646,0.18428133586981155,0.601749714720426,0.898060098896919,Weighted subset ordinal,Strategy,ordinal,3,partial,sqrt,Adam,0.001,0.0,0.0
7,0.2747399111588796,0.22990681727727255,0.5154953171400289,1.026903051783835,0.23739279703097815,0.570319043630549,0.9205817406533161,0.5222518067706352,1.0460323477872218,0.19004367074970488,0.5876759224039558,0.9033853176112591,Weighted subset ordinal,Strategy,ordinal,3,partial,sqrt,Adam,0.001,0.0,0.0
8,0.2668977777163188,0.2309808929761251,0.5233381557907562,1.0112619214640575,0.2567019065951575,0.5522729003274195,0.9291860199497449,0.5279573982502853,1.0348566056144366,0.20692139368009332,0.5709395207303157,0.9109927729174591,Weighted subset ordinal,Strategy,ordinal,3,partial,sqrt,Adam,0.001,0.0,0.0
9,0.26091944177945453,0.23226351042588553,0.527830655600396,1.0013295257352792,0.2629670240721755,0.5437447650955608,0.9331455113073935,0.5294788893115253,1.0335433009990227,0.208333990381932,0.5713198934956257,0.9132750095093192,Weighted subset ordinal,Strategy,ordinal,3,partial,sqrt,Adam,0.001,0.0,0.0
10,0.25376324852307636,0.22735262413819632,0.5324754435391761,0.9846273814524085,0.2769113683316217,0.5328561638620269,0.9380948755044545,0.5306200076074553,1.0213018610499152,0.21233812220352408,0.5663750475465956,0.9128946367440092,Weighted subset ordinal,Strategy,ordinal,3,partial,sqrt,Adam,0.001,0.0,0.0
11,0.24687655766805014,0.22814469039440155,0.5420695956750171,0.9710582560061151,0.3040096414989518,0.5116881139115206,0.9478413157694358,0.5351844807911753,1.0104606175711914,0.2149252409083038,0.5507797641688855,0.9205020920502092,Weighted subset ordinal,Strategy,ordinal,3,partial,sqrt,Adam,0.001,0.0,0.0
12,0.24062160650889078,0.2188636213541031,0.5417650194167365,0.9510175683815584,0.3161603916049494,0.51138353765324,0.9475367395111551,0.5386078356789654,0.9963767705932797,0.2349501051774945,0.5408900722708254,0.9258273107645493,Weighted subset ordinal,Strategy,ordinal,3,partial,sqrt,Adam,0.001,0.0,0.0
13,0.2352361927429835,0.22564355532328287,0.5483134089697708,0.9446845139589517,0.32281624533717457,0.4990481991928729,0.9533236884184878,0.5382274629136554,0.9973050179733617,0.23816487968465028,0.5427919360973754,0.9254469379992393,Weighted subset ordinal,Strategy,ordinal,3,partial,sqrt,Adam,0.001,0.0,0.0
14,0.22939797242482504,0.2209367404381434,0.5532627731668317,0.927542878041155,0.3461623023216454,0.48937790299246176,0.9575877560344171,0.5386078356789654,0.9877418237379076,0.2269678736169454,0.5389882084442754,0.9273488018257893,Weighted subset ordinal,Strategy,ordinal,3,partial,sqrt,Adam,0.001,0.0,0.0
15,0.22257178525129953,0.22370042900244394,0.5595827305261555,0.9195551189465783,0.37647329751597014,0.4782608695652174,0.9623086880377675,0.5408900722708254,0.9882969203832606,0.3091314553294386,0.5348041080258653,0.9292506656523393,Weighted subset ordinal,Strategy,ordinal,3,partial,sqrt,Adam,0.001,0.0,0.0
16,0.21675166487693787,0.22157554825146994,0.5692530267265666,0.9029880556485015,0.39099370569528097,0.4632604888448945,0.9679433488159598,0.5454545454545454,0.9770788066298108,0.269542698921522,0.5302396348421453,0.9292506656523393,Weighted subset ordinal,Strategy,ordinal,3,partial,sqrt,Adam,0.001,0.0,0.0
17,0.21143443882465363,0.22142091393470764,0.5772481535064342,0.8932623894496982,0.4200291947137615,0.45084900631995733,0.9719789842381786,0.5465956637504754,0.9756416824610025,0.28623981745100824,0.5226321795359452,0.9357170026626094,Weighted subset ordinal,Strategy,ordinal,3,partial,sqrt,Adam,0.001,0.0,0.0
18,0.205568328499794,0.22574528058369955,0.5944567120992919,0.8883770259476155,0.49450498944037147,0.42838650727175814,0.9773852128226604,0.5481171548117155,0.9716295237152806,0.28898568785862,0.5207303157093952,0.9341955116013694,Weighted subset ordinal,Strategy,ordinal,3,partial,sqrt,Adam,0.001,0.0,0.0
19,0.1999309559663137,0.2233415494362513,0.603213279524861,0.8728930458970559,0.44427864339188244,0.41787862636107515,0.9790603822432041,0.5621909471281856,0.9652087613906618,0.29009328188242534,0.503613541270445,0.9379992392544694,Weighted subset ordinal,Strategy,ordinal,3,partial,sqrt,Adam,0.001,0.0,0.0
20,0.19473241766293845,0.2274360458056132,0.6158531942435087,0.8696518298950936,0.506024209381362,0.40440112693215563,0.9798218228889058,0.5606694560669456,0.9688539155611368,0.32890891062673944,0.5058957778623051,0.9376188664891594,Weighted subset ordinal,Strategy,ordinal,3,partial,sqrt,Adam,0.001,0.0,0.0
21,0.18995321293671927,0.22228247920672098,0.6253712023147796,0.8537870443888875,0.5292118198754856,0.39153278001979747,0.9832483057945633,0.5743628756181057,0.9619316692521745,0.32516922616254723,0.4891593761886649,0.9406618486116394,Weighted subset ordinal,Strategy,ordinal,3,partial,sqrt,Adam,0.001,0.0,0.0
22,0.18588471412658691,0.2268445591131846,0.6259803548313408,0.8493430793721986,0.5522711358321343,0.39023833092210464,0.9839336023756948,0.5678965386078357,0.9583774780322217,0.32203229200373157,0.49676683149486495,0.9395207303157094,Weighted subset ordinal,Strategy,ordinal,3,partial,sqrt,Adam,0.001,0.0,0.0
23,0.1794439752896627,0.22831966976324716,0.6452448031675931,0.8358891129884995,0.5743528120059002,0.36952714535901926,0.985380339602528,0.5743628756181057,0.9627431504072306,0.35348075629456277,0.48611639406618484,0.9433244579688095,Weighted subset ordinal,Strategy,ordinal,3,partial,sqrt,Adam,0.001,0.0,0.0
24,0.17512032886346182,0.22694488863150278,0.6436457778116196,0.8288251695814409,0.5518079673137454,0.3701362978755806,0.9865986446356506,0.5728413845568657,0.9589718521834102,0.32650384764327794,0.4895397489539749,0.9418029669075694,Weighted subset ordinal,Strategy,ordinal,3,partial,sqrt,Adam,0.001,0.0,0.0
25,0.17116289337476095,0.23658942182858786,0.6597121754359248,0.8337945832952519,0.5893355560685475,0.35970456102946774,0.9807355516637478,0.5678965386078357,0.9718248776619378,0.32295924404109244,0.501331304678585,0.9345758843666794,Weighted subset ordinal,Strategy,ordinal,3,partial,sqrt,Adam,0.001,0.0,0.0
26,0.1667943149805069,0.228891188899676,0.6673265818929415,0.8074971864546717,0.6859433727995667,0.3458463412776974,0.9870555090230716,0.5751236211487257,0.9580350749733852,0.31027461932031936,0.48535564853556484,0.9425637124381894,Weighted subset ordinal,Strategy,ordinal,3,partial,sqrt,Adam,0.001,0.0,0.0
27,0.16230214138825735,0.22866220275561014,0.6782151831264753,0.7965429875661546,0.7347742322127462,0.3339678672047514,0.9878930937333434,0.5770254849752757,0.9494299125771397,0.2809941678146342,0.4796500570559148,0.9459870673259795,Weighted subset ordinal,Strategy,ordinal,3,partial,sqrt,Adam,0.001,0.0,0.0
28,0.15800737341245016,0.23363537093003592,0.6843828523566587,0.7942736532361425,0.7457263147545613,0.3298560877179624,0.9859894921190894,0.5755039939140357,0.9570179231274165,0.31910212890110584,0.48421453023963484,0.9429440852034995,Weighted subset ordinal,Strategy,ordinal,3,partial,sqrt,Adam,0.001,0.0,0.0
29,0.15457605322202048,0.2393433153629303,0.6863625980354832,0.7977833829533575,0.6525047833145902,0.3321404096550674,0.9818777126323003,0.5728413845568657,0.9654631684193525,0.3071248608694974,0.49372384937238495,0.9368581209585394,Weighted subset ordinal,Strategy,ordinal,3,partial,sqrt,Adam,0.001,0.0,0.0
30,0.1502244770526886,0.24336467683315277,0.6839259879692378,0.7946126622996688,0.6011471184592884,0.33587146881900554,0.9806594075991777,0.5682769113731457,0.9710851226531395,0.3171843727913768,0.49600608596424495,0.9391403575503994,Weighted subset ordinal,Strategy,ordinal,3,partial,sqrt,Adam,0.001,0.0,0.0
31,0.14627573390801749,0.23788006603717804,0.6998400974644027,0.775727996352886,0.7034435223370479,0.3165308764181832,0.984009746440265,0.5743628756181057,0.9546867593985278,0.2919877543588727,0.4872575123621149,0.9410422213769494,Weighted subset ordinal,Strategy,ordinal,3,partial,sqrt,Adam,0.001,0.0,0.0
32,0.14299656450748444,0.2422825147708257,0.7050940379197441,0.7738373338104507,0.8045870675925997,0.312342952866824,0.9830198736008529,0.5739825028527957,0.9629278419636359,0.28477036198228856,0.4910612400152149,0.9376188664891594,Weighted subset ordinal,Strategy,ordinal,3,partial,sqrt,Adam,0.001,0.0,0.0
33,0.1390558729569117,0.24501819908618927,0.706388487017437,0.7656591321478019,0.7006680526795731,0.3099063428005787,0.984009746440265,0.5755039939140357,0.9662827623070781,0.3261120626832326,0.49258273107645495,0.9357170026626094,Weighted subset ordinal,Strategy,ordinal,3,partial,sqrt,Adam,0.001,0.0,0.0
34,0.13537598152955374,0.2513480484485626,0.706388487017437,0.7719131182172804,0.7458001437758707,0.3121145206731135,0.98172542450316,0.5705591479650057,0.9722865918469521,0.2881456803869268,0.49524534043362495,0.9368581209585394,Weighted subset ordinal,Strategy,ordinal,3,partial,sqrt,Adam,0.001,0.0,0.0
35,0.13308688004811606,0.2496800720691681,0.7122515799893399,0.7600937945814259,0.7761431148221,0.30564227518464937,0.9824868651488616,0.5701787751996957,0.967865136583819,0.2844831571455467,0.4910612400152149,0.9410422213769494,Weighted subset ordinal,Strategy,ordinal,3,partial,sqrt,Adam,0.001,0.0,0.0
36,0.13001559178034464,0.24883857866128287,0.7122515799893399,0.7445844389232386,0.7910115943447397,0.3020635041498515,0.9859133480545191,0.5846329402814758,0.9662382476387309,0.32102846621378894,0.47394446557626474,0.9440852034994295,Weighted subset ordinal,Strategy,ordinal,3,partial,sqrt,Adam,0.001,0.0,0.0
37,0.12732276568810144,0.25458311041196185,0.715982639153278,0.7454496279208025,0.7887484918261706,0.3020635041498515,0.982182288890581,0.5678965386078357,0.9750752228752825,0.3117214223607779,0.4918219855458349,0.9425637124381894,Weighted subset ordinal,Strategy,ordinal,3,partial,sqrt,Adam,0.001,0.0,0.0
38,0.1241808111468951,0.2564849257469177,0.7137744612807432,0.7421090489378076,0.7451828725734962,0.30457625828066703,0.9820300007614406,0.5690376569037657,0.9776121927941318,0.33461875079933323,0.49486496766831495,0.9391403575503994,Weighted subset ordinal,Strategy,ordinal,3,partial,sqrt,Adam,0.001,0.0,0.0
39,0.12185362974802653,0.2580244541168213,0.7231401812228737,0.7364632022812369,0.8078666319207493,0.29620041117794865,0.9810401279220284,0.5732217573221757,0.9727371874817453,0.3106859376141769,0.4895397489539749,0.9402814758463294,Weighted subset ordinal,Strategy,ordinal,3,partial,sqrt,Adam,0.001,0.0,0.0
40,0.11824443687995274,0.2580796182155609,0.7249676387725577,0.7288272925188056,0.8270467060839749,0.29231706388487017,0.9829437295362826,0.5766451122099657,0.9706041424830979,0.29596573900078127,0.48573602130087484,0.9406618486116394,Weighted subset ordinal,Strategy,ordinal,3,partial,sqrt,Adam,0.001,0.0,0.0
41,0.1159270132581393,0.2577480673789978,0.7285464098073555,0.7227608364101045,0.830569031020625,0.28934744536663365,0.9825630092134318,0.5713198934956257,0.9705419836755823,0.3177698679983174,0.4910612400152149,0.9402814758463294,Weighted subset ordinal,Strategy,ordinal,3,partial,sqrt,Adam,0.001,0.0,0.0
42,0.11366432905197144,0.2694013516108195,0.7285464098073555,0.7332755427122305,0.7868177158072243,0.2932307926597122,0.978527373791213,0.5644731837200456,0.9871151942269973,0.2880743537359583,0.503613541270445,0.9345758843666794,Weighted subset ordinal,Strategy,ordinal,3,partial,sqrt,Adam,0.001,0.0,0.0
43,0.11018663893143336,0.2716893454392751,0.7231401812228737,0.7303223698500083,0.8010650926999263,0.2997791822127465,0.9776897890809412,0.5652339292506656,0.9943777843084701,0.30950062620940627,0.505135032331685,0.9330543933054394,Weighted subset ordinal,Strategy,ordinal,3,partial,sqrt,Adam,0.001,0.0,0.0
44,0.1080896183848381,0.2664975921312968,0.7344856468438286,0.7041916804619117,0.8379588802477983,0.2805908779410645,0.9851519074088175,0.5789273488018258,0.9769598267995878,0.3218534005154685,0.4796500570559148,0.9440852034994295,Weighted subset ordinal,Strategy,ordinal,3,partial,sqrt,Adam,0.001,0.0,0.0
45,0.10677721599737804,0.2763357361157735,0.7266428081931013,0.7189529881652716,0.8239658396057248,0.295438970532247,0.9782227975329323,0.5667554203119056,1.002221443260909,0.29109565037617274,0.498668695321415,0.9376188664891594,Weighted subset ordinal,Strategy,ordinal,3,partial,sqrt,Adam,0.001,0.0,0.0
46,0.10459114362796147,0.2748076419035594,0.7299170029696185,0.7182903169345753,0.8214596112932574,0.29262164014315084,0.9781466534683622,0.5610498288322556,0.994066305829653,0.2849588510744708,0.501711677443895,0.9391403575503994,Weighted subset ordinal,Strategy,ordinal,3,partial,sqrt,Adam,0.001,0.0,0.0
47,0.10160255432128906,0.2792780598004659,0.7304500114216097,0.7074084075725567,0.812934357028773,0.29094647072260715,0.9791365263077743,0.5610498288322556,0.9986001355817632,0.2792361008693971,0.5058957778623051,0.9353366298972994,Weighted subset ordinal,Strategy,ordinal,3,partial,sqrt,Adam,0.001,0.0,0.0
48,0.09982091436783473,0.2784960965315501,0.7357800959415214,0.6982261592605772,0.8347581885639661,0.28348435239473085,0.9811162719865987,0.5686572841384557,0.9970217045996725,0.2868901942577268,0.49562571319893495,0.9391403575503994,Weighted subset ordinal,Strategy,ordinal,3,partial,sqrt,Adam,0.001,0.0,0.0
49,0.0969088226556778,0.2797698676586151,0.7410340363968628,0.6987672447647656,0.8340768121956269,0.2813523185867662,0.9782989415975025,0.5659946747812856,0.9894572862511745,0.3116178525511532,0.502472422974515,0.9349562571319894,Weighted subset ordinal,Strategy,ordinal,3,partial,sqrt,Adam,0.001,0.0,0.0
50,0.09471972783406575,0.28196019927660626,0.7368461128455037,0.6919077169875488,0.8362417427120364,0.2830274880073098,0.9805071194700373,0.5652339292506656,0.998412024333356,0.28204971893582137,0.501711677443895,0.9360973754279194,Weighted subset ordinal,Strategy,ordinal,3,partial,sqrt,Adam,0.001,0.0,0.0
1,0.34139179189999896,0.25567421317100525,0.48838803015304955,1.1373171049257162,0.1240509426981759,0.6569709891113987,0.8795400898499962,0.503233168505135,1.1275613747368214,0.11244263131055583,0.6519589197413466,0.8718143780905288,SGD-1,Modeling,ordinal,3,partial,none,SGD,0.1,0.0,0.0
2,0.301273634036382,0.23817063868045807,0.5022462499048199,1.0782180662814713,0.1636522617075247,0.6104469656590269,0.9012411482524937,0.5169265880562952,1.0693383070430056,0.1518746249910922,0.6101179155572461,0.8904526435907189,SGD-1,Modeling,ordinal,3,partial,none,SGD,0.1,0.0,0.0
3,0.28491417566935223,0.22875200708707175,0.5179319272062742,1.0340590021027594,0.19528955222094066,0.5662834082083301,0.9233990710424123,0.5306200076074553,1.0282084747140807,0.17530418859141103,0.5709395207303157,0.9090909090909091,SGD-1,Modeling,ordinal,3,partial,none,SGD,0.1,0.0,0.0
4,0.2715337971846263,0.2221479465564092,0.5288966725043783,0.9978764144369355,0.20463973585710063,0.5387192568339298,0.9368765704713318,0.5386078356789654,0.9960793086692531,0.18529140318701212,0.5462152909851654,0.9212628375808292,SGD-1,Modeling,ordinal,3,partial,none,SGD,0.1,0.0,0.0
5,0.2602572242418925,0.21823997298876444,0.5364349348968248,0.9699548038874048,0.22079209216062934,0.5199878169496688,0.9463945785426026,0.5454545454545454,0.9723111411806883,0.1982949080279831,0.5306200076074553,0.9281095473564093,SGD-1,Modeling,ordinal,3,partial,none,SGD,0.1,0.0,0.0
6,0.2504965017239253,0.20740976929664612,0.5388715449630701,0.9363248674389927,0.23698906164733172,0.514124723977766,0.9489834767379882,0.5496386458729555,0.9405713583635659,0.21734027916001716,0.5214910612400152,0.9330543933054394,SGD-1,Modeling,ordinal,3,partial,none,SGD,0.1,0.0,0.0
7,0.24208595355351767,0.20718071858088175,0.5554709510393665,0.9198810389059923,0.26171049649705824,0.4903677758318739,0.9555318662910226,0.5633320654241156,0.9283960396589312,0.23720167799263844,0.498288322556105,0.9410422213769494,SGD-1,Modeling,ordinal,3,partial,none,SGD,0.1,0.0,0.0
8,0.23482105632623038,0.2038483073314031,0.573060229955075,0.9019515369804094,0.2835704762684848,0.4676768445899642,0.9601005101652326,0.5758843666793457,0.9140904852325429,0.25829236998215144,0.4800304298212248,0.9463674400912895,SGD-1,Modeling,ordinal,3,partial,none,SGD,0.1,0.0,0.0
9,0.22845296065012613,0.2028410683075587,0.5828066702200564,0.8902060353594459,0.2959230297549227,0.45404705703190434,0.9638315693291708,0.5850133130467858,0.9067875271342708,0.27891319667523656,0.4674781285659947,0.9494104222137695,SGD-1,Modeling,ordinal,3,partial,none,SGD,0.1,0.0,0.0
10,0.22291388114293417,0.2024325430393219,0.5902687885479327,0.8815373861123892,0.30855553241254735,0.44399604050864233,0.966192035330846,0.5937618866489159,0.902614561331077,0.27987013861257987,0.4579688094332446,0.9494104222137695,SGD-1,Modeling,ordinal,3,partial,none,SGD,0.1,0.0,0.0
11,0.21823172767957053,0.19755816459655762,0.6044315845579837,0.8646803910574064,0.325170293151028,0.4268636259803548,0.9691616538490825,0.604792696842906,0.8870298149821432,0.30144660411888785,0.44047166222898443,0.9558767592240396,SGD-1,Modeling,ordinal,3,partial,none,SGD,0.1,0.0,0.0
12,0.21405952175458273,0.19484554727872214,0.6112845503692987,0.85232478261905,0.32372449761227534,0.41780248229650496,0.9712936876570472,0.606694560669456,0.877603370801117,0.30816757839487935,0.4397109166983644,0.9551160136934196,SGD-1,Modeling,ordinal,3,partial,none,SGD,0.1,0.0,0.0
13,0.21026334663232168,0.19548300902048746,0.6128835757252722,0.8475042996477012,0.33166587065216774,0.414604431584558,0.9726642808193101,0.606694560669456,0.8765693615596286,0.30995146946702357,0.4389501711677444,0.9558767592240396,SGD-1,Modeling,ordinal,3,partial,none,SGD,0.1,0.0,0.0
14,0.20701336363951364,0.1913424382607142,0.6217924312799817,0.8339924873661433,0.34451145169902725,0.40363968628645397,0.9747963146272748,0.6143020159756561,0.8647035242547635,0.315794781315433,0.42715861544313427,0.9600608596424496,SGD-1,Modeling,ordinal,3,partial,none,SGD,0.1,0.0,0.0
15,0.2041200945774714,0.19438415269056955,0.6217924312799817,0.8366745107161151,0.34131593410669603,0.4029543897053225,0.9754054671438361,0.609357170026626,0.8722774356786396,0.32038905061303263,0.4343856979840243,0.9570178775199696,SGD-1,Modeling,ordinal,3,partial,none,SGD,0.1,0.0,0.0
16,0.2015226980050405,0.1921523114045461,0.6267417954770426,0.827008338200709,0.3541972418493189,0.39686286453970915,0.9765476281123886,0.608976797261316,0.86461567428764,0.3167749662430113,0.4305819703309243,0.9608216051730696,SGD-1,Modeling,ordinal,3,partial,none,SGD,0.1,0.0,0.0
17,0.19892128805319467,0.1909460574388504,0.6297875580598492,0.8181750441958804,0.3536641058961822,0.39244650879463944,0.9778420772100814,0.6120197793837961,0.859725011770686,0.317763432721821,0.42753898820844427,0.9612019779383796,SGD-1,Modeling,ordinal,3,partial,none,SGD,0.1,0.0,0.0
18,0.19646539290746054,0.190066268046697,0.6350414985151908,0.814757495524515,0.3746912187532334,0.38719256833929794,0.9778420772100814,0.6131608976797261,0.8565902589049906,0.31948719218327065,0.4244960060859643,0.9627234689996196,SGD-1,Modeling,ordinal,3,partial,none,SGD,0.1,0.0,0.0
19,0.19464453558127084,0.1925502816836039,0.6292545496078581,0.8162816743693201,0.3556045124578677,0.3925987969237798,0.9782227975329323,0.608976797261316,0.8637186368652268,0.321179987988587,0.42944085203499427,0.9619627234689996,SGD-1,Modeling,ordinal,3,partial,none,SGD,0.1,0.0,0.0
20,0.19255169729391733,0.1904400736093521,0.6353460747734714,0.8071127766941301,0.36182915370999885,0.38506053453133327,0.9796695347597655,0.6108786610878661,0.8565537353083478,0.3232708501168569,0.42677824267782427,0.9627234689996196,SGD-1,Modeling,ordinal,3,partial,none,SGD,0.1,0.0,0.0
21,0.19060724476973215,0.19026298820972443,0.6333663290946471,0.8037200256541394,0.36838810406221373,0.3873448564684383,0.9793649585014849,0.608596424496006,0.856364832861006,0.32154916791855753,0.42829973373906427,0.9634842145302396,SGD-1,Modeling,ordinal,3,partial,none,SGD,0.1,0.0,0.0
22,0.18888737758000693,0.1925419718027115,0.6318434478032438,0.8065262933960492,0.36816688371174516,0.38879159369527144,0.979441102566055,0.605173069608216,0.8626786959260221,0.31960302863272355,0.4347660707493343,0.9604412324077596,SGD-1,Modeling,ordinal,3,partial,none,SGD,0.1,0.0,0.0
23,0.18702610830465952,0.187377800544103,0.6434173456179091,0.7886518277081211,0.38404805110836754,0.3744765095560801,0.982182288890581,0.6135412704450361,0.8453944644314272,0.32081141019591625,0.4203119056675542,0.9669075694180297,SGD-1,Modeling,ordinal,3,partial,none,SGD,0.1,0.0,0.0
24,0.18559102217356363,0.19188719987869263,0.6368689560648747,0.7982260962948098,0.37185556170518824,0.38338536511078963,0.9798218228889058,0.607074933434766,0.8598956278582423,0.32297690393361617,0.4309623430962343,0.9623430962343096,SGD-1,Modeling,ordinal,3,partial,none,SGD,0.1,0.0,0.0
25,0.1840567092100779,0.19520134230454764,0.6350414985151908,0.8044680917767882,0.37800369531240235,0.38559354298332443,0.979441102566055,0.605173069608216,0.8712211962924756,0.32981474875502803,0.4343856979840243,0.9608216051730696,SGD-1,Modeling,ordinal,3,partial,none,SGD,0.1,0.0,0.0
26,0.18248399595419565,0.1892863263686498,0.6434173456179091,0.7841645402237274,0.3803363846760586,0.37440036549150996,0.9822584329551511,0.607835678965386,0.8511494647339637,0.31889408148486276,0.42829973373906427,0.9642449600608597,SGD-1,Modeling,ordinal,3,partial,none,SGD,0.1,0.0,0.0
27,0.18090419471263885,0.1944820135831833,0.638391837356278,0.7935859301120997,0.37704997862062783,0.3804918906571233,0.9811924160511688,0.605173069608216,0.8657983220658892,0.3253563130737191,0.4332445796880943,0.9619627234689996,SGD-1,Modeling,ordinal,3,partial,none,SGD,0.1,0.0,0.0
28,0.17955434819062552,0.19382824997107187,0.641589888068225,0.7868699472430737,0.3823529176777502,0.3776745602680271,0.980811695728318,0.604412324077596,0.8610321755628935,0.3268381418725393,0.4328642069227843,0.9631038417649296,SGD-1,Modeling,ordinal,3,partial,none,SGD,0.1,0.0,0.0
29,0.178145632147789,0.20377389589945474,0.6273509479936039,0.8125456093700261,0.38297059872859074,0.39572070357115663,0.9769283484352395,0.5918600228223659,0.8914259497941358,0.3349791368532234,0.45264359071890453,0.9558767592240396,SGD-1,Modeling,ordinal,3,partial,none,SGD,0.1,0.0,0.0
30,0.17676372826099396,0.19621544082959494,0.6405238711642427,0.7901764005059106,0.38155576936120955,0.3785882890428691,0.9809639838574583,0.600228223659186,0.8713396941180941,0.32602281700807345,0.4397109166983644,0.9604412324077596,SGD-1,Modeling,ordinal,3,partial,none,SGD,0.1,0.0,0.0
31,0.17520142098267874,0.19403828183809915,0.6463108200715755,0.779070580184842,0.391415533519615,0.37089773852128227,0.9828675854717125,0.603651578546976,0.8612348789766358,0.32966164576219953,0.4332445796880943,0.9634842145302396,SGD-1,Modeling,ordinal,3,partial,none,SGD,0.1,0.0,0.0
32,0.1738970031340917,0.1980710874001185,0.6414375999390848,0.7877467635088082,0.4023019991413905,0.3775222721388868,0.9811162719865987,0.5971852415367059,0.8759315916684814,0.32688707843753323,0.44123240775960443,0.9619627234689996,SGD-1,Modeling,ordinal,3,partial,none,SGD,0.1,0.0,0.0
33,0.17232791582743326,0.20275269945462546,0.6382395492271378,0.7945860083787181,0.394453163661103,0.38155790756110564,0.9802025432117566,0.5975656143020159,0.8879672737291583,0.3349741192332946,0.4480791175351845,0.9547356409281096,SGD-1,Modeling,ordinal,3,partial,none,SGD,0.1,0.0,0.0
34,0.17113865415255228,0.2017731616894404,0.6377065407751465,0.7935631560366442,0.40221911859932497,0.38216706007766693,0.9801263991471865,0.5907189045264359,0.8884635272833313,0.3267342193608131,0.4503613541270445,0.9593001141118296,SGD-1,Modeling,ordinal,3,partial,none,SGD,0.1,0.0,0.0
35,0.16990196208159128,0.19775892794132233,0.6469199725881367,0.77420453456457,0.40490601007357835,0.3708215944567121,0.9822584329551511,0.600228223659186,0.8700624953987686,0.32043515028911146,0.4400912894636744,0.9600608596424496,SGD-1,Modeling,ordinal,3,partial,none,SGD,0.1,0.0,0.0
36,0.16850063701470694,0.1992490142583847,0.6476814132338384,0.7737457583336288,0.4041390543893751,0.36998400974644025,0.9823345770197213,0.600228223659186,0.872969587603549,0.3284564569006497,0.4419931532902244,0.9585393685812096,SGD-1,Modeling,ordinal,3,partial,none,SGD,0.1,0.0,0.0
37,0.16691057880719504,0.20534220337867737,0.6407523033579533,0.7869016452443869,0.40434638101225023,0.3791212974948603,0.9801263991471865,0.5899581589958159,0.8937692102417056,0.3278679120855541,0.45302396348421453,0.9573982502852796,SGD-1,Modeling,ordinal,3,partial,none,SGD,0.1,0.0,0.0
38,0.16602841019630432,0.21108933786551157,0.6349653544506205,0.7986966454050941,0.40256038960276813,0.3859742633061753,0.9790603822432041,0.5850133130467858,0.9106229909548222,0.3269366314294085,0.4598706732597946,0.9558767592240396,SGD-1,Modeling,ordinal,3,partial,none,SGD,0.1,0.0,0.0
39,0.16464473803838095,0.20118235548337302,0.6529353536891799,0.7657631970762869,0.40596415660927576,0.3638924845808269,0.9831721617299931,0.602890833016356,0.8788009689890992,0.32826020902300557,0.4362875618105744,0.9612019779383796,SGD-1,Modeling,ordinal,3,partial,none,SGD,0.1,0.0,0.0
40,0.16292765736579895,0.19985882937908173,0.6566664128531181,0.7534629250224674,0.4069843840055547,0.3584862559963451,0.984923475215107,0.605173069608216,0.8664083016584473,0.3168269741870336,0.4321034613921643,0.9631038417649296,SGD-1,Modeling,ordinal,3,partial,none,SGD,0.1,0.0,0.0
41,0.16171780228614807,0.20577669640382132,0.6490520063961014,0.7717207826114263,0.41360500631699076,0.36937485722987895,0.9815731363740197,0.5952833777101559,0.8940192405146646,0.33057868593599216,0.4473183720045645,0.9581589958158996,SGD-1,Modeling,ordinal,3,partial,none,SGD,0.1,0.0,0.0
42,0.1602806697289149,0.2031568984190623,0.6562095484656971,0.759173367419089,0.4194447832763621,0.3601614254168888,0.9836290261174141,0.5987067325979459,0.8807171302987037,0.3194222157513859,0.4393305439330544,0.9627234689996196,SGD-1,Modeling,ordinal,3,partial,none,SGD,0.1,0.0,0.0
43,0.15894141296545664,0.20234093566735586,0.6573517094342496,0.7547522787248725,0.4397376965469988,0.35780095941521356,0.9848473311505368,0.599087105363256,0.8816510583548998,0.322206292012422,0.4385697984024344,0.9631038417649296,SGD-1,Modeling,ordinal,3,partial,none,SGD,0.1,0.0,0.0
44,0.15781516830126444,0.20604301989078522,0.6576562856925303,0.7598193469010712,0.4223940959233851,0.3584101119317749,0.9839336023756948,0.5914796500570559,0.8899478987186774,0.3194725725658951,0.4473183720045645,0.9619627234689996,SGD-1,Modeling,ordinal,3,partial,none,SGD,0.1,0.0,0.0
45,0.1563179443279902,0.2050124059120814,0.6599406076296352,0.7504299124507796,0.4183782835755015,0.35620193405924006,0.9838574583111247,0.599847850893876,0.8849482184406721,0.3230364975011573,0.44161278052491443,0.9593001141118296,SGD-1,Modeling,ordinal,3,partial,none,SGD,0.1,0.0,0.0
46,0.15498888989289603,0.20950501163800558,0.6564379806594076,0.7582864585088036,0.41376448416344863,0.3604660016751694,0.983096017665423,0.5899581589958159,0.8986552848178861,0.32560311530425684,0.45226321795359453,0.9585393685812096,SGD-1,Modeling,ordinal,3,partial,none,SGD,0.1,0.0,0.0
47,0.15406871338685355,0.20862659315268198,0.6601690398233457,0.7490613935374097,0.4159438569847957,0.3555166374781086,0.9843143226985457,0.5876759224039558,0.8894860512986433,0.31297213552920783,0.45340433624952453,0.9596804868771396,SGD-1,Modeling,ordinal,3,partial,none,SGD,0.1,0.0,0.0
48,0.1522600601116816,0.21909094353516897,0.6498134470418031,0.7751914439423838,0.40984325590172316,0.3702885860047209,0.979897966953476,0.5770254849752757,0.926687777199595,0.32236477782323325,0.4689996196272347,0.9547356409281096,SGD-1,Modeling,ordinal,3,partial,none,SGD,0.1,0.0,0.0
49,0.15136493742465973,0.20451806485652924,0.6708292088631691,0.7331668551753672,0.42638185863100464,0.34249600243661005,0.9866747887002209,0.5975656143020159,0.8776005284752303,0.3167734135695763,0.4385697984024344,0.9642449600608597,SGD-1,Modeling,ordinal,3,partial,none,SGD,0.1,0.0,0.0
50,0.14949039618174234,0.21712968746821085,0.6593314551130739,0.7622339666771105,0.42474037397331527,0.35810553567349424,0.9825630092134318,0.5827310764549258,0.9120570076390813,0.31449182272881043,0.4598706732597946,0.9581589958158996,SGD-1,Modeling,ordinal,3,partial,none,SGD,0.1,0.0,0.0
1,0.38994498054186505,0.30899805823961896,0.4872458691844971,1.2668109416344713,0.10920540651238993,0.6706007766694586,0.8757328866214878,0.503233168505135,1.2494483938288128,0.11158906882591092,0.6527196652719666,0.8721947508558388,SGD-2,Modeling,ordinal,3,partial,none,SGD,0.01,0.0,0.0
2,0.36792869369188946,0.3019428551197052,0.4872458691844971,1.2448396458072697,0.10920540651238993,0.6706007766694586,0.8757328866214878,0.503233168505135,1.2303045393762329,0.11158906882591092,0.6527196652719666,0.8721947508558388,SGD-2,Modeling,ordinal,3,partial,none,SGD,0.01,0.0,0.0
3,0.35487163066864014,0.2946271002292633,0.4872458691844971,1.225196471425731,0.10920540651238993,0.6706007766694586,0.8757328866214878,0.503233168505135,1.2127356712182844,0.11158906882591092,0.6527196652719666,0.8721947508558388,SGD-2,Modeling,ordinal,3,partial,none,SGD,0.01,0.0,0.0
4,0.34463932116826373,0.28679728507995605,0.4873220132490672,1.2067528896428017,0.146259219432449,0.6699154800883271,0.8758851747506282,0.503233168505135,1.1957669057206664,0.11161731207289294,0.6523392925066566,0.8721947508558388,SGD-2,Modeling,ordinal,3,partial,none,SGD,0.01,0.0,0.0
5,0.3362540404001872,0.2795950969060262,0.4873981573136374,1.190564590350146,0.13597840755735494,0.6671742937638011,0.8767227594609001,0.503233168505135,1.1804594446229881,0.11167384147885541,0.6508178014454165,0.8725751236211488,SGD-2,Modeling,ordinal,3,partial,none,SGD,0.01,0.0,0.0
6,0.3293980260690053,0.2726640005906423,0.4873981573136374,1.1760597778487014,0.12204743852310194,0.6642808193101348,0.8774080560420315,0.503233168505135,1.166365833826843,0.11178707224334601,0.6492963103841765,0.8729554963864588,SGD-2,Modeling,ordinal,3,partial,none,SGD,0.01,0.0,0.0
7,0.3237779339154561,0.26728464166323346,0.4876265895073479,1.1640797202489934,0.12881725983614192,0.6610827685981878,0.8781694966877331,0.503233168505135,1.154583091403735,0.11204268292682927,0.6489159376188665,0.8725751236211488,SGD-2,Modeling,ordinal,3,partial,none,SGD,0.01,0.0,0.0
8,0.31913528839747113,0.2621319691340129,0.48770273357191807,1.1532815969090229,0.12720956105379325,0.6595598873067844,0.878550217010584,0.503233168505135,1.1437016164670353,0.11227087576374745,0.6496766831494865,0.8721947508558388,SGD-2,Modeling,ordinal,3,partial,none,SGD,0.01,0.0,0.0
9,0.31529643138249713,0.25831109285354614,0.48770273357191807,1.1442230037920653,0.1226518953283598,0.6600167516942055,0.8783217848168735,0.503233168505135,1.134623695387391,0.11235668789808917,0.6508178014454165,0.8721947508558388,SGD-2,Modeling,ordinal,3,partial,none,SGD,0.01,0.0,0.0
10,0.31203927596410114,0.25492340326309204,0.48846417421761973,1.1360927586687726,0.1240571413165648,0.6565141247239777,0.8796162339145663,0.503233168505135,1.1264376589387648,0.11241396890135101,0.6523392925066566,0.8718143780905288,SGD-2,Modeling,ordinal,3,partial,none,SGD,0.01,0.0,0.0
11,0.3092339336872101,0.2520390748977661,0.4893017589278916,1.1286765316211553,0.12668466122213615,0.6520977689789081,0.881748267722531,0.503993914035755,1.1189663289502698,0.11618749467586677,0.6485355648535565,0.8737162419170788,SGD-2,Modeling,ordinal,3,partial,none,SGD,0.01,0.0,0.0
12,0.3067419131596883,0.2495169242223104,0.4907484961547247,1.1218008982549843,0.13147774073138252,0.6477575572984086,0.8838803015304957,0.504754659566375,1.1120461844667482,0.11864539283894122,0.6443514644351465,0.8748573602130088,SGD-2,Modeling,ordinal,3,partial,none,SGD,0.01,0.0,0.0
13,0.3044636845588684,0.24737522999445596,0.49189065712327723,1.115435948936843,0.13510449296087432,0.6446356506510318,0.8852508946927587,0.5070368961582351,1.105755176666157,0.1255210823854084,0.6390262457208064,0.8771395968048687,SGD-2,Modeling,ordinal,3,partial,none,SGD,0.01,0.0,0.0
14,0.3023732403914134,0.24511166910330454,0.49371811467296123,1.1091753882898125,0.1406697153463401,0.6385441254854184,0.8882205132109952,0.5074172689235451,1.0994752050403214,0.12655704008221993,0.6367440091289464,0.8782807151007987,SGD-2,Modeling,ordinal,3,partial,none,SGD,0.01,0.0,0.0
15,0.3003929356733958,0.243772362669309,0.4951648518997944,1.1035619119425832,0.14448813325952783,0.6340516256757786,0.8902764029543897,0.5081780144541651,1.094049045414639,0.1296526158928145,0.6352225180677064,0.8790414606314187,SGD-2,Modeling,ordinal,3,partial,none,SGD,0.01,0.0,0.0
16,0.2985292971134186,0.24206369618574777,0.49638315693291707,1.0978797533551798,0.14808949308161604,0.6294829818015686,0.8926368689560649,0.5089387599847851,1.0884644425360814,0.13251034211044718,0.6321795359452264,0.8798022061620387,SGD-2,Modeling,ordinal,3,partial,none,SGD,0.01,0.0,0.0
17,0.2967356741428375,0.2409395823876063,0.49805832635346076,1.0926490295657263,0.15221817134296084,0.6238483210233762,0.8952257671514505,0.5104602510460251,1.0835083800219667,0.13649436413698157,0.6283758082921262,0.8817040699885889,SGD-2,Modeling,ordinal,3,partial,none,SGD,0.01,0.0,0.0
18,0.2950006127357483,0.23965946833292642,0.4990481991928729,1.087400769531731,0.1548275973544696,0.6204979821822889,0.8969009365719942,0.5123621148725751,1.0784290276870787,0.1411977964508861,0.6230505895777863,0.8843666793457589,SGD-2,Modeling,ordinal,3,partial,none,SGD,0.01,0.0,0.0
19,0.29333699742952984,0.23822095493475595,0.5007995126779867,1.0821664599355783,0.15925989323302914,0.6153201857915176,0.8993375466382395,0.5142639786991251,1.0733451078723069,0.14620981162083582,0.6173449980981361,0.8870292887029289,SGD-2,Modeling,ordinal,3,partial,none,SGD,0.01,0.0,0.0
20,0.2917107542355855,0.23689109086990356,0.50232239396939,1.0770855612387267,0.1633019773048455,0.6107515419173075,0.901393436381634,0.5157854697603652,1.0684578527941222,0.14934576853492007,0.6124001521491061,0.8893115252947889,SGD-2,Modeling,ordinal,3,partial,none,SGD,0.01,0.0,0.0
21,0.2901162803173065,0.23576768736044565,0.5037691311962232,1.072192641927221,0.16673931818317947,0.6066397624305185,0.9032970379958882,0.5180677063522252,1.0637960463818714,0.15403491583322307,0.607835678965386,0.891593761886649,SGD-2,Modeling,ordinal,3,partial,none,SGD,0.01,0.0,0.0
22,0.2885660231113434,0.2345877836147944,0.5055965887459073,1.0673478379024477,0.17101692310399516,0.6017665422980278,0.9056575039975634,0.5180677063522252,1.0591885758416262,0.15431494728633344,0.606314187904146,0.892354507417269,SGD-2,Modeling,ordinal,3,partial,none,SGD,0.01,0.0,0.0
23,0.28703994552294415,0.2336505949497223,0.5075763344247316,1.0626945879379057,0.17529657451877353,0.5968933221655371,0.9079418259346684,0.5203499429440852,1.0548488033566308,0.15870575311606774,0.599087105363256,0.895777862305059,SGD-2,Modeling,ordinal,3,partial,none,SGD,0.01,0.0,0.0
24,0.2855600416660309,0.23272042473157248,0.509175359780705,1.0581020440172861,0.1786415720185579,0.5921723901621868,0.9102261478717734,0.5230125523012552,1.0505385602270962,0.16428709327183813,0.5926207683529859,0.898820844427539,SGD-2,Modeling,ordinal,3,partial,none,SGD,0.01,0.0,0.0
25,0.2840898931026459,0.23176542421181998,0.5105459529429681,1.0535770369872377,0.18176680369375606,0.5878321784816873,0.9125866138734485,0.5233929250665652,1.0463097014724647,0.16463120765752812,0.5914796500570559,0.899581589958159,SGD-2,Modeling,ordinal,3,partial,none,SGD,0.01,0.0,0.0
26,0.28265711665153503,0.23107423384984335,0.5116119698469505,1.0493258384643487,0.183761173273992,0.5842534074468895,0.9144902154877027,0.5256751616584252,1.0424591573281898,0.1685480850918133,0.5861544313427158,0.9018638265500191,SGD-2,Modeling,ordinal,3,partial,none,SGD,0.01,0.0,0.0
27,0.28123833735783893,0.2301774968703588,0.5127541308155029,1.0449760000776505,0.18639410239978335,0.5805223482829514,0.9162415289728165,0.5279573982502853,1.0384094305936933,0.17225044699087455,0.5808292126283758,0.9045264359071891,SGD-2,Modeling,ordinal,3,partial,none,SGD,0.01,0.0,0.0
28,0.27985501289367676,0.229294886191686,0.514124723977766,1.0407095227724794,0.18870948945955504,0.576715145054443,0.9181451305870707,0.5290985165462153,1.0344842191017376,0.1740587599712559,0.5774058577405857,0.9060479269684291,SGD-2,Modeling,ordinal,3,partial,none,SGD,0.01,0.0,0.0
29,0.27849409977595013,0.22860079010327658,0.5161044696565903,1.0366473304801302,0.19230093409877616,0.571689636792812,0.9206578847178862,0.5294788893115253,1.0307875025834927,0.1738835573154652,0.5736021300874857,0.9079497907949791,SGD-2,Modeling,ordinal,3,partial,none,SGD,0.01,0.0,0.0
30,0.2771457036336263,0.22788545986016592,0.5180842153354146,1.0326201434759714,0.1927386445745607,0.5661311200791899,0.9234752151069824,0.5310003803727653,1.0271334115142576,0.1759436421673984,0.5694180296690757,0.9098516546215291,SGD-2,Modeling,ordinal,3,partial,none,SGD,0.01,0.0,0.0
31,0.2758154670397441,0.22723832229773203,0.5190740881748268,1.0287153678072412,0.19413244545654587,0.5636945100129445,0.9246935201401051,0.5329022441993153,1.02358924283429,0.1784543042490843,0.5659946747812856,0.9113731456827691,SGD-2,Modeling,ordinal,3,partial,none,SGD,0.01,0.0,0.0
32,0.2745271523793538,0.2264681210120519,0.5207492575953705,1.024787612979016,0.1968536564892817,0.5600395949135765,0.9264448336252189,0.5332826169646253,1.0200143402462856,0.17898472810813892,0.5648535564853556,0.9117535184480792,SGD-2,Modeling,ordinal,3,partial,none,SGD,0.01,0.0,0.0
33,0.273237665494283,0.22579235335191092,0.5218152744993527,1.0209957337551678,0.1982239009126624,0.5576029848473312,0.9275869945937714,0.5344237352605553,1.0165773698685918,0.18075246692331517,0.5614302015975656,0.9132750095093192,SGD-2,Modeling,ordinal,3,partial,none,SGD,0.01,0.0,0.0
34,0.27198655406634015,0.2248025139172872,0.5219675626284931,1.0169715118850526,0.20064462703606226,0.5560039594913576,0.9283484352394731,0.5355648535564853,1.0128314358780905,0.1826613697490955,0.5580068467097756,0.9147965005705592,SGD-2,Modeling,ordinal,3,partial,none,SGD,0.01,0.0,0.0
35,0.270734300216039,0.2237823704878489,0.5227290032741948,1.0129997422850474,0.20170423057210485,0.5540242138125333,0.9293383080788853,0.5363255990871053,1.0091329095040045,0.18365394332008178,0.5553442373526055,0.9159376188664892,SGD-2,Modeling,ordinal,3,partial,none,SGD,0.01,0.0,0.0
36,0.2695077856381734,0.22350838780403137,0.524175740501028,1.0097215073967512,0.2033024366274665,0.5498362902611741,0.93147034188685,0.5370863446177254,1.006326419272425,0.18508124849588267,0.5538227462913655,0.9170787371624192,SGD-2,Modeling,ordinal,3,partial,none,SGD,0.01,0.0,0.0
37,0.26830844084421795,0.22270784278710684,0.5252417574050103,1.0060109592223194,0.20594230844543257,0.5475519683240692,0.9326125028554024,0.5378470901483454,1.0029423750746211,0.18536526635548642,0.5511601369341955,0.9182198554583492,SGD-2,Modeling,ordinal,3,partial,none,SGD,0.01,0.0,0.0
38,0.2671295503775279,0.2220119188229243,0.5263839183735628,1.0024578553615304,0.20725772443689452,0.544734637934973,0.9339830960176654,0.5378470901483454,0.9997521017374206,0.18521046064610736,0.5496386458729555,0.9189806009889692,SGD-2,Modeling,ordinal,3,partial,none,SGD,0.01,0.0,0.0
39,0.26594534516334534,0.22087415059407553,0.5272976471484048,0.9985378357587269,0.2091758278402888,0.5426026041270083,0.9350491129216477,0.5382274629136554,0.9960602630553421,0.18508111394568302,0.5469760365157855,0.9201217192848992,SGD-2,Modeling,ordinal,3,partial,none,SGD,0.01,0.0,0.0
40,0.2647901078065236,0.22108246882756552,0.5295819690855098,0.9959729044711823,0.20990630939320934,0.5377293839945176,0.9374857229878931,0.5393685812095854,0.9941240756309953,0.1856980370574207,0.5443134271586154,0.9216432103461392,SGD-2,Modeling,ordinal,3,partial,none,SGD,0.01,0.0,0.0
41,0.26365848382314044,0.21997658411661783,0.5301149775375009,0.9921623752235447,0.2137946338167873,0.5362065027031143,0.9382471636335947,0.5397489539748954,0.9905338785864973,0.18591600791939555,0.5424115633320654,0.9224039558767593,SGD-2,Modeling,ordinal,3,partial,none,SGD,0.01,0.0,0.0
42,0.26254530747731525,0.21907139321168265,0.5307241300540623,0.9885774466126521,0.21497077317011562,0.5341506129597198,0.9391608924084368,0.5401293267402054,0.9872066280164721,0.1920777053065835,0.5416508178014454,0.9227843286420693,SGD-2,Modeling,ordinal,3,partial,none,SGD,0.01,0.0,0.0
43,0.2614344855149587,0.21861881017684937,0.5313332825706236,0.9855009970809012,0.21565623365386757,0.5323231554100358,0.9399984771187085,0.5412704450361354,0.9845433202297862,0.19313016900725496,0.5393685812095854,0.9239254469379993,SGD-2,Modeling,ordinal,3,partial,none,SGD,0.01,0.0,0.0
44,0.2603428264458974,0.21835432449976602,0.5321708672808955,0.9827058903639919,0.21666854123493265,0.5300388334729308,0.9411406380872611,0.5420311905667554,0.9822354516944108,0.19382335954838395,0.5378470901483454,0.9246861924686193,SGD-2,Modeling,ordinal,3,partial,none,SGD,0.01,0.0,0.0
45,0.25927207867304486,0.21739313503106436,0.5327800197974568,0.9791947986512443,0.21694183516816637,0.5288205284398081,0.9418259346683926,0.5424115633320654,0.9789696090034524,0.199461700611915,0.5370863446177254,0.9250665652339293,SGD-2,Modeling,ordinal,3,partial,none,SGD,0.01,0.0,0.0
46,0.2582135498523712,0.21720207234223685,0.5339983248305794,0.976565050699028,0.21794872357144945,0.5259270539861418,0.9432726718952258,0.5427919360973754,0.976840229297613,0.19984111218438017,0.5363255990871053,0.9254469379992393,SGD-2,Modeling,ordinal,3,partial,none,SGD,0.01,0.0,0.0
47,0.2571783165136973,0.21611316998799643,0.5346074773471408,0.9729559537900354,0.2207225846524019,0.5245564608238787,0.9438818244117871,0.5427919360973754,0.9734252601251003,0.20008919303190043,0.5359452263217953,0.9258273107645493,SGD-2,Modeling,ordinal,3,partial,none,SGD,0.01,0.0,0.0
48,0.2561529576778412,0.2156568020582199,0.5353689179928425,0.9701186745866498,0.22140639979840268,0.5228051473387649,0.9447955531866291,0.5424115633320654,0.970985385691018,0.1998026471633475,0.5370863446177254,0.9250665652339293,SGD-2,Modeling,ordinal,3,partial,none,SGD,0.01,0.0,0.0
49,0.25512780745824176,0.2154006560643514,0.5362826467676844,0.967552327380602,0.22374365631650153,0.5208254016599406,0.9457854260260413,0.5439330543933054,0.9688621483386202,0.20128712580452482,0.5325218714340053,0.9273488018257893,SGD-2,Modeling,ordinal,3,partial,none,SGD,0.01,0.0,0.0
50,0.25413308540980023,0.21486259996891022,0.5368156552196757,0.9646919546643101,0.2258913887902524,0.5196832406913882,0.9463945785426026,0.5443134271586154,0.9663623354227414,0.20191540491119,0.5317611259033853,0.9277291745910993,SGD-2,Modeling,ordinal,3,partial,none,SGD,0.01,0.0,0.0
1,0.4068002601464589,0.31856926282246906,0.4872458691844971,1.295916129247943,0.10920540651238993,0.6706007766694586,0.8757328866214878,0.503233168505135,1.2745481095329285,0.11158906882591092,0.6527196652719666,0.8721947508558388,SGD-3,Modeling,ordinal,3,partial,none,SGD,0.001,0.0,0.0
2,0.4015398422876994,0.31673453251520794,0.4872458691844971,1.2913484580954373,0.10920540651238993,0.6706007766694586,0.8757328866214878,0.503233168505135,1.2705278865154144,0.11158906882591092,0.6527196652719666,0.8721947508558388,SGD-3,Modeling,ordinal,3,partial,none,SGD,0.001,0.0,0.0
3,0.39703912536303204,0.31526198983192444,0.4872458691844971,1.2873233994354794,0.10920540651238993,0.6706007766694586,0.8757328866214878,0.503233168505135,1.2670187919548306,0.11158906882591092,0.6527196652719666,0.8721947508558388,SGD-3,Modeling,ordinal,3,partial,none,SGD,0.001,0.0,0.0
4,0.3931351800759633,0.314031054576238,0.4872458691844971,1.2837026135185292,0.10920540651238993,0.6706007766694586,0.8757328866214878,0.503233168505135,1.263892969899301,0.11158906882591092,0.6527196652719666,0.8721947508558388,SGD-3,Modeling,ordinal,3,partial,none,SGD,0.001,0.0,0.0
5,0.38970298568407696,0.3129834731419881,0.4872458691844971,1.2804030422428214,0.10920540651238993,0.6706007766694586,0.8757328866214878,0.503233168505135,1.261065137468619,0.11158906882591092,0.6527196652719666,0.8721947508558388,SGD-3,Modeling,ordinal,3,partial,none,SGD,0.001,0.0,0.0
6,0.3866513172785441,0.31205389897028607,0.4872458691844971,1.2773629054950242,0.10920540651238993,0.6706007766694586,0.8757328866214878,0.503233168505135,1.2584581219012052,0.11158906882591092,0.6527196652719666,0.8721947508558388,SGD-3,Modeling,ordinal,3,partial,none,SGD,0.001,0.0,0.0
7,0.3839126725991567,0.31121667226155597,0.4872458691844971,1.2745267549134687,0.10920540651238993,0.6706007766694586,0.8757328866214878,0.503233168505135,1.256037345229602,0.11158906882591092,0.6527196652719666,0.8721947508558388,SGD-3,Modeling,ordinal,3,partial,none,SGD,0.001,0.0,0.0
8,0.381420095761617,0.3104306956132253,0.4872458691844971,1.2718336219724062,0.10920540651238993,0.6706007766694586,0.8757328866214878,0.503233168505135,1.2537357420455917,0.11158906882591092,0.6527196652719666,0.8721947508558388,SGD-3,Modeling,ordinal,3,partial,none,SGD,0.001,0.0,0.0
9,0.3791329860687256,0.3097092807292938,0.4872458691844971,1.2692834542660416,0.10920540651238993,0.6706007766694586,0.8757328866214878,0.503233168505135,1.2515623485392342,0.11158906882591092,0.6527196652719666,0.8721947508558388,SGD-3,Modeling,ordinal,3,partial,none,SGD,0.001,0.0,0.0
10,0.3770199418067932,0.3090122838815053,0.4872458691844971,1.2668386585695044,0.10920540651238993,0.6706007766694586,0.8757328866214878,0.503233168505135,1.2494698305142935,0.11158906882591092,0.6527196652719666,0.8721947508558388,SGD-3,Modeling,ordinal,3,partial,none,SGD,0.001,0.0,0.0
11,0.3750552833080292,0.3083307246367137,0.4872458691844971,1.2644807066902701,0.10920540651238993,0.6706007766694586,0.8757328866214878,0.503233168505135,1.247444767115743,0.11158906882591092,0.6527196652719666,0.8721947508558388,SGD-3,Modeling,ordinal,3,partial,none,SGD,0.001,0.0,0.0
12,0.3732157349586487,0.30765121181805927,0.4872458691844971,1.262172902222991,0.10920540651238993,0.6706007766694586,0.8757328866214878,0.503233168505135,1.2454576681644987,0.11158906882591092,0.6527196652719666,0.8721947508558388,SGD-3,Modeling,ordinal,3,partial,none,SGD,0.001,0.0,0.0
13,0.37147576610247296,0.30697500705718994,0.4872458691844971,1.259914947583669,0.10920540651238993,0.6706007766694586,0.8757328866214878,0.503233168505135,1.24350856230967,0.11158906882591092,0.6527196652719666,0.8721947508558388,SGD-3,Modeling,ordinal,3,partial,none,SGD,0.001,0.0,0.0
14,0.3698212802410126,0.306287815173467,0.4872458691844971,1.257688110311147,0.10920540651238993,0.6706007766694586,0.8757328866214878,0.503233168505135,1.2415843245255551,0.11158906882591092,0.6527196652719666,0.8721947508558388,SGD-3,Modeling,ordinal,3,partial,none,SGD,0.001,0.0,0.0
15,0.3682412803173065,0.30560458699862164,0.4872458691844971,1.2555057078985001,0.10920540651238993,0.6706007766694586,0.8757328866214878,0.503233168505135,1.2396948527341356,0.11158906882591092,0.6527196652719666,0.8721947508558388,SGD-3,Modeling,ordinal,3,partial,none,SGD,0.001,0.0,0.0
16,0.3667222062746684,0.30491970976193744,0.4872458691844971,1.2533556295326365,0.10920540651238993,0.6706007766694586,0.8757328866214878,0.503233168505135,1.237824208373905,0.11158906882591092,0.6527196652719666,0.8721947508558388,SGD-3,Modeling,ordinal,3,partial,none,SGD,0.001,0.0,0.0
17,0.3652636607487996,0.3042139410972595,0.4872458691844971,1.2512233329555964,0.10920540651238993,0.6706007766694586,0.8757328866214878,0.503233168505135,1.235954720530892,0.11158906882591092,0.6527196652719666,0.8721947508558388,SGD-3,Modeling,ordinal,3,partial,none,SGD,0.001,0.0,0.0
18,0.3638586203257243,0.3034875790278117,0.4872458691844971,1.2491019260050158,0.10920540651238993,0.6706007766694586,0.8757328866214878,0.503233168505135,1.234085221824594,0.11158906882591092,0.6527196652719666,0.8721947508558388,SGD-3,Modeling,ordinal,3,partial,none,SGD,0.001,0.0,0.0
19,0.3625052571296692,0.3027583161989848,0.4872458691844971,1.2470048502290707,0.10920540651238993,0.6706007766694586,0.8757328866214878,0.503233168505135,1.232233778960015,0.11158906882591092,0.6527196652719666,0.8721947508558388,SGD-3,Modeling,ordinal,3,partial,none,SGD,0.001,0.0,0.0
20,0.36119089523951214,0.30202609300613403,0.4872458691844971,1.2449310400003653,0.10920540651238993,0.6706007766694586,0.8757328866214878,0.503233168505135,1.2303955477345372,0.11158906882591092,0.6527196652719666,0.8721947508558388,SGD-3,Modeling,ordinal,3,partial,none,SGD,0.001,0.0,0.0
21,0.3599173625310262,0.30128217736879986,0.4872458691844971,1.2428662150394638,0.10920540651238993,0.6706007766694586,0.8757328866214878,0.503233168505135,1.2285604114766608,0.11158906882591092,0.6527196652719666,0.8721947508558388,SGD-3,Modeling,ordinal,3,partial,none,SGD,0.001,0.0,0.0
22,0.35867879788080853,0.3005296587944031,0.4872458691844971,1.2408126252239426,0.10920540651238993,0.6706007766694586,0.8757328866214878,0.503233168505135,1.226734260240423,0.11158906882591092,0.6527196652719666,0.8721947508558388,SGD-3,Modeling,ordinal,3,partial,none,SGD,0.001,0.0,0.0
23,0.3574672242005666,0.29977455735206604,0.4872458691844971,1.2387823010061794,0.10920540651238993,0.6706007766694586,0.8757328866214878,0.503233168505135,1.2249229047552486,0.11158906882591092,0.6527196652719666,0.8721947508558388,SGD-3,Modeling,ordinal,3,partial,none,SGD,0.001,0.0,0.0
24,0.3562883138656616,0.2990085581938426,0.4872458691844971,1.2367525418195748,0.10920540651238993,0.6706007766694586,0.8757328866214878,0.503233168505135,1.2231092503294392,0.11158906882591092,0.6527196652719666,0.8721947508558388,SGD-3,Modeling,ordinal,3,partial,none,SGD,0.001,0.0,0.0
25,0.35513564944267273,0.29825026790301007,0.4872458691844971,1.2347560479295157,0.10920540651238993,0.6706007766694586,0.8757328866214878,0.503233168505135,1.2213173100908263,0.11158906882591092,0.6527196652719666,0.8721947508558388,SGD-3,Modeling,ordinal,3,partial,none,SGD,0.001,0.0,0.0
26,0.35401150584220886,0.29748502373695374,0.4872458691844971,1.2327710703954726,0.10920540651238993,0.6706007766694586,0.8757328866214878,0.503233168505135,1.219533399184485,0.11158906882591092,0.6527196652719666,0.8721947508558388,SGD-3,Modeling,ordinal,3,partial,none,SGD,0.001,0.0,0.0
27,0.3529113431771596,0.29670705397923786,0.4872458691844971,1.230795126932734,0.10920540651238993,0.6706007766694586,0.8757328866214878,0.503233168505135,1.2177517295036948,0.11158906882591092,0.6527196652719666,0.8721947508558388,SGD-3,Modeling,ordinal,3,partial,none,SGD,0.001,0.0,0.0
28,0.35183367133140564,0.29593122998873395,0.4872458691844971,1.2288315751201615,0.10920540651238993,0.6706007766694586,0.8757328866214878,0.503233168505135,1.2159783541656903,0.11158906882591092,0.6527196652719666,0.8721947508558388,SGD-3,Modeling,ordinal,3,partial,none,SGD,0.001,0.0,0.0
29,0.35077622532844543,0.29514938592910767,0.4872458691844971,1.2268830230408059,0.10920540651238993,0.6706007766694586,0.8757328866214878,0.503233168505135,1.214210474822424,0.11158906882591092,0.6527196652719666,0.8721947508558388,SGD-3,Modeling,ordinal,3,partial,none,SGD,0.001,0.0,0.0
30,0.3497400184472402,0.2943720916906993,0.4872458691844971,1.2249542225527628,0.10920540651238993,0.6706007766694586,0.8757328866214878,0.503233168505135,1.2124566703079085,0.11158906882591092,0.6527196652719666,0.8721947508558388,SGD-3,Modeling,ordinal,3,partial,none,SGD,0.001,0.0,0.0
31,0.3487217128276825,0.2936021089553833,0.4872458691844971,1.223050088849677,0.10920540651238993,0.6706007766694586,0.8757328866214878,0.503233168505135,1.210722895600844,0.11158906882591092,0.6527196652719666,0.8721947508558388,SGD-3,Modeling,ordinal,3,partial,none,SGD,0.001,0.0,0.0
32,0.34772204359372455,0.29282201329867047,0.4872458691844971,1.2211488019171115,0.10920540651238993,0.6706007766694586,0.8757328866214878,0.503233168505135,1.208989285625234,0.11158906882591092,0.6527196652719666,0.8721947508558388,SGD-3,Modeling,ordinal,3,partial,none,SGD,0.001,0.0,0.0
33,0.3467446168263753,0.29204822580019635,0.4872458691844971,1.2192769709347722,0.10920540651238993,0.6706007766694586,0.8757328866214878,0.503233168505135,1.2072766205078485,0.11158906882591092,0.6527196652719666,0.8721947508558388,SGD-3,Modeling,ordinal,3,partial,none,SGD,0.001,0.0,0.0
34,0.34578268726666767,0.2912802000840505,0.4872458691844971,1.21742284450497,0.10920540651238993,0.6706007766694586,0.8757328866214878,0.503233168505135,1.205579585919081,0.11158906882591092,0.6527196652719666,0.8721947508558388,SGD-3,Modeling,ordinal,3,partial,none,SGD,0.001,0.0,0.0
35,0.3448391755421956,0.2904985149701436,0.4872458691844971,1.2155698074360382,0.10920540651238993,0.6706007766694586,0.8757328866214878,0.503233168505135,1.2038759966499517,0.11158906882591092,0.6527196652719666,0.8721947508558388,SGD-3,Modeling,ordinal,3,partial,none,SGD,0.001,0.0,0.0
36,0.3439147174358368,0.28972646594047546,0.4872458691844971,1.2137440293540673,0.10920540651238993,0.6706007766694586,0.8757328866214878,0.503233168505135,1.2021963984815054,0.11161731207289294,0.6523392925066566,0.8721947508558388,SGD-3,Modeling,ordinal,3,partial,none,SGD,0.001,0.0,0.0
37,0.34300915400187176,0.2889573077360789,0.4872458691844971,1.2119385295880172,0.10920540651238993,0.6706007766694586,0.8757328866214878,0.503233168505135,1.2005264923389425,0.11161731207289294,0.6523392925066566,0.8721947508558388,SGD-3,Modeling,ordinal,3,partial,none,SGD,0.001,0.0,0.0
38,0.34212226668993634,0.28819629549980164,0.4873220132490672,1.210156303507851,0.15683004551982074,0.6702200563466078,0.875809030686058,0.503233168505135,1.1988778916058378,0.11161731207289294,0.6523392925066566,0.8721947508558388,SGD-3,Modeling,ordinal,3,partial,none,SGD,0.001,0.0,0.0
39,0.3412524263064067,0.2874271174271901,0.4873220132490672,1.2083905034060227,0.1508832565284178,0.6699916241528973,0.8758851747506282,0.503233168505135,1.1972331487978372,0.11161731207289294,0.6523392925066566,0.8721947508558388,SGD-3,Modeling,ordinal,3,partial,none,SGD,0.001,0.0,0.0
40,0.34040112296740216,0.28668402632077533,0.4873220132490672,1.2066527620009984,0.146259219432449,0.6699154800883271,0.8758851747506282,0.503233168505135,1.1956198062301768,0.11161731207289294,0.6523392925066566,0.8721947508558388,SGD-3,Modeling,ordinal,3,partial,none,SGD,0.001,0.0,0.0
41,0.33956602215766907,0.285928338766098,0.4873220132490672,1.2049276247506,0.146259219432449,0.6699154800883271,0.8758851747506282,0.503233168505135,1.194004590316778,0.11161731207289294,0.6523392925066566,0.8721947508558388,SGD-3,Modeling,ordinal,3,partial,none,SGD,0.001,0.0,0.0
42,0.33874740203221637,0.28516802191734314,0.4873220132490672,1.2032178495798553,0.14256110883517684,0.6698393360237569,0.8758851747506282,0.503233168505135,1.1924018303038302,0.11161731207289294,0.6523392925066566,0.8721947508558388,SGD-3,Modeling,ordinal,3,partial,none,SGD,0.001,0.0,0.0
43,0.337947150071462,0.2844300965468089,0.4873220132490672,1.2015418808032001,0.14256110883517684,0.6698393360237569,0.8758851747506282,0.503233168505135,1.1908267062409863,0.11161731207289294,0.6523392925066566,0.8721947508558388,SGD-3,Modeling,ordinal,3,partial,none,SGD,0.001,0.0,0.0
44,0.337162325779597,0.28368572394053143,0.4873220132490672,1.199876693495079,0.1395363994841641,0.6699154800883271,0.8758851747506282,0.503233168505135,1.1892532161524034,0.11161731207289294,0.6523392925066566,0.8721947508558388,SGD-3,Modeling,ordinal,3,partial,none,SGD,0.001,0.0,0.0
45,0.33639243245124817,0.2829521993796031,0.4873220132490672,1.198239550801281,0.1330596774665613,0.6695347597654763,0.8760374628797685,0.503233168505135,1.187707138486191,0.11161731207289294,0.6523392925066566,0.8721947508558388,SGD-3,Modeling,ordinal,3,partial,none,SGD,0.001,0.0,0.0
46,0.33563798666000366,0.2822285294532776,0.4873981573136374,1.1966199688515542,0.1463095780206436,0.6684687428614939,0.8763420391380492,0.503233168505135,1.1861730255463878,0.11164556962025317,0.6511981742107266,0.8725751236211488,SGD-3,Modeling,ordinal,3,partial,none,SGD,0.001,0.0,0.0
47,0.33489922682444256,0.2815099557240804,0.4873981573136374,1.1950234777077633,0.14261707142125216,0.668011878474073,0.8764943272671896,0.503233168505135,1.1846582011830016,0.11164556962025317,0.6511981742107266,0.8725751236211488,SGD-3,Modeling,ordinal,3,partial,none,SGD,0.001,0.0,0.0
48,0.3341722786426544,0.2807999948660533,0.4873981573136374,1.1934542273969417,0.1410353692466722,0.6679357344095028,0.8764943272671896,0.503233168505135,1.1831617714547014,0.11164556962025317,0.6511981742107266,0.8725751236211488,SGD-3,Modeling,ordinal,3,partial,none,SGD,0.001,0.0,0.0
49,0.3334619303544362,0.28011055787404376,0.4873981573136374,1.1919149914030216,0.13828604529403246,0.6674788700220817,0.8766466153963298,0.503233168505135,1.1816967201074116,0.11164556962025317,0.6511981742107266,0.8725751236211488,SGD-3,Modeling,ordinal,3,partial,none,SGD,0.001,0.0,0.0
50,0.33276482423146564,0.27941365043322247,0.4873981573136374,1.190385375361181,0.13597840755735494,0.6671742937638011,0.8767227594609001,0.503233168505135,1.1802348786132992,0.11167384147885541,0.6508178014454165,0.8725751236211488,SGD-3,Modeling,ordinal,3,partial,none,SGD,0.001,0.0,0.0
1,0.5013322234153748,0.3982895016670227,0.4876265895073479,1.1338260301938319,0.11727837345306252,0.6640523871164242,0.8770273357191807,0.502472422974515,1.1223810612507032,0.11851689608500554,0.6595663750475466,0.8706732597945988,L2,Modeling,ordinal,3,partial,none,Adam,0.001,0.001,0.0
2,0.4322989284992218,0.35188772281010944,0.4878550217010584,1.1025664386186163,0.1245645523389725,0.6553719637554253,0.8796162339145663,0.503613541270445,1.0940408034593276,0.12236134882743298,0.6466337010270065,0.8733358691517688,L2,Modeling,ordinal,3,partial,none,Adam,0.001,0.001,0.0
3,0.39238784710566205,0.3226177493731181,0.4942511231249524,1.0815886516676283,0.17157218139570826,0.633290185030077,0.8901241148252493,0.5066565233929251,1.0777309056284636,0.1414779042090125,0.6363636363636364,0.8790414606314187,L2,Modeling,ordinal,3,partial,none,Adam,0.001,0.001,0.0
4,0.36304794748624164,0.3034079670906067,0.5011802330008376,1.0651843753550538,0.1987176138519978,0.6117414147567197,0.9003274194776517,0.5131228604031951,1.0666042186089955,0.1756351934700308,0.6162038798022061,0.8893115252947889,L2,Modeling,ordinal,3,partial,none,Adam,0.001,0.001,0.0
5,0.3410508334636688,0.29180150230725604,0.5081093428767227,1.0490133623692732,0.22049467900685352,0.5916393817101957,0.9103784360009137,0.5192088246481552,1.0522294505461938,0.17945257367892467,0.5971852415367059,0.897299353366299,L2,Modeling,ordinal,3,partial,none,Adam,0.001,0.001,0.0
6,0.32485707600911456,0.2725437978903453,0.51138353765324,1.0308254346345516,0.23609706033781808,0.5823498058326353,0.9147186476814132,0.5211106884747052,1.0367100825690403,0.18695937027033074,0.5850133130467858,0.9022441993153291,L2,Modeling,ordinal,3,partial,none,Adam,0.001,0.001,0.0
7,0.31032223502794903,0.2602374255657196,0.5164851899794412,1.0099118612796867,0.25635776650438163,0.5687961623391457,0.9211147491053072,0.5245340433624952,1.0174756236929412,0.20025733090983736,0.5766451122099657,0.9060479269684291,L2,Modeling,ordinal,3,partial,none,Adam,0.001,0.001,0.0
8,0.29874399304389954,0.25542886058489483,0.5240995964364578,0.9956553387600026,0.26609082143463947,0.5500647224548847,0.9301758927891571,0.5355648535564853,1.006348176911938,0.22361593962373227,0.5526816279954355,0.9178394826930392,L2,Modeling,ordinal,3,partial,none,Adam,0.001,0.001,0.0
9,0.28921930988629657,0.2500227491060893,0.5292773928272291,0.9841496607076575,0.2745267286941912,0.5367395111551054,0.9371050026650423,0.5382274629136554,0.9983006426467365,0.23251199852725382,0.5450741726892354,0.9216432103461392,L2,Modeling,ordinal,3,partial,none,Adam,0.001,0.001,0.0
10,0.28119130929311115,0.24027442932128906,0.5329323079265971,0.9681754564846399,0.2847427558899,0.5294296809563694,0.9405314855706998,0.5397489539748954,0.9836581762023718,0.22968987155127976,0.5408900722708254,0.9239254469379993,L2,Modeling,ordinal,3,partial,none,Adam,0.001,0.001,0.0
11,0.2742571532726288,0.23890244960784912,0.5362065027031143,0.9584049345847353,0.294803448826714,0.5219675626284931,0.9442625447346379,0.5462152909851654,0.9747685363004771,0.24998519561167312,0.5279573982502853,0.9296310384176493,L2,Modeling,ordinal,3,partial,none,Adam,0.001,0.001,0.0
12,0.26715339223543805,0.23645459612210593,0.5414604431584558,0.9473112642798769,0.30965074494589484,0.5104698088783979,0.9498972055128303,0.5477367820464055,0.9671454946744268,0.2503596581456001,0.5218714340053252,0.9338151388360594,L2,Modeling,ordinal,3,partial,none,Adam,0.001,0.001,0.0
13,0.26199133197466534,0.23467530806859335,0.5493794258737531,0.9379441475213751,0.3077884832080936,0.4986674788700221,0.9534759765476282,0.5599087105363256,0.960713822666331,0.26392171727051766,0.502852795739825,0.9402814758463294,L2,Modeling,ordinal,3,partial,none,Adam,0.001,0.001,0.0
14,0.2576623459657033,0.22320754826068878,0.5587451458158836,0.9179145384724976,0.3537027007419766,0.4871697251199269,0.9553795781618822,0.5644731837200456,0.9403688034032479,0.2681831972953454,0.49638645872955495,0.9418029669075694,L2,Modeling,ordinal,3,partial,none,Adam,0.001,0.001,0.0
15,0.25220266977945965,0.22759119172890982,0.5723749333739435,0.9152453209030441,0.36829189707839266,0.4665346836214117,0.9617756795857763,0.5701787751996957,0.9446167028691848,0.2795276938672759,0.48611639406618484,0.9463674400912895,L2,Modeling,ordinal,3,partial,none,Adam,0.001,0.001,0.0
16,0.24804607530434927,0.22127904991308847,0.5846341277697403,0.8987805432411807,0.3048808164146533,0.4496307012868347,0.9663443234599863,0.5800684670977558,0.9263119562162977,0.2890211728193021,0.4709014834537847,0.9505515405096995,L2,Modeling,ordinal,3,partial,none,Adam,0.001,0.001,0.0
17,0.24372523526350656,0.22609356045722961,0.5924008223558973,0.9011845019406325,0.3827030460469358,0.4414071423132567,0.9667250437828371,0.5812095853936858,0.9365252331410694,0.32634010786451156,0.4712818562190947,0.9497907949790795,L2,Modeling,ordinal,3,partial,none,Adam,0.001,0.001,0.0
18,0.24068328738212585,0.22149627904097238,0.6057260336556766,0.8894980990992492,0.32716292230350963,0.4220665499124343,0.97258813675474,0.5899581589958159,0.9209003165325566,0.30247812291002135,0.4572080639026246,0.9539748953974896,L2,Modeling,ordinal,3,partial,none,Adam,0.001,0.001,0.0
19,0.2370405246814092,0.21733993788560232,0.6081626437219219,0.8753712345048393,0.389644410496214,0.418716211071347,0.9735780095941521,0.5941422594142259,0.9127136488958737,0.3420429505499591,0.4499809813617345,0.9573982502852796,L2,Modeling,ordinal,3,partial,none,Adam,0.001,0.001,0.0
20,0.23387309412161508,0.21838556230068207,0.6188228127617452,0.872808836023348,0.34726443105072696,0.4063047285464098,0.9751008908855555,0.609357170026626,0.9116688547660742,0.3233743692491332,0.4317230886268543,0.9600608596424496,L2,Modeling,ordinal,3,partial,none,Adam,0.001,0.001,0.0
21,0.23118704557418823,0.21712002654870352,0.6211071346988503,0.8658370078300761,0.3656751933086266,0.4028021015761821,0.9763953399832483,0.602890833016356,0.9085121884772573,0.31767536085792664,0.4393305439330544,0.9593001141118296,L2,Modeling,ordinal,3,partial,none,Adam,0.001,0.001,0.0
22,0.22821874916553497,0.2220213363567988,0.6238483210233762,0.8677872637570583,0.36781982350685233,0.3998324830579456,0.9763953399832483,0.603651578546976,0.9139248194094712,0.3554844576820273,0.44161278052491443,0.9566375047546596,L2,Modeling,ordinal,3,partial,none,Adam,0.001,0.001,0.0
23,0.22498763104279837,0.21868835389614105,0.6313865834158228,0.8536814639671496,0.3694950844310048,0.3897814665346836,0.9788319500494936,0.6104982883225561,0.9020627924956788,0.35822446729749496,0.42944085203499427,0.9615823507036896,L2,Modeling,ordinal,3,partial,none,Adam,0.001,0.001,0.0
24,0.22343825797239938,0.21962214509646097,0.6354983629026117,0.8556735750721978,0.365779396515471,0.3842229498210614,0.9802786872763268,0.608216051730696,0.9039261638765637,0.3297218988997435,0.4324838341574743,0.9600608596424496,L2,Modeling,ordinal,3,partial,none,Adam,0.001,0.001,0.0
25,0.2204996943473816,0.21355299154917398,0.64379806594076,0.8366945767323594,0.36327473860620724,0.3735627807812381,0.9827914414071424,0.6169646253328261,0.889168604483522,0.3346747231991054,0.4203119056675542,0.9634842145302396,L2,Modeling,ordinal,3,partial,none,Adam,0.001,0.001,0.0
26,0.21847498416900635,0.218063955505689,0.6406000152288129,0.8410120272241148,0.38060656239732693,0.37805528059087795,0.9813447041803092,0.5975656143020159,0.9011927567435762,0.3569116383698718,0.4435146443514644,0.9600608596424496,L2,Modeling,ordinal,3,partial,none,Adam,0.001,0.001,0.0
27,0.21674410005410513,0.21124597390492758,0.6473768369755577,0.8232295422727852,0.35236411226142744,0.3692225691007386,0.9834005939237036,0.6173449980981361,0.8790236441344256,0.32519604695759835,0.4195511601369342,0.9638645872955497,L2,Modeling,ordinal,3,partial,none,Adam,0.001,0.001,0.0
28,0.21476156016190848,0.21932876110076904,0.6412091677453743,0.8352657232015016,0.3827671592696613,0.3776745602680271,0.9811162719865987,0.600228223659186,0.8962322012247496,0.36227855951652277,0.4419931532902244,0.9585393685812096,L2,Modeling,ordinal,3,partial,none,Adam,0.001,0.001,0.0
29,0.21260204911231995,0.21463652948538461,0.6424274727784969,0.824195935715325,0.3899962964972863,0.37508566207264143,0.9824868651488616,0.6097375427919361,0.8864516897703795,0.3639800140903991,0.42944085203499427,0.9615823507036896,L2,Modeling,ordinal,3,partial,none,Adam,0.001,0.001,0.0
30,0.2102918177843094,0.21351704994837442,0.653849082464022,0.8152732470592514,0.3723421250997732,0.36122744232087106,0.984923475215107,0.6124001521491061,0.8820704895903889,0.33217665789690076,0.4229745150247242,0.9653860783567897,L2,Modeling,ordinal,3,partial,none,Adam,0.001,0.001,0.0
31,0.20833646754423776,0.2103157937526703,0.6514124723977766,0.804871302419579,0.3712662468379822,0.3635879083225463,0.9849996192796772,0.6135412704450361,0.8730179540081925,0.33162350774963967,0.42601749714720427,0.9612019779383796,L2,Modeling,ordinal,3,partial,none,Adam,0.001,0.001,0.0
32,0.20683137079079947,0.21461103359858194,0.6517931927206274,0.8124381382861465,0.37726736820300383,0.36457778116195844,0.9836290261174141,0.602510460251046,0.881403977214684,0.33339209003067366,0.4321034613921643,0.9661468238874097,L2,Modeling,ordinal,3,partial,none,Adam,0.001,0.001,0.0
33,0.20508656899134317,0.21615230043729147,0.6490520063961014,0.8114953545694049,0.39733633469356106,0.36838498439046674,0.9825630092134318,0.5983263598326359,0.8857123450787416,0.3617748857206689,0.4438950171167744,0.9593001141118296,L2,Modeling,ordinal,3,partial,none,Adam,0.001,0.001,0.0
34,0.20362326006094614,0.21655083696047464,0.6518693367851975,0.8077110430202991,0.3846191310112001,0.3651107896139496,0.983096017665423,0.605553442373526,0.883064361862982,0.33074410956340256,0.4317230886268543,0.9634842145302396,L2,Modeling,ordinal,3,partial,none,Adam,0.001,0.001,0.0
35,0.2029183804988861,0.21521473427613577,0.6501180233000837,0.8029527010538386,0.4000221891552076,0.3672428234219143,0.982639153278002,0.604031951312286,0.8797581427617027,0.3316194391178263,0.4343856979840243,0.9619627234689996,L2,Modeling,ordinal,3,partial,none,Adam,0.001,0.001,0.0
36,0.20047201216220856,0.21365649501482645,0.6560572603365568,0.792783881044659,0.3922913661136424,0.35901926444833626,0.984923475215107,0.5987067325979459,0.8773080338998765,0.32740011000404234,0.4400912894636744,0.9619627234689996,L2,Modeling,ordinal,3,partial,none,Adam,0.001,0.001,0.0
37,0.19937516252199808,0.2136775106191635,0.6520977689789081,0.7890843151295136,0.4086601022422502,0.3652630777430899,0.982639153278002,0.601369341955116,0.8769613929843909,0.3321947618229501,0.4385697984024344,0.9612019779383796,L2,Modeling,ordinal,3,partial,none,Adam,0.001,0.001,0.0
38,0.19836841026941934,0.21369096140066782,0.6576562856925303,0.7819864945488991,0.39016187702039945,0.35650651031752073,0.985837203989949,0.603651578546976,0.8753774022896543,0.33103946998092476,0.4328642069227843,0.9642449600608597,L2,Modeling,ordinal,3,partial,none,Adam,0.001,0.001,0.0
39,0.1968939354022344,0.21624180674552917,0.6580370060153811,0.7854653790710509,0.3997071104398379,0.35810553567349424,0.9838574583111247,0.601369341955116,0.8792602192854116,0.334870821304803,0.4366679345758844,0.9627234689996196,L2,Modeling,ordinal,3,partial,none,Adam,0.001,0.001,0.0
40,0.1958666443824768,0.21995766957600912,0.6498895911063732,0.7937327014217704,0.40111490667485145,0.3686134165841773,0.9814969923094494,0.5891974134651959,0.8905529398743197,0.3242066436095533,0.45264359071890453,0.9589197413465196,L2,Modeling,ordinal,3,partial,none,Adam,0.001,0.001,0.0
41,0.19494548439979553,0.22687786320845285,0.6395339983248306,0.8082450820632295,0.4075119310134929,0.38102489910911447,0.979441102566055,0.5804488398630658,0.9109904291091182,0.3517996469712914,0.46595663750475463,0.9543552681627996,L2,Modeling,ordinal,3,partial,none,Adam,0.001,0.001,0.0
42,0.19446160892645517,0.22416751583417258,0.6472245488464174,0.7992207464530202,0.40897718336475203,0.3717353232315541,0.9810401279220284,0.5872955496386458,0.9010543394028484,0.3227176539275263,0.45492582731076453,0.9581589958158996,L2,Modeling,ordinal,3,partial,none,Adam,0.001,0.001,0.0
43,0.19221859176953635,0.21499388416608176,0.6613873448564684,0.7690698354349317,0.3985789413390921,0.3536130358638544,0.9849996192796772,0.606314187904146,0.8710625642134602,0.33200292255884917,0.4305819703309243,0.9642449600608597,L2,Modeling,ordinal,3,partial,none,Adam,0.001,0.001,0.0
44,0.19018403192361197,0.22159232199192047,0.6590268788547933,0.784111346496066,0.4075051125883325,0.3581816797380644,0.9827914414071424,0.601369341955116,0.888028285502963,0.3285454291772681,0.4385697984024344,0.9608216051730696,L2,Modeling,ordinal,3,partial,none,Adam,0.001,0.001,0.0
45,0.18978814780712128,0.22835274040699005,0.6551435315617148,0.7951504518551031,0.41344532500959935,0.36404477270996727,0.980811695728318,0.5823507036896158,0.9040584489202188,0.31780452691775546,0.4602510460251046,0.9585393685812096,L2,Modeling,ordinal,3,partial,none,Adam,0.001,0.001,0.0
46,0.18926237523555756,0.22088364760080972,0.6549150993680043,0.7711496508502391,0.41660745221910694,0.3621411710957131,0.9829437295362826,0.5949030049448459,0.8846230051749292,0.3256005845694128,0.4480791175351845,0.9581589958158996,L2,Modeling,ordinal,3,partial,none,Adam,0.001,0.001,0.0
47,0.18738305568695068,0.22897855440775552,0.653392218076601,0.7820957457934616,0.4177558404285893,0.3655676540013706,0.9810401279220284,0.5876759224039558,0.8989198445937071,0.32344547215820574,0.4602510460251046,0.9535945226321796,L2,Modeling,ordinal,3,partial,none,Adam,0.001,0.001,0.0
48,0.1878856619199117,0.22955981393655142,0.643341201553339,0.8030170680468547,0.4113138160608781,0.37797913652630777,0.9786796619203533,0.5831114492202358,0.911637898697394,0.3219936587016175,0.46177253708634464,0.9558767592240396,L2,Modeling,ordinal,3,partial,none,Adam,0.001,0.001,0.0
49,0.18498346209526062,0.22170011202494302,0.6626817939541613,0.7638009460763696,0.3910496135199577,0.3529277392827229,0.9843904667631158,0.5941422594142259,0.8851730266173262,0.3256626387772293,0.4442753898820844,0.9623430962343096,L2,Modeling,ordinal,3,partial,none,Adam,0.001,0.001,0.0
50,0.18546725312868753,0.2205601433912913,0.6630625142770121,0.7580555513866641,0.3904940096448182,0.3513287139267494,0.9856087717962385,0.602890833016356,0.878453999274759,0.3245379277188662,0.4340053252187143,0.9638645872955497,L2,Modeling,ordinal,3,partial,none,Adam,0.001,0.001,0.0
1,0.3377792537212372,0.24864627917607626,0.4876265895073479,1.1385287198964187,0.11780711623363671,0.6626817939541613,0.8774842001066017,0.502852795739825,1.125612858471781,0.11902451917844427,0.6557626473944466,0.8714340053252188,Dropout-1,Modeling,ordinal,3,partial,none,Adam,0.001,0.0,0.2
2,0.30918219685554504,0.24057762821515402,0.48793116576562856,1.107078369397736,0.1272648187257138,0.6578085738216706,0.8791593695271454,0.503993914035755,1.0969107735509205,0.12685379979497627,0.6458729554963865,0.8733358691517688,Dropout-1,Modeling,ordinal,3,partial,none,Adam,0.001,0.0,0.2
3,0.2996673285961151,0.23611316084861755,0.49440341125409276,1.08467398257233,0.1686962574330427,0.6339754816112084,0.8896672504378283,0.5089387599847851,1.079237730823051,0.16323839441226315,0.6329402814758464,0.8801825789273487,Dropout-1,Modeling,ordinal,3,partial,none,Adam,0.001,0.0,0.2
4,0.29143067200978595,0.23545706272125244,0.4995812076448641,1.066648490921309,0.1907417167800778,0.6158531942435087,0.8988806822508185,0.5116013693419551,1.0654930873066444,0.16940044579168445,0.6196272346899961,0.8870292887029289,Dropout-1,Modeling,ordinal,3,partial,none,Adam,0.001,0.0,0.2
5,0.28448091944058734,0.23382933934529623,0.5063580293916089,1.0479458200430118,0.2210731478841573,0.5953704408741338,0.9085509784512297,0.5169265880562952,1.049000079426226,0.17184380026222165,0.601749714720426,0.894256371243819,Dropout-1,Modeling,ordinal,3,partial,none,Adam,0.001,0.0,0.2
6,0.27853556474049884,0.22429457306861877,0.5098606563618366,1.0266688174549115,0.23404600273999218,0.5860047209320034,0.912815046067159,0.5214910612400152,1.0296439118283471,0.19496105973506342,0.5888170406998859,0.899581589958159,Dropout-1,Modeling,ordinal,3,partial,none,Adam,0.001,0.0,0.2
7,0.2736518482367198,0.2242878625790278,0.5146577324297571,1.0098250273409324,0.24678302262067445,0.5743546790527678,0.9184497068453514,0.5241536705971852,1.016330258626855,0.20921123719045343,0.5812095853936858,0.9033853176112591,Dropout-1,Modeling,ordinal,3,partial,none,Adam,0.001,0.0,0.2
8,0.2672167221705119,0.21930086612701416,0.5192263763039671,0.992629482906896,0.2587337329608564,0.563009213431813,0.9239320794944034,0.5310003803727653,1.0011606679662368,0.2269719358716169,0.5652339292506656,0.9109927729174591,Dropout-1,Modeling,ordinal,3,partial,none,Adam,0.001,0.0,0.2
9,0.2634948293368022,0.21926919122536978,0.5205969694662301,0.9805900979856541,0.2696465775434201,0.5589735780095941,0.926064113302368,0.5336629897299353,0.9906088539144299,0.2262587789846798,0.5591479650057056,0.9140357550399392,Dropout-1,Modeling,ordinal,3,partial,none,Adam,0.001,0.0,0.2
10,0.2580391267935435,0.2154396822055181,0.5295058250209396,0.965711690880451,0.2816071045093113,0.5368917992842458,0.9367242823421914,0.5405096995055154,0.9814857337761795,0.2407426079786328,0.5416508178014454,0.9231647014073793,Dropout-1,Modeling,ordinal,3,partial,none,Adam,0.001,0.0,0.2
11,0.25300872325897217,0.21254193286101022,0.5311048503769131,0.9507891317202366,0.2993817046689333,0.5325515876037463,0.9392370364730069,0.5424115633320654,0.9669848349284641,0.2364334249815693,0.5370863446177254,0.9258273107645493,Dropout-1,Modeling,ordinal,3,partial,none,Adam,0.001,0.0,0.2
12,0.24860835075378418,0.21291635433832803,0.5386431127693596,0.9402027241897792,0.2906425712177439,0.5161044696565903,0.9472321632528744,0.5458349182198554,0.9607078050430078,0.24578677032302376,0.5264359071890453,0.9311525294788893,Dropout-1,Modeling,ordinal,3,partial,none,Adam,0.001,0.0,0.2
13,0.2444013257821401,0.20950065553188324,0.5482372649052006,0.9256193123556111,0.3133756630814893,0.5010279448716972,0.9524099596436458,0.5553442373526055,0.9489361502743229,0.25575557895886486,0.5123621148725751,0.9353366298972994,Dropout-1,Modeling,ordinal,3,partial,none,Adam,0.001,0.0,0.2
14,0.24109874665737152,0.20544858276844025,0.5576029848473312,0.9117776938767038,0.2709512984298725,0.4883118860884794,0.9553034340973121,0.5656143020159756,0.936680963200662,0.26289401074069935,0.497907949790795,0.9399011030810194,Dropout-1,Modeling,ordinal,3,partial,none,Adam,0.001,0.0,0.2
15,0.23612048228581747,0.20565191904703775,0.5719180689865225,0.903734657853303,0.2919440723328182,0.4666108276859819,0.9621563999086271,0.5686572841384557,0.9316577728816987,0.26692750718603536,0.48649676683149484,0.9478889311525295,Dropout-1,Modeling,ordinal,3,partial,none,Adam,0.001,0.0,0.2
16,0.23303433259328207,0.20656915505727133,0.5897357800959415,0.8958507678783452,0.3279653359288079,0.442016294829818,0.9687809335262316,0.5800684670977558,0.926657965449903,0.2902032598414351,0.4705211106884747,0.9513122860403195,Dropout-1,Modeling,ordinal,3,partial,none,Adam,0.001,0.0,0.2
17,0.22943367063999176,0.20438585678736368,0.6022995507500191,0.8848341798144411,0.3380238026022851,0.42625447346379347,0.9719028401736085,0.5888170406998859,0.9184322658894561,0.30049160281655873,0.4575884366679346,0.9554963864587296,Dropout-1,Modeling,ordinal,3,partial,none,Adam,0.001,0.0,0.2
18,0.22662820915381113,0.2064120521148046,0.6141018807583949,0.8827809157517529,0.340112095557529,0.4114825249371811,0.9747201705627047,0.5922403955876759,0.9200702803619866,0.2998857806674277,0.45112209965766453,0.9577786230505896,Dropout-1,Modeling,ordinal,3,partial,none,Adam,0.001,0.0,0.2
19,0.22343172132968903,0.20048001408576965,0.6221731516028326,0.86451514036518,0.33923326064822534,0.399984771187086,0.9780705094037919,0.5987067325979459,0.9038122114338216,0.30087597514087056,0.4419931532902244,0.9604412324077596,Dropout-1,Modeling,ordinal,3,partial,none,Adam,0.001,0.0,0.2
20,0.2197138468424479,0.1990794042746226,0.6261326429604812,0.8556644601662624,0.3310019007767302,0.3948069747963146,0.9793649585014849,0.604412324077596,0.8995054165262293,0.3066336550240588,0.4347660707493343,0.9615823507036896,Dropout-1,Modeling,ordinal,3,partial,none,Adam,0.001,0.0,0.2
21,0.21626907587051392,0.19890227913856506,0.6387725576791289,0.8497295408781843,0.3503485630877929,0.37988273814056195,0.9814969923094494,0.6116394066184861,0.8952835692589304,0.31560156286728536,0.4241156333206542,0.9650057055914797,Dropout-1,Modeling,ordinal,3,partial,none,Adam,0.001,0.0,0.2
22,0.213675727446874,0.19750772913297018,0.6410568796162339,0.8397500884687903,0.3616063531978704,0.3772176958806061,0.9818015685677302,0.6146823887409661,0.8896612172943925,0.3174473225849949,0.4222137694941042,0.9642449600608597,Dropout-1,Modeling,ordinal,3,partial,none,Adam,0.001,0.0,0.2
23,0.21131145457426706,0.1978244185447693,0.6490520063961014,0.8342593799283046,0.3661173349937307,0.36640523871164243,0.9845427548922562,0.6139216432103461,0.8875785993382549,0.317804635505073,0.4214530239634842,0.9653860783567897,Dropout-1,Modeling,ordinal,3,partial,none,Adam,0.001,0.0,0.2
24,0.208507830897967,0.19943157335122427,0.6587984466610828,0.8330305261574583,0.36259847390128436,0.3548313408969771,0.9863702124419401,0.6188664891593761,0.888810216749416,0.32413103269389393,0.4134651958919741,0.9684290604792697,Dropout-1,Modeling,ordinal,3,partial,none,Adam,0.001,0.0,0.2
25,0.20584508776664734,0.1967845360438029,0.6594075991776441,0.8223407659165628,0.36514057185202625,0.3538414680575649,0.986750932764791,0.6192468619246861,0.8802711790541682,0.3250422365192794,0.4123240775960441,0.9691898060098897,Dropout-1,Modeling,ordinal,3,partial,none,Adam,0.001,0.0,0.2
26,0.20390592515468597,0.19742403427759805,0.6635193786644331,0.818956433219616,0.3934241814274746,0.3492728241833549,0.987207797152212,0.6139216432103461,0.8809212464941071,0.32569698426165344,0.41802966907569417,0.9688094332445797,Dropout-1,Modeling,ordinal,3,partial,none,Adam,0.001,0.0,0.2
27,0.20129834612210593,0.1931409885485967,0.6701439122820376,0.808192830884646,0.340961822599191,0.3411254092743471,0.9888068225081855,0.6302776721186764,0.8681910724502891,0.3227491603755827,0.39825028527957396,0.9726131608976797,Dropout-1,Modeling,ordinal,3,partial,none,Adam,0.001,0.0,0.2
28,0.1986977905035019,0.19486021002133688,0.6641285311809945,0.8023516239864706,0.3680724505606438,0.34736922256910074,0.9885022462499048,0.6177253708634461,0.8707801537915589,0.3220402336045486,0.41650817801445417,0.9669075694180297,Dropout-1,Modeling,ordinal,3,partial,none,Adam,0.001,0.0,0.2
29,0.19649007419745126,0.19582361479600272,0.6684687428614939,0.8006326477849048,0.37328568629846437,0.34371430746973275,0.9878169496687733,0.6139216432103461,0.8727259983998921,0.3256726367261463,0.41726892354507417,0.9695701787751997,Dropout-1,Modeling,ordinal,3,partial,none,Adam,0.001,0.0,0.2
30,0.19443364441394806,0.19634325802326202,0.6729612426711338,0.7970560441959246,0.3812377902489048,0.33861265514353156,0.9884261021853347,0.6203879802206163,0.8735588805494282,0.33526224640515867,0.4104222137694941,0.9699505515405097,Dropout-1,Modeling,ordinal,3,partial,none,Adam,0.001,0.0,0.2
31,0.19161527852217355,0.19513078530629477,0.6768445899642123,0.791132350143094,0.3821460831868236,0.33389172314018123,0.9892636868956065,0.6241917078737163,0.8671597000083084,0.33681938780931614,0.40585774058577406,0.9707112970711297,Dropout-1,Modeling,ordinal,3,partial,none,Adam,0.001,0.0,0.2
32,0.19026921192804971,0.19450068970521292,0.674864844285388,0.7850978813086156,0.36907837661820825,0.3362521891418564,0.9888829665727557,0.6169646253328261,0.8663807192181081,0.32524220786381497,0.41460631418790417,0.9691898060098897,Dropout-1,Modeling,ordinal,3,partial,none,Adam,0.001,0.0,0.2
33,0.18877953787644705,0.19543767472108206,0.6763877255767913,0.7811697318725218,0.3978556677985714,0.33503388410873375,0.988578390314475,0.6215290985165463,0.8638458344056876,0.33274994447821254,0.4089007227082541,0.9703309243058197,Dropout-1,Modeling,ordinal,3,partial,none,Adam,0.001,0.0,0.2
34,0.1863679438829422,0.19760431349277496,0.680804081321861,0.7829837457212696,0.3853419497777801,0.3313789690093657,0.9878169496687733,0.6146823887409661,0.8714099625349988,0.32711577361766037,0.41726892354507417,0.9688094332445797,Dropout-1,Modeling,ordinal,3,partial,none,Adam,0.001,0.0,0.2
35,0.18487211068471274,0.19739019870758057,0.6776821746744841,0.776542983917081,0.41911823924099734,0.33495774004416357,0.9873600852813523,0.6131608976797261,0.8701554125414626,0.3291043295959826,0.4199315329022442,0.9676683149486497,Dropout-1,Modeling,ordinal,3,partial,none,Adam,0.001,0.0,0.2
36,0.18301228185494742,0.20256618161996207,0.6753978527373791,0.7873870716483313,0.4227814755647505,0.33846036701439125,0.9861417802482296,0.608976797261316,0.884168512650888,0.33249824299835123,0.42677824267782427,0.9650057055914797,Dropout-1,Modeling,ordinal,3,partial,none,Adam,0.001,0.0,0.2
37,0.18247893949349722,0.19775732358296713,0.6793573440950278,0.7681030757135152,0.4181604638714704,0.3327495621716287,0.9878930937333434,0.608596424496006,0.8683614210619303,0.3237600452490697,0.4229745150247242,0.9688094332445797,Dropout-1,Modeling,ordinal,3,partial,none,Adam,0.001,0.0,0.2
38,0.17975072065989176,0.19727206726868948,0.6814893779029925,0.7642868412580586,0.40130930470720344,0.33023680804081323,0.9882738140561943,0.6165842525675161,0.8659099009709975,0.33304273717676686,0.41536705971852417,0.9684290604792697,Dropout-1,Modeling,ordinal,3,partial,none,Adam,0.001,0.0,0.2
39,0.17790299654006958,0.19467238088448843,0.6878854793268865,0.7559552069569464,0.3667992858169627,0.322393969390086,0.9897205512830275,0.6203879802206163,0.8588570731522186,0.3252613779525048,0.4096614682388741,0.9703309243058197,Dropout-1,Modeling,ordinal,3,partial,none,Adam,0.001,0.0,0.2
40,0.17748448749383292,0.19920491675535837,0.6824031066778344,0.7623159688665019,0.3931080236060789,0.33016066397624305,0.9874362293459225,0.608976797261316,0.8709521155114587,0.3253525091605122,0.4248763788512743,0.9669075694180297,Dropout-1,Modeling,ordinal,3,partial,none,Adam,0.001,0.0,0.2
41,0.17493837078412375,0.19888372719287872,0.6797380644178787,0.7555728165347176,0.42181864628923665,0.3328257062361989,0.9874362293459225,0.6116394066184861,0.8705411265434454,0.329584079379315,0.4237352605553442,0.9653860783567897,Dropout-1,Modeling,ordinal,3,partial,none,Adam,0.001,0.0,0.2
42,0.17334632078806558,0.19730097552140555,0.6880377674560268,0.7487243456689677,0.40051296304106515,0.3229269778420772,0.989035254701896,0.6150627615062761,0.8627622210307542,0.321220549647285,0.41460631418790417,0.9707112970711297,Dropout-1,Modeling,ordinal,3,partial,none,Adam,0.001,0.0,0.2
43,0.1725336660941442,0.1976808706919352,0.691311962232544,0.7515453943017237,0.3906750587768997,0.31995735932384073,0.9887306784436153,0.6131608976797261,0.8662899485926139,0.31864211614824595,0.41460631418790417,0.9726131608976797,Dropout-1,Modeling,ordinal,3,partial,none,Adam,0.001,0.0,0.2
44,0.17133686939875284,0.20083999137083688,0.685372725196071,0.7513666362386074,0.4028294718013706,0.3272671895225767,0.9873600852813523,0.607455306200076,0.8731922873731636,0.32872526464022567,0.4248763788512743,0.9680486877139597,Dropout-1,Modeling,ordinal,3,partial,none,Adam,0.001,0.0,0.2
45,0.16999240716298422,0.19955113033453623,0.6865910302291937,0.7440492898212683,0.4093888008351411,0.32536358790832254,0.9880453818624838,0.6120197793837961,0.8696961392527354,0.32970234721276104,0.4214530239634842,0.9672879421833397,Dropout-1,Modeling,ordinal,3,partial,none,Adam,0.001,0.0,0.2
46,0.1682054102420807,0.2002695898214976,0.6897129368765704,0.739740396002998,0.4051447110049748,0.32186096093809485,0.9884261021853347,0.607835678965386,0.8693161972081246,0.33079133709511227,0.42563712438189427,0.9672879421833397,Dropout-1,Modeling,ordinal,3,partial,none,Adam,0.001,0.0,0.2
47,0.1674202730258306,0.20206249256928763,0.6870478946166146,0.7397580688991359,0.4389788837170539,0.3257443082311734,0.987207797152212,0.608216051730696,0.8748886978252625,0.3253357958961093,0.42563712438189427,0.9669075694180297,Dropout-1,Modeling,ordinal,3,partial,none,Adam,0.001,0.0,0.2
48,0.1652594804763794,0.2022599478562673,0.6903220893931318,0.7414737598447068,0.40937421506731897,0.32323155410035787,0.9864463565065104,0.6101179155572461,0.8739534579431547,0.3265255835673555,0.4233548877900342,0.9672879421833397,Dropout-1,Modeling,ordinal,3,partial,none,Adam,0.001,0.0,0.2
49,0.1648840457201004,0.20331847170988718,0.688113911520597,0.7442072824823905,0.435887832413103,0.32490672352090155,0.9869793649585015,0.601369341955116,0.8786419195280244,0.32523755126672765,0.4321034613921643,0.9669075694180297,Dropout-1,Modeling,ordinal,3,partial,none,Adam,0.001,0.0,0.2
50,0.1639294425646464,0.20330180724461874,0.688570775908018,0.7426069296974233,0.4090402154112062,0.3239929947460595,0.9874362293459225,0.603651578546976,0.8768720965709341,0.32370438328783574,0.4309623430962343,0.9657664511220997,Dropout-1,Modeling,ordinal,3,partial,none,Adam,0.001,0.0,0.2
1,0.3688099682331085,0.2751505374908447,0.4873981573136374,1.1730208644343607,0.12010704267443677,0.6630625142770121,0.877636488235742,0.503233168505135,1.163039799512913,0.11184377377631245,0.6485355648535565,0.8729554963864588,Dropout-2,Modeling,ordinal,3,partial,none,Adam,0.001,0.0,0.5
2,0.3317970434824626,0.2528041700522105,0.4874743013782076,1.1270606914200239,0.12316440545159163,0.6629102261478718,0.8777887763648824,0.503233168505135,1.114613698867023,0.11181541582150101,0.6496766831494865,0.8725751236211488,Dropout-2,Modeling,ordinal,3,partial,none,Adam,0.001,0.0,0.5
3,0.31619687875111896,0.24375961224238077,0.4894540470570319,1.0988282541118786,0.14098925699685344,0.6511078961394959,0.8822812761745222,0.5062761506276151,1.0872382921678378,0.1388766160573616,0.6356028908330164,0.8786610878661087,Dropout-2,Modeling,ordinal,3,partial,none,Adam,0.001,0.0,0.5
4,0.30703653891881305,0.2374463528394699,0.4924236655752684,1.076128563892031,0.1667687101927268,0.6381634051625675,0.8882205132109952,0.5085583872194751,1.0667810800264435,0.15003319662646397,0.6264739444655762,0.8817040699885889,Dropout-2,Modeling,ordinal,3,partial,none,Adam,0.001,0.0,0.5
5,0.29957916339238483,0.23452621201674143,0.49470798751237344,1.059971252390136,0.20245486584724257,0.6301682783827001,0.8917231401812229,0.5116013693419551,1.0514046069002092,0.1700825538592131,0.6196272346899961,0.8847470521110689,Dropout-2,Modeling,ordinal,3,partial,none,Adam,0.001,0.0,0.5
6,0.29201703270276386,0.228371391693751,0.49668773319119774,1.0400728804564348,0.1538536567425264,0.6233153125713851,0.8949211908931699,0.5123621148725751,1.0323216900117882,0.16552991755644667,0.6146823887409661,0.8874096614682389,Dropout-2,Modeling,ordinal,3,partial,none,Adam,0.001,0.0,0.5
7,0.2874428729216258,0.22670949002106985,0.5001142160968552,1.0256680751847975,0.1611059859428474,0.6127312875961319,0.9000989872839412,0.5150247242297451,1.0197246633638726,0.16826867219513542,0.607835678965386,0.890833016356029,Dropout-2,Modeling,ordinal,3,partial,none,Adam,0.001,0.0,0.5
8,0.28127503395080566,0.22039711972077689,0.4995812076448641,1.0076430164875827,0.15193624945214187,0.6136450163709739,0.8997182669610904,0.5154050969950551,1.0026190654973552,0.16047801896374037,0.605553442373526,0.892354507417269,Dropout-2,Modeling,ordinal,3,partial,none,Adam,0.001,0.0,0.5
9,0.2748548885186513,0.21969509621461233,0.500875656742557,0.997753495192178,0.15155109491329904,0.6092286606259042,0.9019264448336253,0.5161658425256752,0.9935842595725706,0.15233303380018598,0.601749714720426,0.894636744009129,Dropout-2,Modeling,ordinal,3,partial,none,Adam,0.001,0.0,0.5
10,0.27065639694531757,0.2175508439540863,0.51138353765324,0.9826478879567809,0.18110628496471481,0.5812076448640828,0.9157085205208254,0.5275770254849753,0.982064943395459,0.20665299777366497,0.5758843666793457,0.9060479269684291,Dropout-2,Modeling,ordinal,3,partial,none,Adam,0.001,0.0,0.5
11,0.26621657609939575,0.2141746977965037,0.5090992157161349,0.9710430777241476,0.16728832527763338,0.586766161577705,0.912815046067159,0.5237732978318752,0.9697884468343165,0.16841179676227622,0.5815899581589958,0.9041460631418791,Dropout-2,Modeling,ordinal,3,partial,none,Adam,0.001,0.0,0.5
12,0.2614155312379201,0.2123826543490092,0.5161806137211604,0.9594474216724598,0.18236086426100026,0.568948450468286,0.9216477575572984,0.5294788893115253,0.9599746542912259,0.18233358718072343,0.5667554203119056,0.9113731456827691,Dropout-2,Modeling,ordinal,3,partial,none,Adam,0.001,0.0,0.5
13,0.25779879093170166,0.20812784135341644,0.5209015457245108,0.9453072225883096,0.1855884020144909,0.5594304423970151,0.9255311048503769,0.5359452263217953,0.9471520919476204,0.18550049843422675,0.5523012552301255,0.9182198554583492,Dropout-2,Modeling,ordinal,3,partial,none,Adam,0.001,0.0,0.5
14,0.25388240814208984,0.20763914287090302,0.5312571385060535,0.9373931911735549,0.19120331506754393,0.5408512906418944,0.9320794944034112,0.5431723088626854,0.9404669649255638,0.19387536653733162,0.5351844807911753,0.9269684290604793,Dropout-2,Modeling,ordinal,3,partial,none,Adam,0.001,0.0,0.5
15,0.250562643011411,0.20520146191120148,0.5462575192263763,0.9269176045874479,0.20630599891270465,0.5142008680423361,0.9426635193786644,0.5576264739444656,0.930747789592039,0.21034372956177497,0.5131228604031951,0.9326740205401294,Dropout-2,Modeling,ordinal,3,partial,none,Adam,0.001,0.0,0.5
16,0.24717720846335092,0.20393827557563782,0.5577552729764715,0.9184750204193763,0.21838710826720273,0.4940226909312419,0.9506586461585319,0.5678965386078357,0.9238866197425534,0.2209951448801557,0.49372384937238495,0.9418029669075694,Dropout-2,Modeling,ordinal,3,partial,none,Adam,0.001,0.0,0.5
17,0.2440649519364039,0.20381715893745422,0.5765628569253026,0.9127722538437698,0.23784110135453684,0.46851442930023607,0.9569024594532857,0.5842525675161658,0.9195271953150889,0.23815766397112506,0.4689996196272347,0.9490300494484595,Dropout-2,Modeling,ordinal,3,partial,none,Adam,0.001,0.0,0.5
18,0.24172958731651306,0.2038183311621348,0.5935429833244499,0.9083901916834719,0.25373684181370854,0.4446051930252037,0.9632224168126094,0.5983263598326359,0.9166762147324082,0.262158248792011,0.4484594903004945,0.9554963864587296,Dropout-2,Modeling,ordinal,3,partial,none,Adam,0.001,0.0,0.5
19,0.23934368789196014,0.1986449509859085,0.6064874743013782,0.8921524439777309,0.26087853887360796,0.4274727784969162,0.9671057641056879,0.606314187904146,0.9013965946493531,0.2569045561793733,0.4355268162799544,0.9600608596424496,Dropout-2,Modeling,ordinal,3,partial,none,Adam,0.001,0.0,0.5
20,0.23547104994455972,0.19694559276103973,0.6182898043097541,0.8845633145281953,0.26273202154572045,0.41422371126170715,0.9685525013325211,0.6154431342715861,0.8950992458603498,0.2646231767250568,0.4199315329022442,0.9665271966527197,Dropout-2,Modeling,ordinal,3,partial,none,Adam,0.001,0.0,0.5
21,0.23291300733884177,0.19568816820780435,0.629635269930709,0.877468303185882,0.2769626307161516,0.3979288814436915,0.9732734333358715,0.6260935717002662,0.8893118217320027,0.274928887745727,0.40775960441232406,0.9680486877139597,Dropout-2,Modeling,ordinal,3,partial,none,Adam,0.001,0.0,0.5
22,0.2303186058998108,0.19386355578899384,0.6422751846493566,0.8692627664177359,0.2847808713095182,0.3829285007233686,0.9756338993375466,0.6386458729554964,0.8826890524634028,0.2827807524479812,0.3925446937999239,0.9699505515405097,Dropout-2,Modeling,ordinal,3,partial,none,Adam,0.001,0.0,0.5
23,0.22830949227015176,0.19498043755690256,0.6495850148480926,0.8686919661279593,0.2911351673770831,0.3731059163938171,0.9779943653392218,0.6420692278432865,0.8833000981088907,0.2888320949242797,0.38721947508558385,0.9714720426017497,Dropout-2,Modeling,ordinal,3,partial,none,Adam,0.001,0.0,0.5
24,0.22543028990427652,0.19558353225390115,0.6578085738216706,0.8676802878235684,0.294647054712536,0.36275032361227444,0.9801263991471865,0.6447318372004565,0.882901329740153,0.29282830684250644,0.38303537466717386,0.9729935336629897,Dropout-2,Modeling,ordinal,3,partial,none,Adam,0.001,0.0,0.5
25,0.22437491019566855,0.1935248076915741,0.6599406076296352,0.8585338875733022,0.29607475583960624,0.3600091372877484,0.9805832635346075,0.6424496006085965,0.8756576925610841,0.289613512018487,0.38417649296310385,0.9741346519589198,Dropout-2,Modeling,ordinal,3,partial,none,Adam,0.001,0.0,0.5
26,0.22205738723278046,0.19299406806627908,0.6615396329856088,0.8543124166880987,0.300621542026547,0.3568110865758014,0.982182288890581,0.6458729554963865,0.873086843628728,0.29482690506264764,0.3784709014834538,0.9764168885507798,Dropout-2,Modeling,ordinal,3,partial,none,Adam,0.001,0.0,0.5
27,0.22032741208871207,0.19132772088050842,0.6663367090535293,0.8475832866192813,0.2979292921300809,0.35247087489530193,0.98172542450316,0.6523392925066566,0.8671158817317624,0.29747906167180665,0.3723849372384937,0.9760365157854698,Dropout-2,Modeling,ordinal,3,partial,none,Adam,0.001,0.0,0.5
28,0.21862606704235077,0.19014550745487213,0.6638239549227137,0.840400153193538,0.29942786732172094,0.3539176121221351,0.982639153278002,0.6454925827310765,0.8620305618008657,0.295021728582149,0.3792316470140738,0.9760365157854698,Dropout-2,Modeling,ordinal,3,partial,none,Adam,0.001,0.0,0.5
29,0.21766087412834167,0.19033026695251465,0.6654229802786873,0.8398397062629047,0.3027293040190881,0.3513287139267494,0.9836290261174141,0.6439710916698365,0.862903293642398,0.2941723172435046,0.3807531380753138,0.9760365157854698,Dropout-2,Modeling,ordinal,3,partial,none,Adam,0.001,0.0,0.5
30,0.2165903846422831,0.18955062329769135,0.6651184040204066,0.8353698261914336,0.3058020005234449,0.3514810020558897,0.9837813142465545,0.6424496006085965,0.8597018355818992,0.29385849371198036,0.3818942563712438,0.9764168885507798,Dropout-2,Modeling,ordinal,3,partial,none,Adam,0.001,0.0,0.5
31,0.2133661905924479,0.19143653909365335,0.6695347597654763,0.8400535482253191,0.3036139661162533,0.34577019721312724,0.9850757633442473,0.6435907189045265,0.8650123800114967,0.29498549115690975,0.3807531380753138,0.9764168885507798,Dropout-2,Modeling,ordinal,3,partial,none,Adam,0.001,0.0,0.5
32,0.21375404795010886,0.19020375609397888,0.6699916241528973,0.8343412894452926,0.30489264237058644,0.3450087565674256,0.9853041955379578,0.6443514644351465,0.8602108511275466,0.29585781391098226,0.3784709014834538,0.9779383796120198,Dropout-2,Modeling,ordinal,3,partial,none,Adam,0.001,0.0,0.5
33,0.21195036669572195,0.18981467684110007,0.6709814969923095,0.8304626795422904,0.30956900775708696,0.34432345998629404,0.9849996192796772,0.6390262457208064,0.8583631358893998,0.2940068814185422,0.38417649296310385,0.9775580068467098,Dropout-2,Modeling,ordinal,3,partial,none,Adam,0.001,0.0,0.5
34,0.21126447121302286,0.19041991730531058,0.6734181070585548,0.8327748294214568,0.30424456672298655,0.3411254092743471,0.9857610599253788,0.6401673640167364,0.8601233619220289,0.2950346287870939,0.3815138836059338,0.9790794979079498,Dropout-2,Modeling,ordinal,3,partial,none,Adam,0.001,0.0,0.5
35,0.20944932599862418,0.1877762277921041,0.6722759460900023,0.821318473449924,0.30774660448367247,0.3431051549531714,0.984923475215107,0.6378851274248764,0.8511142654444921,0.2937403450679842,0.38531761125903385,0.9775580068467098,Dropout-2,Modeling,ordinal,3,partial,none,Adam,0.001,0.0,0.5
36,0.20868698755900064,0.18943162759145102,0.6731135308002741,0.82646706925653,0.30604754499439907,0.3411254092743471,0.9860656361836595,0.6405477367820464,0.856754030300641,0.2955264385022453,0.3818942563712438,0.9783187523773298,Dropout-2,Modeling,ordinal,3,partial,none,Adam,0.001,0.0,0.5
37,0.2068830132484436,0.18755002319812775,0.6738749714459757,0.8186796945368613,0.3050894312286901,0.34044011269321556,0.9860656361836595,0.6409281095473565,0.8507171312956322,0.29613486442817333,0.3822746291365538,0.9775580068467098,Dropout-2,Modeling,ordinal,3,partial,none,Adam,0.001,0.0,0.5
38,0.20571719110012054,0.18813170492649078,0.6727328104774233,0.8187491478858362,0.30633404712828866,0.3414299855326277,0.9861417802482296,0.6378851274248764,0.8510677834984037,0.29398204128929933,0.38455686572841385,0.9783187523773298,Dropout-2,Modeling,ordinal,3,partial,none,Adam,0.001,0.0,0.5
39,0.20528837541739145,0.18665062387784323,0.6741034036396862,0.8136859016555991,0.30657087836486824,0.34044011269321556,0.9859133480545191,0.6375047546595664,0.8466572723164776,0.2943232836886905,0.38531761125903385,0.9779383796120198,Dropout-2,Modeling,ordinal,3,partial,none,Adam,0.001,0.0,0.5
40,0.20386506617069244,0.19042037924130759,0.6665651412472398,0.8229869177297089,0.3088240675946769,0.34752151069824105,0.9862179243127999,0.6344617725370864,0.8600317745365583,0.2971977572590395,0.38759984785089385,0.9786991251426398,Dropout-2,Modeling,ordinal,3,partial,none,Adam,0.001,0.0,0.5
41,0.20229268570741019,0.18473009765148163,0.6737988273814056,0.8048624209001876,0.3074639938911185,0.3409731211452067,0.9856087717962385,0.6458729554963865,0.8405773217740602,0.29972194577711747,0.37694941042221375,0.9779383796120198,Dropout-2,Modeling,ordinal,3,partial,none,Adam,0.001,0.0,0.5
42,0.20228906472524008,0.18618408838907877,0.6756262849310897,0.8075253353901443,0.30877535114690985,0.33861265514353156,0.9861417802482296,0.6405477367820464,0.8445623495670339,0.29765053572005373,0.3822746291365538,0.9779383796120198,Dropout-2,Modeling,ordinal,3,partial,none,Adam,0.001,0.0,0.5
43,0.20191149413585663,0.188151682416598,0.6736465392522653,0.8125832962246989,0.3093706394443366,0.34044011269321556,0.9863702124419401,0.6363636363636364,0.850870275260853,0.2976003227385139,0.38645872955496385,0.9779383796120198,Dropout-2,Modeling,ordinal,3,partial,none,Adam,0.001,0.0,0.5
44,0.2008827825387319,0.1872037947177887,0.6733419629939846,0.8062483790345096,0.31201830369164346,0.34044011269321556,0.9865225005710805,0.6382655001901864,0.84716838494446,0.29974072899675436,0.38341574743248386,0.9790794979079498,Dropout-2,Modeling,ordinal,3,partial,none,Adam,0.001,0.0,0.5
45,0.19993582367897034,0.1860683709383011,0.6747887002208178,0.8036822536630225,0.3100133885531062,0.3393740957892332,0.9862179243127999,0.6333206542411564,0.8437208180111239,0.2943545263400661,0.3898820844427539,0.9775580068467098,Dropout-2,Modeling,ordinal,3,partial,none,Adam,0.001,0.0,0.5
46,0.19774305820465088,0.18571689228216806,0.6731135308002741,0.7995295463801684,0.3117526105947838,0.3409731211452067,0.9862179243127999,0.6333206542411564,0.8422008362213492,0.2979511759788617,0.3895017116774439,0.9779383796120198,Dropout-2,Modeling,ordinal,3,partial,none,Adam,0.001,0.0,0.5
47,0.198978990316391,0.18672003348668417,0.6698393360237569,0.8034509648920931,0.3150447335297902,0.3443996040508642,0.9860656361836595,0.6276150627615062,0.847312545985163,0.2968238467075426,0.39444655762647396,0.9786991251426398,Dropout-2,Modeling,ordinal,3,partial,none,Adam,0.001,0.0,0.5
48,0.1977668801943461,0.18656492233276367,0.6749409883499581,0.8022301452017745,0.31160562917428625,0.33914566359552273,0.9863702124419401,0.6298972993533662,0.8452012693318328,0.29014144945061054,0.3925446937999239,0.9783187523773298,Dropout-2,Modeling,ordinal,3,partial,none,Adam,0.001,0.0,0.5
49,0.1968627025683721,0.18770402669906616,0.6696870478946166,0.8054134258267448,0.31328147491873587,0.3446280362445747,0.9859894921190894,0.6249524534043363,0.8504628634278549,0.2959371766398747,0.39710916698364396,0.9786991251426398,Dropout-2,Modeling,ordinal,3,partial,none,Adam,0.001,0.0,0.5
50,0.19631534814834595,0.18710350493590036,0.6711337851214498,0.802095194131298,0.3147485199504491,0.3426482905657504,0.9865225005710805,0.6287561810574362,0.8480340530392978,0.29791125605950436,0.39330543933054396,0.9786991251426398,Dropout-2,Modeling,ordinal,3,partial,none,Adam,0.001,0.0,0.5
1,0.46627453962961835,0.36551124850908917,0.48770273357191807,1.1277227056414814,0.11828932549117756,0.6623772176958806,0.8775603441711719,0.503613541270445,1.114904355695704,0.11976378666220587,0.6527196652719666,0.8721947508558388,Without radar,Primary,ordinal,3,partial,none,Adam,0.001,0.001,0.0
2,0.40219322840372723,0.3238355020682017,0.48800730983019874,1.1018466836735736,0.12468286496065872,0.6583415822736618,0.8790832254625752,0.503233168505135,1.0922010531568906,0.11247130833970925,0.6500570559147965,0.8729554963864588,Without radar,Primary,ordinal,3,partial,none,Adam,0.001,0.001,0.0
3,0.3671686351299286,0.29912089308102924,0.49348968247925074,1.0824345086497316,0.15989679544544202,0.6361075154191731,0.889058097921267,0.5077976416888551,1.075972532791101,0.13853189023865645,0.6333206542411564,0.8801825789273487,Without radar,Primary,ordinal,3,partial,none,Adam,0.001,0.001,0.0
4,0.34266390403111774,0.2831191420555115,0.5007995126779867,1.0660294958011725,0.18889551986317962,0.614178024822965,0.8994898347673799,0.5150247242297451,1.0634755619723992,0.17095114277826218,0.6135412704450361,0.8881704069988589,Without radar,Primary,ordinal,3,partial,none,Adam,0.001,0.001,0.0
5,0.3249381482601166,0.2727407217025757,0.5072717581664509,1.05030154521383,0.21819545878587587,0.5943044239701515,0.9090078428386508,0.5222518067706352,1.0493973475156344,0.19033295462615682,0.5899581589958159,0.899201217192849,Without radar,Primary,ordinal,3,partial,none,Adam,0.001,0.001,0.0
6,0.3119165599346161,0.25807811816533405,0.5099368004264068,1.0329198342880352,0.2244516151682031,0.5857001446737227,0.9134241985837204,0.5230125523012552,1.0329568243102443,0.1916702508085458,0.5834918219855458,0.9026245720806391,Without radar,Primary,ordinal,3,partial,none,Adam,0.001,0.001,0.0
7,0.3008732795715332,0.24956410129865012,0.5144293002360466,1.016001527423235,0.2365980396345075,0.5742785349881977,0.9190588593619128,0.5271966527196653,1.0182636027440168,0.21129024446580383,0.5728413845568657,0.9083301635602891,Without radar,Primary,ordinal,3,partial,none,Adam,0.001,0.001,0.0
8,0.29172802964846295,0.24632166822751364,0.5239473083073174,1.0031835411729644,0.25692227836687825,0.5509784512297267,0.9302520368537273,0.5355648535564853,1.0071584171069354,0.22290015803744065,0.5507797641688855,0.9193609737542792,Without radar,Primary,ordinal,3,partial,none,Adam,0.001,0.001,0.0
9,0.2842714885870616,0.2382939507563909,0.5266123505672733,0.9877648925513145,0.26606871661222786,0.5445062057412625,0.9336023756948146,0.5393685812095854,0.9931320105295668,0.23317388524432217,0.5443134271586154,0.9216432103461392,Without radar,Primary,ordinal,3,partial,none,Adam,0.001,0.001,0.0
10,0.2778768638769786,0.23258814215660095,0.5300388334729308,0.97573395010615,0.2713939611970395,0.5369679433488159,0.9369527145359019,0.5420311905667554,0.9829744100456066,0.23708275486570318,0.5367059718524154,0.9258273107645493,Without radar,Primary,ordinal,3,partial,none,Adam,0.001,0.001,0.0
11,0.27194927136103314,0.23435062170028687,0.5349120536054215,0.9685143411240179,0.28713435744754934,0.5240234523718876,0.9436533922180766,0.5420311905667554,0.9790340595641163,0.2399843834365726,0.5348041080258653,0.9269684290604793,Without radar,Primary,ordinal,3,partial,none,Adam,0.001,0.001,0.0
12,0.26637046535809833,0.22969340781370798,0.5361303586385441,0.9561975298645985,0.2882911743139695,0.5200639610142389,0.945633137896901,0.5427919360973754,0.9674529557905792,0.24294130540250447,0.5329022441993153,0.9277291745910993,Without radar,Primary,ordinal,3,partial,none,Adam,0.001,0.001,0.0
13,0.26211292545000714,0.22770469387372336,0.5466382395492272,0.9461735365899595,0.30818139596135513,0.5050635802939161,0.9499733495774004,0.5515405096995055,0.9597906650979208,0.2552895675252786,0.5192088246481552,0.9322936477748194,Without radar,Primary,ordinal,3,partial,none,Adam,0.001,0.001,0.0
14,0.25811808307965595,0.2193406025568644,0.5544810781999543,0.9298164420593733,0.3116239620590786,0.49348968247925074,0.9537805528059088,0.5549638645872955,0.9420902322143168,0.2562500778372321,0.5089387599847851,0.9391403575503994,Without radar,Primary,ordinal,3,partial,none,Adam,0.001,0.001,0.0
15,0.25383704900741577,0.22172430654366812,0.5659788319500495,0.9260538865333596,0.33170213065948445,0.47719485266123507,0.9577400441635574,0.5682769113731457,0.942726499958614,0.27540339658415175,0.49220235831114495,0.9414225941422594,Without radar,Primary,ordinal,3,partial,none,Adam,0.001,0.001,0.0
16,0.25028668840726215,0.21723929544289908,0.5796086195081094,0.9126364806648086,0.2966881724560329,0.459377141551816,0.9619279677149166,0.5808292126283758,0.9291385009632207,0.2852443066853956,0.4766070749334348,0.9444655762647395,Without radar,Primary,ordinal,3,partial,none,Adam,0.001,0.001,0.0
17,0.2471742182970047,0.21984098354975382,0.5857762887382929,0.9113785145877805,0.3684348997967242,0.45031599786796617,0.9645930099748724,0.5834918219855458,0.931471904187071,0.2966800392238922,0.4689996196272347,0.9490300494484595,Without radar,Primary,ordinal,3,partial,none,Adam,0.001,0.001,0.0
18,0.2440818796555201,0.21847749749819437,0.5971978984238179,0.9067913085877158,0.31464476757611054,0.43645777811619585,0.9670296200411178,0.5903385317611259,0.9262633628742993,0.30384879489243816,0.4598706732597946,0.9513122860403195,Without radar,Primary,ordinal,3,partial,none,Adam,0.001,0.001,0.0
19,0.24135890106360117,0.21059679488341013,0.5979593390695195,0.8875697449059425,0.3135300135234744,0.4338688799208102,0.9688570775908018,0.5945226321795359,0.9080046273215441,0.30125996040431524,0.45530620007607453,0.9516926588056295,Without radar,Primary,ordinal,3,partial,none,Adam,0.001,0.001,0.0
20,0.23885211845239004,0.21086989839871725,0.6093048046904743,0.8832761105651332,0.3282313702386756,0.4204675245564608,0.9708368232696262,0.602130087485736,0.9061202103388571,0.3126402842644031,0.4446557626473944,0.9539748953974896,Without radar,Primary,ordinal,3,partial,none,Adam,0.001,0.001,0.0
21,0.23619262874126434,0.20971053342024484,0.6122744232087108,0.8776740090927387,0.3305932277237169,0.4165841772633823,0.9715982639153278,0.600608596424496,0.9017984681660467,0.3082315363553986,0.4435146443514644,0.9566375047546596,Without radar,Primary,ordinal,3,partial,none,Adam,0.001,0.001,0.0
22,0.23421913385391235,0.2111473629872004,0.6166146348892104,0.8750766092842679,0.3450427709362487,0.411406380872611,0.9723597045610295,0.601749714720426,0.9034598971336973,0.3136484200254583,0.4438950171167744,0.9551160136934196,Without radar,Primary,ordinal,3,partial,none,Adam,0.001,0.001,0.0
23,0.23178406556447348,0.2080774555603663,0.624685905733648,0.8655019180740161,0.33813676833662676,0.4008223558973578,0.9749486027564152,0.608976797261316,0.8942274191180934,0.3169350944599898,0.4324838341574743,0.9593001141118296,Without radar,Primary,ordinal,3,partial,none,Adam,0.001,0.001,0.0
24,0.22967984278996786,0.20950189232826233,0.6268179395416127,0.8651689814026815,0.3437057316663375,0.3989948983476738,0.9746440264981344,0.604792696842906,0.894532982954405,0.3189965044630863,0.4351464435146444,0.9608216051730696,Without radar,Primary,ordinal,3,partial,none,Adam,0.001,0.001,0.0
25,0.22777311007181802,0.205910786986351,0.6318434478032438,0.855651377251186,0.3376506584483794,0.3929795172466306,0.9754816112084063,0.6104982883225561,0.8852086840296641,0.3167761271027955,0.42677824267782427,0.9634842145302396,Without radar,Primary,ordinal,3,partial,none,Adam,0.001,0.001,0.0
26,0.22613218426704407,0.20887339611848196,0.6313865834158228,0.857585923682774,0.34954196697363726,0.3946546866671743,0.9741871621107134,0.608596424496006,0.8919372415679089,0.3259877154146451,0.4332445796880943,0.9589197413465196,Without radar,Primary,ordinal,3,partial,none,Adam,0.001,0.001,0.0
27,0.22437618176142374,0.20345484713713327,0.6409045914870936,0.844750703511384,0.3360225276348994,0.3820147719485266,0.9773852128226604,0.6154431342715861,0.8763883045333603,0.31856671471705345,0.4195511601369342,0.9661468238874097,Without radar,Primary,ordinal,3,partial,none,Adam,0.001,0.001,0.0
28,0.22316482166449228,0.2050781100988388,0.6351176425797609,0.8437960597477655,0.3493315400951816,0.3893246021472626,0.9758623315312571,0.608976797261316,0.8793004402022175,0.3211560730731478,0.4313427158615443,0.9604412324077596,Without radar,Primary,ordinal,3,partial,none,Adam,0.001,0.001,0.0
29,0.22160547971725464,0.2032194286584854,0.6348892103860504,0.839059320557918,0.3504969606109767,0.3893246021472626,0.9760907637249676,0.6127805249144161,0.8749103513204859,0.3313451472938569,0.42791936097375427,0.9600608596424496,Without radar,Primary,ordinal,3,partial,none,Adam,0.001,0.001,0.0
30,0.22010540962219238,0.2049621045589447,0.6370973882585852,0.8398886095256949,0.34506150634726646,0.3858981192416051,0.9773090687580903,0.6158235070368961,0.8793958799335289,0.325276834240023,0.4218333967287942,0.9631038417649296,Without radar,Primary,ordinal,3,partial,none,Adam,0.001,0.001,0.0
31,0.21839008231957754,0.2025213191906611,0.6408284474225234,0.8332898003134891,0.34471244226953673,0.3807964669154039,0.9786796619203533,0.6139216432103461,0.872345935579689,0.3214349531214338,0.4222137694941042,0.9642449600608597,Without radar,Primary,ordinal,3,partial,none,Adam,0.001,0.001,0.0
32,0.21734830737113953,0.20320024092992148,0.636488235742024,0.8319172405671587,0.3472390822968185,0.38650727175816646,0.9773090687580903,0.6120197793837961,0.871796802013266,0.326979370623202,0.4244960060859643,0.9638645872955497,Without radar,Primary,ordinal,3,partial,none,Adam,0.001,0.001,0.0
33,0.216137225429217,0.2063587655623754,0.63473692225691,0.8383975532986065,0.35421263630681404,0.38818244117871015,0.9773090687580903,0.6124001521491061,0.8793807913264867,0.33876714830579163,0.42563712438189427,0.9623430962343096,Without radar,Primary,ordinal,3,partial,none,Adam,0.001,0.001,0.0
34,0.21519503990809122,0.20593779782454172,0.6336709053529277,0.8347480788908216,0.3531908600164538,0.3905429071803853,0.9760146196603975,0.6101179155572461,0.8780430403175148,0.33248187827696823,0.42601749714720427,0.9642449600608597,Without radar,Primary,ordinal,3,partial,none,Adam,0.001,0.001,0.0
35,0.2140140930811564,0.2053935875495275,0.6332140409655067,0.8308785985968415,0.3772446134358593,0.39084748343866593,0.9760907637249676,0.6108786610878661,0.8770489589899185,0.33482613772649733,0.42791936097375427,0.9615823507036896,Without radar,Primary,ordinal,3,partial,none,Adam,0.001,0.001,0.0
36,0.2129166672627131,0.20434964696566263,0.6357267950963222,0.8293815051649923,0.3566276415324435,0.38719256833929794,0.9773090687580903,0.6101179155572461,0.8742431982211856,0.33670949477400064,0.42753898820844427,0.9627234689996196,Without radar,Primary,ordinal,3,partial,none,Adam,0.001,0.001,0.0
37,0.21239190797011057,0.2043455938498179,0.6326048884489454,0.824526406629657,0.35545729373125895,0.3909997715678063,0.9765476281123886,0.607074933434766,0.8724686677378088,0.33045116234800953,0.4302015975656143,0.9631038417649296,Without radar,Primary,ordinal,3,partial,none,Adam,0.001,0.001,0.0
38,0.21162265042463937,0.20218123495578766,0.6361075154191731,0.8193868869353377,0.355710382984695,0.3854412548541841,0.9786796619203533,0.6116394066184861,0.8678828907965609,0.33435846940660024,0.42525675161658427,0.9634842145302396,Without radar,Primary,ordinal,3,partial,none,Adam,0.001,0.001,0.0
39,0.21046208341916403,0.20093994836012521,0.6397624305185411,0.8134879777976143,0.35099374310330617,0.3811010431736846,0.979441102566055,0.6112590338531761,0.8637897065082248,0.3285798012603051,0.42563712438189427,0.9631038417649296,Without radar,Primary,ordinal,3,partial,none,Adam,0.001,0.001,0.0
40,0.20964708924293518,0.2045653114716212,0.6329094647072261,0.8211034792132161,0.3553552821063792,0.3890961699535521,0.9782227975329323,0.606314187904146,0.8748830123751914,0.3327324917944209,0.42906047926968427,0.9646253328261697,Without radar,Primary,ordinal,3,partial,none,Adam,0.001,0.001,0.0
41,0.20943388839562735,0.2110452950000763,0.622782304119394,0.8382513425588144,0.38158512740982276,0.4032589659636031,0.9741110180461433,0.5930011411182959,0.8943159235652492,0.32642804036952666,0.4492202358311145,0.9577786230505896,Without radar,Primary,ordinal,3,partial,none,Adam,0.001,0.001,0.0
42,0.2084974596897761,0.20733442405859628,0.6301682783827001,0.8277842383963018,0.36468883240833555,0.39366481382776214,0.9763191959186781,0.600228223659186,0.8828062681998731,0.3334407886215413,0.4389501711677444,0.9608216051730696,Without radar,Primary,ordinal,3,partial,none,Adam,0.001,0.001,0.0
43,0.20763436456521353,0.20069452623526254,0.6420467524556461,0.8085432402606121,0.3591991954825498,0.37813142465544813,0.9800502550826163,0.6127805249144161,0.8624773370113055,0.3341163081627249,0.4218333967287942,0.9653860783567897,Without radar,Primary,ordinal,3,partial,none,Adam,0.001,0.001,0.0
44,0.20721624294916788,0.20883093774318695,0.6255234904439199,0.8315856051380836,0.362680704274577,0.39770044924998094,0.9769283484352395,0.5983263598326359,0.888008924568741,0.33445603792372475,0.44123240775960443,0.9604412324077596,Without radar,Primary,ordinal,3,partial,none,Adam,0.001,0.001,0.0
45,0.20598042011260986,0.20800920824209848,0.6305489987055509,0.8221971903011953,0.36438499059444224,0.39198964440721845,0.9776136450163709,0.601749714720426,0.8828758649717652,0.3365879238387155,0.4343856979840243,0.9638645872955497,Without radar,Primary,ordinal,3,partial,none,Adam,0.001,0.001,0.0
46,0.2061672161022822,0.20101573566595712,0.6376303967105764,0.8044376373892976,0.36017305225084467,0.3836899413690703,0.9788319500494936,0.607835678965386,0.8622461318761581,0.33769704324779243,0.42906047926968427,0.9634842145302396,Without radar,Primary,ordinal,3,partial,none,Adam,0.001,0.001,0.0
47,0.20554435749848685,0.2090045859416326,0.6253712023147796,0.8220306252442572,0.388157520486572,0.39869032208939315,0.9760146196603975,0.5937618866489159,0.8861655822387889,0.32730308239208444,0.4473183720045645,0.9589197413465196,Without radar,Primary,ordinal,3,partial,none,Adam,0.001,0.001,0.0
48,0.20510651667912802,0.20907379686832428,0.6255996345084901,0.8281368812726503,0.3828676139440938,0.3989948983476738,0.9755577552729765,0.5930011411182959,0.8877654246964476,0.33143891756581484,0.4476987447698745,0.9593001141118296,Without radar,Primary,ordinal,3,partial,none,Adam,0.001,0.001,0.0
49,0.20468159516652426,0.20547466476758322,0.6314627274803929,0.8147119301432988,0.36134291447309125,0.3905429071803853,0.9782227975329323,0.5968048687713959,0.8772494186025841,0.3337941529759168,0.44123240775960443,0.9619627234689996,Without radar,Primary,ordinal,3,partial,none,Adam,0.001,0.001,0.0
50,0.20406551659107208,0.20495787262916565,0.6313104393512525,0.8164736117033217,0.3571558511489588,0.38993375466382396,0.978984238178634,0.604031951312286,0.8760488301021315,0.3368891797965308,0.4343856979840243,0.9619627234689996,Without radar,Primary,ordinal,3,partial,none,Adam,0.001,0.001,0.0
1,0.5321450432141622,0.4417123893896739,0.4869412929262164,1.233814007528774,0.10919304716046853,0.6727328104774233,0.8751998781694967,0.503233168505135,1.2259770799774683,0.11175874303091739,0.6527196652719666,0.8721947508558388,Without final track,Primary,ordinal,3,partial,none,Adam,0.001,0.001,0.0
2,0.4716301163037618,0.3920101622740428,0.4872458691844971,1.2012051809103088,0.10926134617354778,0.670753064798599,0.8756567425569177,0.502852795739825,1.1924224839360018,0.11170257710181665,0.6546215290985166,0.8718143780905288,Without final track,Primary,ordinal,3,partial,none,Adam,0.001,0.001,0.0
3,0.43309077620506287,0.37394748131434125,0.4872458691844971,1.1939983039636717,0.12490410623007771,0.6683164547323536,0.8764943272671896,0.504754659566375,1.189957955912247,0.12929429531487144,0.6470140737923165,0.8752377329783187,Without final track,Primary,ordinal,3,partial,none,Adam,0.001,0.001,0.0
4,0.40606817603111267,0.3557845850785573,0.4889210386050407,1.1788686253111929,0.12787795483106842,0.6589507347902231,0.8806061067539785,0.5055154050969951,1.1801082354026855,0.1478858085141444,0.6424496006085965,0.8767592240395587,Without final track,Primary,ordinal,3,partial,none,Adam,0.001,0.001,0.0
5,0.3853699564933777,0.34211809436480206,0.48968247925074243,1.1667945476301678,0.1362319676047183,0.6540013705931622,0.8822812761745222,0.5058957778623051,1.1681784706026528,0.1399423578623925,0.6356028908330164,0.8798022061620387,Without final track,Primary,ordinal,3,partial,none,Adam,0.001,0.001,0.0
6,0.37014808257420856,0.32185572385787964,0.4905962080255844,1.1419863773658074,0.1413583493655039,0.6492042945252418,0.8841848777887764,0.505135032331685,1.1466068683844222,0.13635046412253807,0.6356028908330164,0.8790414606314187,Without final track,Primary,ordinal,3,partial,none,Adam,0.001,0.001,0.0
7,0.35723593831062317,0.31261900067329407,0.4906723520901546,1.125209778822297,0.13800307649188828,0.6461585319424351,0.8853270387573289,0.5081780144541651,1.1316214891196823,0.13856539823811706,0.6310384176492964,0.8817040699885889,Without final track,Primary,ordinal,3,partial,none,Adam,0.001,0.001,0.0
8,0.347150057554245,0.3106050690015157,0.4912815046067159,1.1202783174113367,0.15057189360259915,0.6378588289042869,0.8886773775984163,0.5066565233929251,1.1309192484220651,0.15458151325170316,0.6283758082921262,0.8820844427538989,Without final track,Primary,ordinal,3,partial,none,Adam,0.001,0.001,0.0
9,0.3382163643836975,0.3017817437648773,0.4927282418335491,1.106789405520633,0.15586476494564386,0.6324526003198051,0.8908094114063809,0.5070368961582351,1.1179155183777363,0.155475189074907,0.6260935717002662,0.8828451882845189,Without final track,Primary,ordinal,3,partial,none,Adam,0.001,0.001,0.0
10,0.3311378558476766,0.30306491255760193,0.4910530724130054,1.105709063903254,0.17110810844497548,0.6305489987055509,0.8917231401812229,0.500570559147965,1.122015735260375,0.18064002853776148,0.6375047546595664,0.8767592240395587,Without final track,Primary,ordinal,3,partial,none,Adam,0.001,0.001,0.0
11,0.32484206557273865,0.300462543964386,0.4933373943501104,1.0976685016336238,0.16286878055848772,0.6259803548313408,0.8934744536663367,0.502852795739825,1.1132594777585725,0.1703209727572137,0.6337010270064664,0.8790414606314187,Without final track,Primary,ordinal,3,partial,none,Adam,0.001,0.001,0.0
12,0.318560669819514,0.29079605142275494,0.49166222492956674,1.0790220140393991,0.1711445240500824,0.6259042107667707,0.8934744536663367,0.49448459490300495,1.0993118911375295,0.17343278853852873,0.6496766831494865,0.8710536325599088,Without final track,Primary,ordinal,3,partial,none,Adam,0.001,0.001,0.0
13,0.31358881791432697,0.28979458411534625,0.49478413157694356,1.0712606127469726,0.1732543316634226,0.6170714992766314,0.8978908094114064,0.499429440852035,1.0938697180465753,0.16948230309116175,0.6363636363636364,0.8775199695701787,Without final track,Primary,ordinal,3,partial,none,Adam,0.001,0.001,0.0
14,0.3093945284684499,0.2831737995147705,0.49417497906038227,1.0619818631909275,0.1727177183365646,0.6167669230183507,0.8971293687657047,0.498288322556105,1.0836963572158242,0.17838496498109402,0.6356028908330164,0.8775199695701787,Without final track,Primary,ordinal,3,partial,none,Adam,0.001,0.001,0.0
15,0.3050223191579183,0.28853805859883624,0.4973730297723292,1.0657709963146198,0.1957965788681664,0.6047361608162644,0.9031447498667479,0.49524534043362495,1.0949213541922447,0.1918906249896171,0.6390262457208064,0.8744769874476988,Without final track,Primary,ordinal,3,partial,none,Adam,0.001,0.001,0.0
16,0.3014765779177348,0.2859409848848979,0.5060534531333283,1.0568563797899435,0.19744998474463182,0.5898880682250819,0.9087794106449403,0.503993914035755,1.0854930899400212,0.20074906358179864,0.6219094712818563,0.8813236972232789,Without final track,Primary,ordinal,3,partial,none,Adam,0.001,0.001,0.0
17,0.297182818253835,0.28921692570050556,0.505977309068758,1.0588126905464696,0.2145655264160153,0.5903449326125029,0.9077133937409579,0.48649676683149484,1.094279771084026,0.20645432344198375,0.6432103461392165,0.8775199695701787,Without final track,Primary,ordinal,3,partial,none,Adam,0.001,0.001,0.0
18,0.29381063580513,0.29024140040079754,0.5079570547475825,1.058800393065578,0.21820320863178566,0.5804462042183812,0.914566359552273,0.49600608596424495,1.0929080214330988,0.2201295528825318,0.6302776721186764,0.8794218333967287,Without final track,Primary,ordinal,3,partial,none,Adam,0.001,0.001,0.0
19,0.2908431589603424,0.28664181629816693,0.5154191730754588,1.0486898649703893,0.22994211318301386,0.572603365567654,0.9152516561334044,0.498668695321415,1.0855165910955737,0.2142425767086841,0.6276150627615062,0.8798022061620387,Without final track,Primary,ordinal,3,partial,none,Adam,0.001,0.001,0.0
20,0.28794705867767334,0.2909775873025258,0.5189218000456864,1.0471231176476472,0.23375013366920014,0.5684154420162948,0.9154039442625448,0.49448459490300495,1.089455138197992,0.21424425983663084,0.6306580448839864,0.8798022061620387,Without final track,Primary,ordinal,3,partial,none,Adam,0.001,0.001,0.0
21,0.2854125996430715,0.28332064549128216,0.5266123505672733,1.0357069844086142,0.24141113834973768,0.5565369679433488,0.919211147491053,0.501331304678585,1.0786350090921737,0.2173222646664168,0.6169646253328261,0.8862685431723089,Without final track,Primary,ordinal,3,partial,none,Adam,0.001,0.001,0.0
22,0.28364522258440655,0.29109135270118713,0.5239473083073174,1.0488557876938198,0.24843570853158126,0.5608771796238483,0.9173075458767989,0.49714720426017495,1.0978456216165202,0.23527556603873465,0.6257131989349562,0.8820844427538989,Without final track,Primary,ordinal,3,partial,none,Adam,0.001,0.001,0.0
23,0.2804549237092336,0.27692659695943195,0.5339221807660093,1.015335320380188,0.24414091188394874,0.5403182821899033,0.9280438589811925,0.5070368961582351,1.0624383718844064,0.22271656122324826,0.606694560669456,0.891593761886649,Without final track,Primary,ordinal,3,partial,none,Adam,0.001,0.001,0.0
24,0.27969170610109967,0.28793927033742267,0.5272976471484048,1.0341313009170228,0.25211845218075,0.5527297647148405,0.9221046219447194,0.498668695321415,1.0857201818563345,0.23443932873980078,0.6177253708634461,0.8881704069988589,Without final track,Primary,ordinal,3,partial,none,Adam,0.001,0.001,0.0
25,0.277578870455424,0.28814587990442914,0.5344551892180005,1.0327508200096067,0.2546054719818917,0.5389476890276403,0.9277392827229117,0.500190186382655,1.0873301804907594,0.2393931130247385,0.6154431342715861,0.8881704069988589,Without final track,Primary,ordinal,3,partial,none,Adam,0.001,0.001,0.0
26,0.2747168242931366,0.28829696774482727,0.5353689179928425,1.0256503045888126,0.25785862847767016,0.5388715449630701,0.9270539861417803,0.49220235831114495,1.0857595541466778,0.2263675876923955,0.6310384176492964,0.8813236972232789,Without final track,Primary,ordinal,3,partial,none,Adam,0.001,0.001,0.0
27,0.2721990446249644,0.286406288544337,0.5365110789613949,1.0180452857326392,0.25625590838277,0.5367395111551054,0.9278915708520521,0.49486496766831495,1.0817238716424644,0.22734261073906784,0.6234309623430963,0.8862685431723089,Without final track,Primary,ordinal,3,partial,none,Adam,0.001,0.001,0.0
28,0.271364023288091,0.2985755999883016,0.5311048503769131,1.0390924502362597,0.2583722981576392,0.5493794258737531,0.9208101728470266,0.4773678204640548,1.103930260452793,0.22527919321957582,0.6462533282616965,0.8794218333967287,Without final track,Primary,ordinal,3,partial,none,Adam,0.001,0.001,0.0
29,0.26934579014778137,0.29086830218633014,0.5403182821899033,1.0241978985495115,0.2686510682941909,0.5328561638620269,0.9276631386583416,0.48611639406618484,1.0919002046520048,0.22594784318151284,0.6295169265880562,0.8881704069988589,Without final track,Primary,ordinal,3,partial,none,Adam,0.001,0.001,0.0
30,0.26694244146347046,0.2887788514296214,0.5420695956750171,1.0140738940409275,0.2638312896602297,0.5267646386964137,0.9323079265971218,0.49258273107645495,1.0829899356749115,0.23280652686997447,0.6253328261696462,0.8858881704069989,Without final track,Primary,ordinal,3,partial,none,Adam,0.001,0.001,0.0
31,0.26566242178281146,0.2816594143708547,0.5464098073555166,0.9945707073422639,0.2685944816508724,0.5189218000456864,0.9355821213736389,0.498288322556105,1.0678081094111556,0.234017254985419,0.6135412704450361,0.892734880182579,Without final track,Primary,ordinal,3,partial,none,Adam,0.001,0.001,0.0
32,0.26509737968444824,0.2904631197452545,0.5407751465773243,1.011858672136518,0.2631813317792357,0.528287519987817,0.9318510622097007,0.48307341194370484,1.0860187455154575,0.22618602110189087,0.6344617725370864,0.8866489159376189,Without final track,Primary,ordinal,3,partial,none,Adam,0.001,0.001,0.0
33,0.2626468241214752,0.30103813608487445,0.5311809944414833,1.0307059928590976,0.2756762079139592,0.5499885783903145,0.9206578847178862,0.4811715481171548,1.1122619947600452,0.24069003631494082,0.6470140737923165,0.8767592240395587,Without final track,Primary,ordinal,3,partial,none,Adam,0.001,0.001,0.0
34,0.26036835710207623,0.2949436704317729,0.5435924769664204,1.0150019890474575,0.271535286046137,0.5263839183735628,0.9309373334348587,0.49600608596424495,1.0957109530545366,0.2389973045344347,0.6222898440471663,0.8858881704069989,Without final track,Primary,ordinal,3,partial,none,Adam,0.001,0.001,0.0
35,0.26100805401802063,0.30379918217658997,0.5260031980507119,1.0448584577880478,0.27261267554103613,0.5527297647148405,0.9219523338155791,0.4606314187904146,1.1251975523163005,0.22815597401531565,0.6652719665271967,0.8771395968048687,Without final track,Primary,ordinal,3,partial,none,Adam,0.001,0.001,0.0
36,0.25817185640335083,0.2935636540253957,0.5379578161882281,1.0099948471087647,0.2694641715132307,0.531485570699764,0.9311657656285692,0.4796500570559148,1.0955709991366966,0.2253477342879517,0.6405477367820464,0.8828451882845189,Without final track,Primary,ordinal,3,partial,none,Adam,0.001,0.001,0.0
37,0.25657162070274353,0.2904536724090576,0.5471712480012183,0.9933346422183511,0.2705412296263882,0.5196070966268179,0.9337546638239549,0.48649676683149484,1.087553521436247,0.22419095720687565,0.6340813997717764,0.8836059338151389,Without final track,Primary,ordinal,3,partial,none,Adam,0.001,0.001,0.0
38,0.25475061933199566,0.29594728350639343,0.5455722226452449,1.001038964459538,0.2774120730075534,0.5237188761136069,0.9318510622097007,0.48421453023963484,1.094986107185138,0.22772276037787517,0.6348421453023964,0.8843666793457589,Without final track,Primary,ordinal,3,partial,none,Adam,0.001,0.001,0.0
39,0.25440700848897296,0.2938016553719838,0.5490748496154725,0.9968137128094914,0.27309279174395684,0.5153430290108886,0.9361912738902003,0.48231266641308485,1.0914586383544786,0.2285205189001425,0.6333206542411564,0.8881704069988589,Without final track,Primary,ordinal,3,partial,none,Adam,0.001,0.001,0.0
40,0.25430238246917725,0.30517512559890747,0.5313332825706236,1.0255074349502025,0.27858185482014397,0.5464098073555166,0.9234752151069824,0.46291365538227464,1.1211623870661027,0.23041638703871703,0.6660327120578167,0.8744769874476988,Without final track,Primary,ordinal,3,partial,none,Adam,0.001,0.001,0.0
41,0.25104695558547974,0.3140267531077067,0.5269169268255539,1.0314916568910657,0.2851268826634599,0.556613112007919,0.9176882661996497,0.45074172689235453,1.144284560474166,0.2284840955758178,0.6846709775580069,0.8691517687333586,Without final track,Primary,ordinal,3,partial,none,Adam,0.001,0.001,0.0
42,0.2515358279148738,0.31472111741701764,0.5312571385060535,1.0322786656725882,0.28197452032682313,0.5449630701286835,0.9243127998172542,0.45340433624952453,1.1415639322656934,0.22662678310862103,0.6763027767211868,0.8737162419170788,Without final track,Primary,ordinal,3,partial,none,Adam,0.001,0.001,0.0
43,0.2470870167016983,0.30847034851710003,0.5390238330922105,1.0175489341473278,0.2905561533099737,0.5356734942511231,0.9267494098834996,0.45568657284138453,1.1288924145056076,0.22989850226910868,0.6686953214149867,0.8798022061620387,Without final track,Primary,ordinal,3,partial,none,Adam,0.001,0.001,0.0
44,0.24655900398890176,0.3105665644009908,0.5489987055509024,1.008459524104626,0.2844002477208873,0.5183126475291251,0.9331455113073935,0.4701407379231647,1.1163238908557298,0.23133630019391607,0.6542411563332066,0.8801825789273487,Without final track,Primary,ordinal,3,partial,none,Adam,0.001,0.001,0.0
45,0.2469891905784607,0.32432209451993305,0.5311048503769131,1.0353484250662046,0.29025112454411867,0.5514353156171476,0.9188304271682023,0.45150247242297453,1.1550157978981277,0.23131388441304723,0.6869532141498669,0.8657284138455686,Without final track,Primary,ordinal,3,partial,none,Adam,0.001,0.001,0.0
46,0.24645482997099558,0.30990951259930927,0.5458767989035255,1.0068328608824033,0.2889376744712246,0.5254701895987208,0.9295667402725958,0.47280334728033474,1.1210581529592973,0.2252693435667701,0.6546215290985166,0.8756181057436287,Without final track,Primary,ordinal,3,partial,none,Adam,0.001,0.001,0.0
47,0.2429430236419042,0.313479612270991,0.5367395111551054,1.0063382707664186,0.2928562714246248,0.5395568415442016,0.9249219523338156,0.4686192468619247,1.1264787161537253,0.2304759018747661,0.6656523392925067,0.8706732597945988,Without final track,Primary,ordinal,3,partial,none,Adam,0.001,0.001,0.0
48,0.2432470073302587,0.33041441440582275,0.5149623086880377,1.0559424963266655,0.29034370155004213,0.576258280667022,0.9104545800654839,0.4427538988208444,1.1765986425607797,0.22977448325315822,0.702928870292887,0.8592620768352985,Without final track,Primary,ordinal,3,partial,none,Adam,0.001,0.001,0.0
49,0.24074858923753104,0.30052440365155536,0.560268027107287,0.9588619963731044,0.2784289997120879,0.4975253179014696,0.9428919515723749,0.497527577025485,1.081483283281095,0.23842802418187772,0.6219094712818563,0.8855077976416889,Without final track,Primary,ordinal,3,partial,none,Adam,0.001,0.001,0.0
50,0.24063043296337128,0.31767011682192486,0.5494555699383233,0.996460590912921,0.2945573918264866,0.518693367851976,0.9327647909845428,0.4693799923925447,1.1294078063309099,0.228835563698129,0.6603271205781666,0.8744769874476988,Without final track,Primary,ordinal,3,partial,none,Adam,0.001,0.001,0.0
1,0.4928374191125234,0.39121946692466736,0.48770273357191807,1.1360546632395394,0.11804492764783447,0.6610827685981878,0.877636488235742,0.502852795739825,1.1242505664548137,0.11894528147414983,0.6553822746291366,0.8714340053252188,Without land cover,Primary,ordinal,3,partial,none,Adam,0.001,0.001,0.0
2,0.42720847328503925,0.3467503587404887,0.48777887763648825,1.1063354636930265,0.1233463347468675,0.6564379806594076,0.8790832254625752,0.503613541270445,1.096867190895845,0.12322399651175227,0.6466337010270065,0.8725751236211488,Without land cover,Primary,ordinal,3,partial,none,Adam,0.001,0.001,0.0
3,0.38895787795384723,0.31882214546203613,0.4939465468666717,1.0865586644059229,0.16725730346189716,0.634280057869489,0.8896672504378283,0.5058957778623051,1.0815893232540976,0.13110200306915112,0.6367440091289464,0.8786610878661087,Without land cover,Primary,ordinal,3,partial,none,Adam,0.001,0.001,0.0
4,0.3610759973526001,0.3014325499534607,0.5004187923551359,1.0700278022667438,0.19566806297100592,0.6131120079189827,0.89956597883195,0.5138836059338151,1.0688608373840471,0.1646151903161249,0.6165842525675161,0.8881704069988589,Without land cover,Primary,ordinal,3,partial,none,Adam,0.001,0.001,0.0
5,0.34004585941632587,0.2907968858877818,0.5080331988121526,1.055556243054023,0.22175746668868415,0.5936952714535902,0.909160130967791,0.5203499429440852,1.0573509417528668,0.17856551448002364,0.5952833777101559,0.897679726131609,Without land cover,Primary,ordinal,3,partial,none,Adam,0.001,0.001,0.0
6,0.32421324650446576,0.2706124484539032,0.5101652326201173,1.0367375373186902,0.2314752142346955,0.5854717124800122,0.9131196223254398,0.5249144161278052,1.0412759014160753,0.20683303221282576,0.5815899581589958,0.9041460631418791,Without land cover,Primary,ordinal,3,partial,none,Adam,0.001,0.001,0.0
7,0.3105410834153493,0.25915223360061646,0.5167136221731516,1.0159788934294511,0.2558372536039211,0.5687961623391457,0.9214954694281581,0.5287181437809053,1.0208171803310229,0.20963217641994922,0.5678965386078357,0.9109927729174591,Without land cover,Primary,ordinal,3,partial,none,Adam,0.001,0.001,0.0
8,0.2993793288866679,0.2544408937295278,0.5251656133404401,1.0030819635347092,0.27299404405732913,0.5478565445823498,0.9320033503388411,0.5344237352605553,1.0109765549003062,0.22588309735861137,0.5557246101179155,0.9166983643971092,Without land cover,Primary,ordinal,3,partial,none,Adam,0.001,0.001,0.0
9,0.29033087690671283,0.24891175826390585,0.5291251046980888,0.9911051065133646,0.2757709999701971,0.5380339602527983,0.9367242823421914,0.5359452263217953,1.001711553627267,0.22671165709212107,0.5503993914035755,0.9193609737542792,Without land cover,Primary,ordinal,3,partial,none,Adam,0.001,0.001,0.0
10,0.28280970454216003,0.2385006695985794,0.5298104012792203,0.9735370697751835,0.2802723729877577,0.5364349348968248,0.9377902992461737,0.5405096995055154,0.9850380547596127,0.2322208565688986,0.5401293267402054,0.9246861924686193,Without land cover,Primary,ordinal,3,partial,none,Adam,0.001,0.001,0.0
11,0.275806725025177,0.2392553041378657,0.5352166298637021,0.9664083808872698,0.29478922901175886,0.5239473083073174,0.9435772481535064,0.5450741726892354,0.9799995364447942,0.2489353958410018,0.5306200076074553,0.9284899201217193,Without land cover,Primary,ordinal,3,partial,none,Adam,0.001,0.001,0.0
12,0.26918500661849976,0.23500309387842813,0.5390238330922105,0.9542816596724538,0.2905975081543375,0.5146577324297571,0.9482220360922866,0.5458349182198554,0.970027982960899,0.24663298053410457,0.5279573982502853,0.9307721567135793,Without land cover,Primary,ordinal,3,partial,none,Adam,0.001,0.001,0.0
13,0.2641648252805074,0.2328362762928009,0.5461813751618061,0.9447000119312606,0.3003483752986702,0.5036168430670829,0.9518769511916546,0.5530620007607455,0.9629169017578452,0.2584236961131696,0.5154050969950551,0.9357170026626094,Without land cover,Primary,ordinal,3,partial,none,Adam,0.001,0.001,0.0
14,0.25989935795466107,0.22305923700332642,0.5576029848473312,0.9261521859976142,0.3159476272660728,0.4903677758318739,0.9537044087413387,0.5610498288322556,0.9441073984964564,0.26164870890198294,0.503993914035755,0.9383796120197794,Without land cover,Primary,ordinal,3,partial,none,Adam,0.001,0.001,0.0
15,0.2548474669456482,0.2280827909708023,0.5703951876951192,0.9253056060337412,0.33938921959289264,0.46965659026878853,0.9607096626817939,0.5675161658425256,0.9504301823294542,0.27352870580655314,0.4899201217192849,0.9456066945606695,Without land cover,Primary,ordinal,3,partial,none,Adam,0.001,0.001,0.0
16,0.2508593201637268,0.2210796276728312,0.5824259498972055,0.908078002757584,0.2927177870795756,0.45336176045077287,0.9649737302977233,0.5743628756181057,0.9306974726993656,0.28027019055255115,0.47432483834157474,0.9528337771015595,Without land cover,Primary,ordinal,3,partial,none,Adam,0.001,0.001,0.0
17,0.24700059990088144,0.22565679252147675,0.5918678139039062,0.909986002438241,0.38278710444322234,0.443843752379502,0.964821442168583,0.5876759224039558,0.9397834980427554,0.3234279050036715,0.46557626473944463,0.9494104222137695,Without land cover,Primary,ordinal,3,partial,none,Adam,0.001,0.001,0.0
18,0.2438684751590093,0.22137354811032614,0.6033655676540014,0.8994710268059749,0.3170563729781992,0.42610218533465316,0.9711413995279068,0.5861544313427158,0.9255250550537912,0.2980866028767592,0.4583491821985546,0.9562571319893496,Without land cover,Primary,ordinal,3,partial,none,Adam,0.001,0.001,0.0
19,0.24009270469347635,0.21670480072498322,0.6060306099139572,0.8840090653632685,0.32774739338183784,0.422371126170715,0.972131272367319,0.5941422594142259,0.9160493141363671,0.3040793822188084,0.4480791175351845,0.9589197413465196,Without land cover,Primary,ordinal,3,partial,none,Adam,0.001,0.001,0.0
20,0.2374030500650406,0.21774922311306,0.6131881519835529,0.8819898908946693,0.3393664161727958,0.4138429909388563,0.9733495774004416,0.5987067325979459,0.9153300614674733,0.31116851317909705,0.4435146443514644,0.9585393685812096,Without land cover,Primary,ordinal,3,partial,none,Adam,0.001,0.001,0.0
21,0.23436754941940308,0.21776193380355835,0.614178024822965,0.877576373571254,0.3470574362575891,0.41216782151831266,0.9741110180461433,0.600988969189806,0.9139278300206529,0.3147772877599387,0.4438950171167744,0.9562571319893496,Without land cover,Primary,ordinal,3,partial,none,Adam,0.001,0.001,0.0
22,0.2317592849334081,0.21881729861100516,0.6194319652783066,0.8738459175983287,0.35738277442364264,0.4051625675778573,0.975786187466687,0.600608596424496,0.9114956992825118,0.3498704692872274,0.4435146443514644,0.9570178775199696,Without land cover,Primary,ordinal,3,partial,none,Adam,0.001,0.001,0.0
23,0.2291090190410614,0.21706711749235788,0.6259042107667707,0.8639822184104752,0.36061038056884304,0.39678672047513897,0.9777659331455113,0.605933815138836,0.9043841058414499,0.31864624856426454,0.4366679345758844,0.9593001141118296,Without land cover,Primary,ordinal,3,partial,none,Adam,0.001,0.001,0.0
24,0.22735999524593353,0.2191187689701716,0.6275793801873144,0.8688847132096902,0.34935683626095476,0.3943501104088936,0.9782989415975025,0.6097375427919361,0.9093276615557574,0.3258596240283645,0.4309623430962343,0.9600608596424496,Without land cover,Primary,ordinal,3,partial,none,Adam,0.001,0.001,0.0
25,0.22441589335600534,0.21266004939874014,0.6366405238711642,0.8486960021458646,0.35389596032071785,0.38308078885250896,0.9805071194700373,0.6120197793837961,0.8929909126717326,0.32706845924174344,0.42525675161658427,0.9634842145302396,Without land cover,Primary,ordinal,3,partial,none,Adam,0.001,0.001,0.0
26,0.22255054612954459,0.21717217564582825,0.6361075154191731,0.8531926919486776,0.37254146419720985,0.3839183735627808,0.9801263991471865,0.603651578546976,0.9027668450895966,0.35648995335642447,0.4374286801065044,0.9600608596424496,Without land cover,Primary,ordinal,3,partial,none,Adam,0.001,0.001,0.0
27,0.22073599696159363,0.21027293801307678,0.6390771339374096,0.8366407730511095,0.3389646429568054,0.37995888220513213,0.9811162719865987,0.6131608976797261,0.8827569372321749,0.32435419606063515,0.4225941422594142,0.9650057055914797,Without land cover,Primary,ordinal,3,partial,none,Adam,0.001,0.001,0.0
28,0.21934103469053903,0.21405080457528433,0.6348892103860504,0.8409773073141099,0.3608629327141087,0.3855173989187543,0.9797456788243356,0.608596424496006,0.8917150815639844,0.36096647836330803,0.4313427158615443,0.9612019779383796,Without land cover,Primary,ordinal,3,partial,none,Adam,0.001,0.001,0.0
29,0.21756746371587118,0.2100563645362854,0.6371735323231554,0.8291405161231459,0.36113943847896085,0.38193862788395644,0.9810401279220284,0.6154431342715861,0.8814182916321323,0.3613904300550807,0.4218333967287942,0.9634842145302396,Without land cover,Primary,ordinal,3,partial,none,Adam,0.001,0.001,0.0
30,0.21503867208957672,0.21129653851191202,0.6441026421990406,0.8278721953582889,0.3523244021787668,0.3731059163938171,0.9828675854717125,0.6196272346899961,0.8840335939875559,0.3376394362726982,0.41536705971852417,0.9657664511220997,Without land cover,Primary,ordinal,3,partial,none,Adam,0.001,0.001,0.0
31,0.21361335118611655,0.20895334084828696,0.6380872610979974,0.8190856567398768,0.34982193491197316,0.37828371278458844,0.9837051701819843,0.608976797261316,0.8767766225571857,0.3265602760610441,0.42944085203499427,0.9623430962343096,Without land cover,Primary,ordinal,3,partial,none,Adam,0.001,0.001,0.0
32,0.2121996134519577,0.21173751850922903,0.6421228965202163,0.8244224346413686,0.3551878137647408,0.3753140942663519,0.9827152973425721,0.609357170026626,0.8816749654440719,0.3307280786376225,0.42525675161658427,0.9657664511220997,Without land cover,Primary,ordinal,3,partial,none,Adam,0.001,0.001,0.0
33,0.21052336196104685,0.21252457797527313,0.6420467524556461,0.8195096574552134,0.3808514093410748,0.3744765095560801,0.9834767379882738,0.608976797261316,0.8816494507382463,0.3642758445602409,0.4302015975656143,0.9619627234689996,Without land cover,Primary,ordinal,3,partial,none,Adam,0.001,0.001,0.0
34,0.20916332304477692,0.2151588797569275,0.6399147186476815,0.8250174957131757,0.36674609432444266,0.3772176958806061,0.9830198736008529,0.608976797261316,0.8886103016839738,0.3336118981438447,0.42715861544313427,0.9646253328261697,Without land cover,Primary,ordinal,3,partial,none,Adam,0.001,0.001,0.0
35,0.20883397261301676,0.214688112338384,0.6400670067768217,0.8206131227582341,0.379769271317635,0.3783598568491586,0.9816492804385898,0.609357170026626,0.8856720371157298,0.33164462325663435,0.42944085203499427,0.9619627234689996,Without land cover,Primary,ordinal,3,partial,none,Adam,0.001,0.001,0.0
36,0.2062001278003057,0.21346465746561685,0.6429604812304881,0.8138702720119702,0.3697194344500549,0.3735627807812381,0.9834767379882738,0.600608596424496,0.884198064057652,0.32078024021632917,0.4397109166983644,0.9608216051730696,Without land cover,Primary,ordinal,3,partial,none,Adam,0.001,0.001,0.0
37,0.20576979716618857,0.21169351041316986,0.6404477270996726,0.8049759944711781,0.3727744135371094,0.37660854336404476,0.9829437295362826,0.605553442373526,0.8789856003421858,0.36481427343892153,0.4340053252187143,0.9612019779383796,Without land cover,Primary,ordinal,3,partial,none,Adam,0.001,0.001,0.0
38,0.2046021968126297,0.2103122671445211,0.6494327267189522,0.7962882115658583,0.3586413869524807,0.36495850148480924,0.9856087717962385,0.6097375427919361,0.8725391317176836,0.3265608416027818,0.42677824267782427,0.9642449600608597,Without land cover,Primary,ordinal,3,partial,none,Adam,0.001,0.001,0.0
39,0.20286000271638235,0.21326201657454172,0.6481382776212594,0.800275756736416,0.36604781372647865,0.3673951115510546,0.9844666108276859,0.600988969189806,0.8796247595538532,0.32833355954551996,0.4366679345758844,0.9631038417649296,Without land cover,Primary,ordinal,3,partial,none,Adam,0.001,0.001,0.0
40,0.20214282472928366,0.22016524771849313,0.6366405238711642,0.8190381664976063,0.36345946929865053,0.3830046447879388,0.980354831340897,0.5842525675161658,0.898630276225061,0.3210938235585979,0.45568657284138453,0.9604412324077596,Without land cover,Primary,ordinal,3,partial,none,Adam,0.001,0.001,0.0
41,0.20163987080256143,0.22287259002526602,0.6257519226376304,0.8250990949320917,0.3908176358901947,0.39541612731287595,0.9788319500494936,0.5865348041080258,0.9064897064355012,0.35133780669219616,0.4572080639026246,0.9566375047546596,Without land cover,Primary,ordinal,3,partial,none,Adam,0.001,0.001,0.0
42,0.201466903090477,0.22463883956273398,0.6285692530267266,0.8269450635669833,0.39845371295533355,0.3927510850529201,0.9786796619203533,0.5850133130467858,0.9109477795278524,0.32468552958928754,0.46139216432103464,0.9539748953974896,Without land cover,Primary,ordinal,3,partial,none,Adam,0.001,0.001,0.0
43,0.19936751325925192,0.21478959421316782,0.6495850148480926,0.7947145368297919,0.3850075012611729,0.36518693367851973,0.9852280514733877,0.599847850893876,0.8805918672248954,0.32913095186583674,0.4374286801065044,0.9634842145302396,Without land cover,Primary,ordinal,3,partial,none,Adam,0.001,0.001,0.0
44,0.1976916342973709,0.2173710068066915,0.6467676844589965,0.8031166960644849,0.38900846178996434,0.3703647300692911,0.9828675854717125,0.5971852415367059,0.889956854055248,0.3305522384895213,0.44161278052491443,0.9619627234689996,Without land cover,Primary,ordinal,3,partial,none,Adam,0.001,0.001,0.0
45,0.19688227772712708,0.22460539638996124,0.6373258204522957,0.8164433794928886,0.39558284923855197,0.38216706007766693,0.9805071194700373,0.5823507036896158,0.9076880809198167,0.3578670791429745,0.4602510460251046,0.9577786230505896,Without land cover,Primary,ordinal,3,partial,none,Adam,0.001,0.001,0.0
46,0.19655093053976694,0.21310504774252573,0.6510317520749258,0.7767023118876406,0.39750037469612903,0.3632071879996954,0.985837203989949,0.603651578546976,0.872560956614981,0.3240326026762284,0.4340053252187143,0.9631038417649296,Without land cover,Primary,ordinal,3,partial,none,Adam,0.001,0.001,0.0
47,0.19555527965227762,0.2273456702629725,0.6302444224472702,0.810743158291727,0.39727037900843504,0.39008604279296427,0.9796695347597655,0.5808292126283758,0.910836051947524,0.3590117610640677,0.4674781285659947,0.9520730315709395,Without land cover,Primary,ordinal,3,partial,none,Adam,0.001,0.001,0.0
48,0.19550372660160065,0.22324106593926749,0.6365643798065941,0.8122328869034507,0.39524493860060633,0.38315693291707914,0.9802786872763268,0.5812095853936858,0.9043705906569564,0.3193489841567301,0.46291365538227464,0.9562571319893496,Without land cover,Primary,ordinal,3,partial,none,Adam,0.001,0.001,0.0
49,0.1932772397994995,0.22094209492206573,0.6419706083910759,0.7969353819307676,0.396131467273448,0.3760755349120536,0.9819538566968705,0.5891974134651959,0.8960155344331359,0.35913511569062395,0.45112209965766453,0.9600608596424496,Without land cover,Primary,ordinal,3,partial,none,Adam,0.001,0.001,0.0
50,0.19389750560124716,0.2161293774843216,0.6512601842686363,0.7843898755113627,0.37647092985889175,0.3637401964516866,0.9849996192796772,0.5964244960060859,0.8798450292016086,0.3271086445895009,0.44047166222898443,0.9634842145302396,Without land cover,Primary,ordinal,3,partial,none,Adam,0.001,0.001,0.0
1,0.5255350271860758,0.4383305609226227,0.4867128607325059,1.2447358258095838,0.10923134761953586,0.673951115510546,0.874895301911216,0.502852795739825,1.234710303494427,0.11178758667343142,0.6550019018638266,0.8714340053252188,Without track or land cover,Primary,ordinal,3,partial,none,Adam,0.001,0.001,0.0
2,0.4673902889092763,0.38995087146759033,0.4872458691844971,1.2133095396134768,0.10924455825864277,0.6709814969923095,0.8755805984923475,0.502852795739825,1.2030359605351233,0.111674269302247,0.6527196652719666,0.8721947508558388,Without track or land cover,Primary,ordinal,3,partial,none,Adam,0.001,0.001,0.0
3,0.4311111668745677,0.3737505078315735,0.48678900479707604,1.2098722790567191,0.11704501537151729,0.6703723444757481,0.8760374628797685,0.502852795739825,1.2045035928329613,0.12096796889372853,0.6523392925066566,0.8729554963864588,Without track or land cover,Primary,ordinal,3,partial,none,Adam,0.001,0.001,0.0
4,0.4058627287546794,0.3560263117154439,0.48846417421761973,1.1954927805570281,0.13033512933978875,0.6616919211147491,0.8793878017208558,0.502092050209205,1.1948426379492008,0.12854808164684986,0.6508178014454165,0.8729554963864588,Without track or land cover,Primary,ordinal,3,partial,none,Adam,0.001,0.001,0.0
5,0.3862554132938385,0.34463535745938617,0.48846417421761973,1.1861553526435389,0.13317434697921704,0.6581131500799513,0.8803015304956978,0.502852795739825,1.186463819618674,0.13666640484565426,0.6470140737923165,0.8744769874476988,Without track or land cover,Primary,ordinal,3,partial,none,Adam,0.001,0.001,0.0
6,0.3719957768917084,0.32466543714205426,0.4890733267341811,1.1632144081101996,0.13706026753097814,0.6542298027868728,0.8816721236579609,0.501331304678585,1.1663184420720183,0.13255910549386113,0.6470140737923165,0.8733358691517688,Without track or land cover,Primary,ordinal,3,partial,none,Adam,0.001,0.001,0.0
7,0.35993316769599915,0.31512413422266644,0.48960633518617225,1.1483934390487693,0.1353057073684589,0.6508033198812153,0.8828142846265133,0.5055154050969951,1.15114851997024,0.1430518535669407,0.6405477367820464,0.8771395968048687,Without track or land cover,Primary,ordinal,3,partial,none,Adam,0.001,0.001,0.0
8,0.3503722349802653,0.31475303570429486,0.48914947079875126,1.1462015215214063,0.14992406863570687,0.6429604812304881,0.8860884794030305,0.499809813617345,1.1539708150938104,0.14892662532974207,0.6443514644351465,0.8744769874476988,Without track or land cover,Primary,ordinal,3,partial,none,Adam,0.001,0.001,0.0
9,0.34260094165802,0.30985159675280255,0.4886926064113302,1.1390825336140142,0.1498979855608881,0.6400670067768217,0.8872306403715831,0.500190186382655,1.1480041895055606,0.15565074681488597,0.6401673640167364,0.8759984785089387,Without track or land cover,Primary,ordinal,3,partial,none,Adam,0.001,0.001,0.0
10,0.33567796150843304,0.3013550937175751,0.4874743013782076,1.123669428070397,0.15871259099320648,0.6406761592933831,0.8870022081778726,0.49486496766831495,1.1351347419842843,0.1590779713644989,0.6500570559147965,0.8714340053252188,Without track or land cover,Primary,ordinal,3,partial,none,Adam,0.001,0.001,0.0
11,0.32986488938331604,0.30053674181302387,0.4909007842838651,1.1190558436911642,0.1580916225077066,0.6343562019340593,0.8898956826315388,0.497907949790795,1.1303352518823877,0.1669752688172043,0.6454925827310765,0.8733358691517688,Without track or land cover,Primary,ordinal,3,partial,none,Adam,0.001,0.001,0.0
12,0.32454172770182294,0.2934887905915578,0.4862559963450849,1.1057209206408127,0.16130582504292393,0.6408284474225234,0.8862407675321708,0.49448459490300495,1.1197146509577625,0.16392198748224682,0.6515785469760366,0.8706732597945988,Without track or land cover,Primary,ordinal,3,partial,none,Adam,0.001,0.001,0.0
13,0.32019516825675964,0.29443246126174927,0.4870174369907866,1.1039543373246794,0.1628368335443224,0.6354222188380416,0.8889819538566969,0.4876378851274249,1.1211648547173043,0.1704543467029553,0.6622289844047167,0.8649676683149486,Without track or land cover,Primary,ordinal,3,partial,none,Adam,0.001,0.001,0.0
14,0.3163791497548421,0.2868603765964508,0.4857991319576639,1.0937798995816352,0.16678130073852804,0.6354222188380416,0.8879920810172847,0.4880182578927349,1.109515784895229,0.1752374363748704,0.6584252567516166,0.8661087866108786,Without track or land cover,Primary,ordinal,3,partial,none,Adam,0.001,0.001,0.0
15,0.31214723984400433,0.28471648693084717,0.4902154877027336,1.0852470207106066,0.17480250782270446,0.6243813294753674,0.8940074621183278,0.49296310384176495,1.10435667517886,0.18421208187282892,0.6485355648535565,0.8710536325599088,Without track or land cover,Primary,ordinal,3,partial,none,Adam,0.001,0.001,0.0
16,0.3090590437253316,0.2868744134902954,0.4944795553186629,1.085439172165555,0.18729669403488,0.6130358638544126,0.8997182669610904,0.49296310384176495,1.1068963727480208,0.19538886897015728,0.6447318372004565,0.8721947508558388,Without track or land cover,Primary,ordinal,3,partial,none,Adam,0.001,0.001,0.0
17,0.30521788199742633,0.2938844859600067,0.49112921647757557,1.0950957371977197,0.2021374835335833,0.6163100586309297,0.897738521282266,0.4777481932293648,1.123526219742395,0.195799606609823,0.6652719665271967,0.8664891593761886,Without track or land cover,Primary,ordinal,3,partial,none,Adam,0.001,0.001,0.0
18,0.3023625711599986,0.2957647740840912,0.49280438589811926,1.0976641374482334,0.2056920263361516,0.6084672199802026,0.9030686058021777,0.47546595663750474,1.1261675268525102,0.2028193324968782,0.6603271205781666,0.8721947508558388,Without track or land cover,Primary,ordinal,3,partial,none,Adam,0.001,0.001,0.0
19,0.300173948208491,0.2814491391181946,0.5009518008071271,1.0669914389837665,0.20433748044802677,0.596817178100967,0.9079418259346684,0.48459490300494484,1.094140878892411,0.20254047849055565,0.6489159376188665,0.8748573602130088,Without track or land cover,Primary,ordinal,3,partial,none,Adam,0.001,0.001,0.0
20,0.2980118691921234,0.29170676072438556,0.49828675854717125,1.082119018018567,0.2133264121645152,0.5986446356506511,0.9068758090306861,0.48269303917839484,1.1136364719699914,0.21072757163704503,0.6470140737923165,0.8775199695701787,Without track or land cover,Primary,ordinal,3,partial,none,Adam,0.001,0.001,0.0
21,0.2954366405804952,0.2878340383370717,0.49638315693291707,1.0775738266071497,0.21708261691508948,0.6005482372649052,0.9069519530952562,0.4804108025865348,1.1100599434470293,0.2137110524254137,0.6504374286801065,0.8759984785089387,Without track or land cover,Primary,ordinal,3,partial,none,Adam,0.001,0.001,0.0
22,0.2939307789007823,0.2854492863019307,0.5063580293916089,1.0695965250718715,0.22989206699813414,0.5869945937714155,0.9105307241300541,0.48345378470901484,1.105035915864204,0.22281193006219288,0.6401673640167364,0.8839863065804489,Without track or land cover,Primary,ordinal,3,partial,none,Adam,0.001,0.001,0.0
23,0.29143919547398883,0.2814672787984212,0.5096322241681261,1.058220539523157,0.22800041902437437,0.5780857382167061,0.9158608086499658,0.4903004944845949,1.0955761843890017,0.2223122102099764,0.6264739444655762,0.8896918980600989,Without track or land cover,Primary,ordinal,3,partial,none,Adam,0.001,0.001,0.0
24,0.2911069591840108,0.29253554344177246,0.5011040889362675,1.0808360105757964,0.235273269021704,0.5920962460976167,0.9093124190969314,0.47508558387219474,1.1207354787528798,0.2221264033397281,0.6519589197413466,0.8779003423354887,Without track or land cover,Primary,ordinal,3,partial,none,Adam,0.001,0.001,0.0
25,0.2883764108022054,0.28795843323071796,0.5106982410721085,1.070139972086286,0.23689220849797965,0.5732125180842154,0.9180689865225006,0.4769874476987448,1.1098099325681745,0.22716673977185875,0.6367440091289464,0.890833016356029,Without track or land cover,Primary,ordinal,3,partial,none,Adam,0.001,0.001,0.0
26,0.2869323094685872,0.2988234261671702,0.4990481991928729,1.0901496455556583,0.2399634355876451,0.5984162034569406,0.9046676311581512,0.46253328261696464,1.1361360102080156,0.21653059292450785,0.6724990490680868,0.8695321414986686,Without track or land cover,Primary,ordinal,3,partial,none,Adam,0.001,0.001,0.0
27,0.2857053379217784,0.28232695659001666,0.5130587070737836,1.0481797237361627,0.23216615745292687,0.5663595522729004,0.922866062590421,0.4883986306580449,1.0934979168665881,0.22543655577275454,0.6245720806390263,0.892354507417269,Without track or land cover,Primary,ordinal,3,partial,none,Adam,0.001,0.001,0.0
28,0.2846885522206624,0.2944970627625783,0.5012563770654077,1.0787992274931584,0.23756225027928665,0.5880606106753978,0.9121297494860275,0.46443514644351463,1.1270073512227505,0.22512563931555207,0.6626093571700267,0.8771395968048687,Without track or land cover,Primary,ordinal,3,partial,none,Adam,0.001,0.001,0.0
29,0.28234410285949707,0.2924196620782216,0.5071194700373106,1.0710877620646813,0.2446856763065098,0.5763344247315921,0.9181451305870707,0.4678585013313047,1.121214451404104,0.22196175954406283,0.6508178014454165,0.8855077976416889,Without track or land cover,Primary,ordinal,3,partial,none,Adam,0.001,0.001,0.0
30,0.2806561589241028,0.2878512938817342,0.5135917155257748,1.055925265207618,0.24337960059609656,0.5690245945328561,0.9189827152973425,0.47280334728033474,1.105689797170966,0.2246347026963167,0.6443514644351465,0.8881704069988589,Without track or land cover,Primary,ordinal,3,partial,none,Adam,0.001,0.001,0.0
31,0.28104910254478455,0.27837438384691876,0.5191502322393969,1.03203301728211,0.24014915478210583,0.5542526460062438,0.9283484352394731,0.4918219855458349,1.0843796796473029,0.2334521794685278,0.6184861163940661,0.895397489539749,Without track or land cover,Primary,ordinal,3,partial,none,Adam,0.001,0.001,0.0
32,0.27922985951105755,0.2835718592007955,0.5138962917840554,1.0413691091840591,0.2423715607552472,0.5646843828523567,0.9227137744612808,0.4800304298212248,1.0958993793721072,0.22634397453730792,0.6352225180677064,0.8893115252947889,Without track or land cover,Primary,ordinal,3,partial,none,Adam,0.001,0.001,0.0
33,0.27747416496276855,0.29586323102315265,0.5062057412624686,1.0681866455973874,0.24822790430878816,0.5805984923475215,0.9144902154877027,0.4606314187904146,1.127485764569543,0.22471682031223061,0.6641308482312667,0.8798022061620387,Without track or land cover,Primary,ordinal,3,partial,none,Adam,0.001,0.001,0.0
34,0.27655068039894104,0.29302147030830383,0.5148100205588975,1.064351647683459,0.2503693027173332,0.5639990862712252,0.9221046219447194,0.4769874476987448,1.1231143527828085,0.23290666480100444,0.6401673640167364,0.8862685431723089,Without track or land cover,Primary,ordinal,3,partial,none,Adam,0.001,0.001,0.0
35,0.275943785905838,0.3070239822069804,0.4893017589278916,1.09669732096818,0.2497038921332521,0.6085433640447727,0.9035254701895987,0.4450361354127044,1.1581977110317607,0.2176766041136036,0.6922784328642069,0.8664891593761886,Without track or land cover,Primary,ordinal,3,partial,none,Adam,0.001,0.001,0.0
36,0.2750556866327922,0.2948862115542094,0.5123734104926521,1.0626508839015358,0.25237267269711433,0.5686438742100053,0.9200487322013249,0.4678585013313047,1.1259129816734417,0.23306351381365378,0.6511981742107266,0.8851274248763789,Without track or land cover,Primary,ordinal,3,partial,none,Adam,0.001,0.001,0.0
37,0.2741262912750244,0.287574569384257,0.5242518845655981,1.038056436469769,0.2510983204690784,0.5517398918754283,0.9248458082692455,0.4811715481171548,1.1065172563762344,0.22815589991427979,0.6394066184861164,0.8839863065804489,Without track or land cover,Primary,ordinal,3,partial,none,Adam,0.001,0.001,0.0
38,0.2726634641488393,0.292922705411911,0.5154953171400289,1.0555121409764137,0.2546104773831539,0.565293535368918,0.9206578847178862,0.4709014834537847,1.120973708804775,0.23532685743276138,0.6458729554963865,0.8877900342335489,Without track or land cover,Primary,ordinal,3,partial,none,Adam,0.001,0.001,0.0
39,0.271200031042099,0.2865068515141805,0.5239473083073174,1.0351575511405526,0.25687481550772967,0.5478565445823498,0.9291860199497449,0.4777481932293648,1.103929598710379,0.23026340647171858,0.6302776721186764,0.895397489539749,Without track or land cover,Primary,ordinal,3,partial,none,Adam,0.001,0.001,0.0
40,0.2709353764851888,0.3065909743309021,0.4921952333815579,1.0801360771742903,0.2493118365789405,0.604583872687124,0.9048199192872916,0.4427538988208444,1.155658097860376,0.2219710685175366,0.697984024343857,0.8638265500190186,Without track or land cover,Primary,ordinal,3,partial,none,Adam,0.001,0.001,0.0
41,0.2702352702617645,0.30519940455754596,0.5039214193253636,1.0681859713851294,0.25520984988391154,0.5846341277697403,0.9125866138734485,0.45454545454545453,1.144805198495528,0.2230564843941196,0.6812476226702168,0.8683910232027386,Without track or land cover,Primary,ordinal,3,partial,none,Adam,0.001,0.001,0.0
42,0.27092499534289044,0.303355207045873,0.5052920124876266,1.0693344165993703,0.2552747124030575,0.5829589583491966,0.9129673341962994,0.4469379992392545,1.147758883799777,0.22077727100364383,0.6858120958539369,0.8710536325599088,Without track or land cover,Primary,ordinal,3,partial,none,Adam,0.001,0.001,0.0
43,0.2684085468451182,0.29631563027699787,0.5181603593999847,1.0470477816117676,0.2573376989569564,0.5623239168506815,0.9207340287824564,0.4579688094332446,1.1248163910534192,0.2167467686612513,0.6614682388740967,0.8839863065804489,Without track or land cover,Primary,ordinal,3,partial,none,Adam,0.001,0.001,0.0
44,0.26802824934323627,0.30567580461502075,0.5081093428767227,1.0698054897748985,0.2527684548823678,0.5720703571156628,0.9207340287824564,0.4594903004944846,1.1489289062508126,0.22285745822356717,0.6728794218333968,0.8714340053252188,Without track or land cover,Primary,ordinal,3,partial,none,Adam,0.001,0.001,0.0
45,0.2673168083031972,0.31247514486312866,0.5001903601614254,1.0721796907303172,0.25713881106578057,0.5959795933906952,0.905962080255844,0.45340433624952453,1.154300953576276,0.2234182088562724,0.6850513503233169,0.8657284138455686,Without track or land cover,Primary,ordinal,3,partial,none,Adam,0.001,0.001,0.0
46,0.26756686965624493,0.3022160033384959,0.5074240462955912,1.0528949027291832,0.2576870308243047,0.576258280667022,0.9174598340059392,0.46215290985165464,1.131583721608139,0.2202905674543583,0.6667934575884367,0.8752377329783187,Without track or land cover,Primary,ordinal,3,partial,none,Adam,0.001,0.001,0.0
47,0.26500245928764343,0.3034354050954183,0.5113073935886697,1.0519487475214278,0.26014723809386936,0.5751161196984695,0.9147947917459834,0.46177253708634464,1.1356595224946644,0.22814312279551427,0.6652719665271967,0.8775199695701787,Without track or land cover,Primary,ordinal,3,partial,none,Adam,0.001,0.001,0.0
48,0.2658650875091553,0.3123137950897217,0.49189065712327723,1.083609486632461,0.2578811175644479,0.6066397624305185,0.9029924617376075,0.4423735260555344,1.1709901125369657,0.2209464364383109,0.699505515405097,0.8623050589577786,Without track or land cover,Primary,ordinal,3,partial,none,Adam,0.001,0.001,0.0
49,0.26359205444653827,0.30992881457010907,0.5039214193253636,1.0626291152824754,0.2573883373152191,0.5831873905429071,0.9138049189065712,0.45378470901483453,1.1474409850399767,0.22936280875466655,0.6820083682008368,0.8687713959680486,Without track or land cover,Primary,ordinal,3,partial,none,Adam,0.001,0.001,0.0
50,0.2641485929489136,0.3006042142709096,0.5173227746897129,1.041143239470837,0.26066082195223805,0.5627807812381025,0.9208863169115967,0.4591099277291746,1.1289284387368712,0.21979104146389553,0.6626093571700267,0.8824648155192089,Without track or land cover,Primary,ordinal,3,partial,none,Adam,0.001,0.001,0.0
1,0.5100347995758057,0.4254876772562663,0.4872458691844971,1.249491309548487,0.10921099790077314,0.6708292088631691,0.8756567425569177,0.503233168505135,1.2393807436687545,0.11158906882591092,0.6527196652719666,0.8721947508558388,Onset,Secondary,ordinal,3,partial,none,Adam,0.001,0.001,0.0
2,0.4571082790692647,0.38098286588986713,0.4872458691844971,1.2232398388508474,0.10920540651238993,0.6706007766694586,0.8757328866214878,0.503233168505135,1.2128513275948658,0.11158906882591092,0.6527196652719666,0.8721947508558388,Onset,Secondary,ordinal,3,partial,none,Adam,0.001,0.001,0.0
3,0.4235003391901652,0.3650091091791789,0.4872458691844971,1.218848183633164,0.11218103109148576,0.6703723444757481,0.8756567425569177,0.503613541270445,1.2114477724268247,0.11288596269097663,0.6511981742107266,0.8729554963864588,Onset,Secondary,ordinal,3,partial,none,Adam,0.001,0.001,0.0
4,0.4004943172136943,0.3454018036524455,0.4870174369907866,1.2011790209189264,0.11027614026831838,0.6699916241528973,0.875809030686058,0.503613541270445,1.1956440586317667,0.11286211463241862,0.6511981742107266,0.8729554963864588,Onset,Secondary,ordinal,3,partial,none,Adam,0.001,0.001,0.0
5,0.38312406341234845,0.3383011221885681,0.48770273357191807,1.196572898240379,0.11863840682697761,0.6645092515038453,0.877636488235742,0.5055154050969951,1.1934182107680928,0.1211101631162731,0.6435907189045265,0.8759984785089387,Onset,Secondary,ordinal,3,partial,none,Adam,0.001,0.001,0.0
6,0.37073424458503723,0.317152202129364,0.4878550217010584,1.1707326929436799,0.11651964323647208,0.6636716667935735,0.8780172085585929,0.504374286801065,1.1677160177413526,0.11766034327009937,0.6473944465576265,0.8744769874476988,Onset,Secondary,ordinal,3,partial,none,Adam,0.001,0.001,0.0
7,0.36044596632321674,0.31200788418451947,0.48815959795933905,1.1619517497525425,0.12126409173781011,0.6603974720170562,0.8792355135917155,0.504754659566375,1.1601614394818576,0.1209344206591913,0.6451122099657665,0.8752377329783187,Onset,Secondary,ordinal,3,partial,none,Adam,0.001,0.001,0.0
8,0.35186394055684406,0.31421435872713727,0.48793116576562856,1.1644643683538862,0.13657641465226975,0.6524023452371888,0.8823574202390924,0.49714720426017495,1.1654082554778218,0.12765854255095235,0.6527196652719666,0.8710536325599088,Onset,Secondary,ordinal,3,partial,none,Adam,0.001,0.001,0.0
9,0.34513794382413227,0.3063366214434306,0.4883118860884794,1.15218367987908,0.1344974683428766,0.650651031752075,0.8828904286910836,0.498668695321415,1.1525409125054291,0.12576337595675843,0.6527196652719666,0.8714340053252188,Onset,Secondary,ordinal,3,partial,none,Adam,0.001,0.001,0.0
10,0.33924397826194763,0.29917778571446735,0.4822203609228661,1.139334051014502,0.14103837192997612,0.6568948450468286,0.8792355135917155,0.49296310384176495,1.1430640344196659,0.13602206522220092,0.6572841384556866,0.8680106504374286,Onset,Secondary,ordinal,3,partial,none,Adam,0.001,0.001,0.0
11,0.33436712622642517,0.3063478469848633,0.47932688646919974,1.1487600008640118,0.1463993308176904,0.6591030229193634,0.877636488235742,0.4910612400152149,1.1549389943730686,0.14519627271999358,0.6546215290985166,0.8691517687333586,Onset,Secondary,ordinal,3,partial,none,Adam,0.001,0.001,0.0
12,0.32963552077611286,0.29363731543223065,0.48176349653544503,1.1271902806048197,0.14474310162967122,0.6562095484656971,0.8792355135917155,0.49562571319893495,1.131316173973478,0.14364209640947054,0.6496766831494865,0.8718143780905288,Onset,Secondary,ordinal,3,partial,none,Adam,0.001,0.001,0.0
13,0.32606902718544006,0.29597048958142597,0.4781847255006472,1.1287306711877858,0.1485494029547021,0.6591791669839336,0.877636488235742,0.4910612400152149,1.1352237977395179,0.14827818156575878,0.6550019018638266,0.8687713959680486,Onset,Secondary,ordinal,3,partial,none,Adam,0.001,0.001,0.0
14,0.32235867778460187,0.2861814796924591,0.47765171704865605,1.1139648438077365,0.14820240986851188,0.6592553110485038,0.8774080560420315,0.4918219855458349,1.1181294838032811,0.14807375236256887,0.6550019018638266,0.8683910232027386,Onset,Secondary,ordinal,3,partial,none,Adam,0.001,0.001,0.0
15,0.3199506898721059,0.2830665111541748,0.48176349653544503,1.1042419291415775,0.15575684779321616,0.6478337013629788,0.8832711490139343,0.49448459490300495,1.1115185173667277,0.15640867171531384,0.6504374286801065,0.8699125142639788,Onset,Secondary,ordinal,3,partial,none,Adam,0.001,0.001,0.0
16,0.31667110323905945,0.2866612474123637,0.48267722531028706,1.110166180915791,0.171238945282947,0.643341201553339,0.8838803015304957,0.49220235831114495,1.1177080671480601,0.1704720752036439,0.6462533282616965,0.8737162419170788,Onset,Secondary,ordinal,3,partial,none,Adam,0.001,0.001,0.0
17,0.31362367669741315,0.29783517122268677,0.4788700220817787,1.1305736936228912,0.18697270905172958,0.6441026421990406,0.8832711490139343,0.4701407379231647,1.1416976521481808,0.1750794648855297,0.6755420311905668,0.8645872955496386,Onset,Secondary,ordinal,3,partial,none,Adam,0.001,0.001,0.0
18,0.31129013498624164,0.2949952880541484,0.4802406152440417,1.1239923177005708,0.18849062070516454,0.6377826848397168,0.8874590725652935,0.47508558387219474,1.135861679654869,0.18227794387543328,0.6595663750475466,0.8740966146823888,Onset,Secondary,ordinal,3,partial,none,Adam,0.001,0.001,0.0
19,0.308726300795873,0.27886562546094257,0.49760146196603977,1.0879066355282638,0.18853231684548366,0.6121982791441407,0.898195385669687,0.499049068086725,1.0978075262878324,0.18665825113379184,0.6283758082921262,0.8832255610498289,Onset,Secondary,ordinal,3,partial,none,Adam,0.001,0.001,0.0
20,0.30769269665082294,0.29073529442151386,0.4834386659559887,1.111270484675212,0.19600389054577394,0.6297875580598492,0.891342419858372,0.46291365538227464,1.1269541179290514,0.1825939608036757,0.6686953214149867,0.8767592240395587,Onset,Secondary,ordinal,3,partial,none,Adam,0.001,0.001,0.0
21,0.3058719237645467,0.28719596068064374,0.4874743013782076,1.106453076901478,0.20412272398162432,0.6209548465697099,0.8956826315388715,0.4705211106884747,1.1210786584585282,0.192866647016635,0.6553822746291366,0.8820844427538989,Onset,Secondary,ordinal,3,partial,none,Adam,0.001,0.001,0.0
22,0.30397950609525043,0.2860575517018636,0.47925074240462956,1.1015055618962193,0.20382709573200775,0.6317673037386736,0.8930937333434859,0.46595663750475463,1.119396355633229,0.19085986700953672,0.6626093571700267,0.8790414606314187,Onset,Secondary,ordinal,3,partial,none,Adam,0.001,0.001,0.0
23,0.30306747555732727,0.27739805976549786,0.49843904667631156,1.079761618532841,0.20726975513697277,0.5994822203609229,0.9064950887078352,0.48611639406618484,1.0970040027486978,0.1986652260873232,0.6302776721186764,0.891593761886649,Onset,Secondary,ordinal,3,partial,none,Adam,0.001,0.001,0.0
24,0.30236123005549115,0.2916437089443207,0.48427625066626057,1.1150314391634786,0.21373047919425017,0.6223254397319729,0.8965963603137136,0.4598706732597946,1.1323655804720452,0.1964490101929197,0.6675542031190567,0.8790414606314187,Onset,Secondary,ordinal,3,partial,none,Adam,0.001,0.001,0.0
25,0.2997649113337199,0.2870367467403412,0.4871697251199269,1.102751240370962,0.21484548260175015,0.6102946775298865,0.9054290718038529,0.47280334728033474,1.1224245753051847,0.20458765687555003,0.6397869912514264,0.893495625713199,Onset,Secondary,ordinal,3,partial,none,Adam,0.001,0.001,0.0
26,0.29859713713328045,0.30157671372095746,0.47034188684992007,1.1345849579936949,0.21768227895663414,0.6460823878778649,0.8860884794030305,0.45492582731076453,1.158334917065489,0.1998133679969998,0.6911373145682769,0.8592620768352985,Onset,Secondary,ordinal,3,partial,none,Adam,0.001,0.001,0.0
27,0.29762237270673114,0.279040406147639,0.49836290261174143,1.079922876246499,0.21708605876856865,0.5930099748724587,0.9122058935505978,0.4773678204640548,1.1015378565510887,0.20349483712184846,0.6317991631799164,0.898060098896919,Onset,Secondary,ordinal,3,partial,none,Adam,0.001,0.001,0.0
28,0.2972216010093689,0.29167640209198,0.4819157846645854,1.1108615743430887,0.21725656234505855,0.6215639990862712,0.8988806822508185,0.46253328261696464,1.1356604763676286,0.20364113747638216,0.6607074933434766,0.8809433244579689,Onset,Secondary,ordinal,3,partial,none,Adam,0.001,0.001,0.0
29,0.2949170370896657,0.2863118350505829,0.4909007842838651,1.0964596373044422,0.22366801058303365,0.6087717962384832,0.9026117414147568,0.4663370102700647,1.1190032022127874,0.20355165587314783,0.6504374286801065,0.8893115252947889,Onset,Secondary,ordinal,3,partial,none,Adam,0.001,0.001,0.0
30,0.2944866716861725,0.27916263540585834,0.49813447041803094,1.0776863413889834,0.22204396409693716,0.5960557374552654,0.9083986903220894,0.4766070749334348,1.1003067476380948,0.20370780511125686,0.6356028908330164,0.893875998478509,Onset,Secondary,ordinal,3,partial,none,Adam,0.001,0.001,0.0
31,0.29424554109573364,0.27375800410906476,0.5012563770654077,1.0643354108711027,0.22034750967640496,0.583568110865758,0.91776441026422,0.48193229364777485,1.0900040639846331,0.20769662323557947,0.6226702168124763,0.9018638265500191,Onset,Secondary,ordinal,3,partial,none,Adam,0.001,0.001,0.0
32,0.29300278425216675,0.28287086884180707,0.49097692834843526,1.082853015504473,0.22219536062467826,0.6042031523642732,0.9069519530952562,0.4678585013313047,1.1117409103823181,0.20681496302640034,0.6492963103841765,0.8885507797641689,Onset,Secondary,ordinal,3,partial,none,Adam,0.001,0.001,0.0
33,0.29197534918785095,0.29271194338798523,0.4816112084063047,1.108252306106218,0.22274084609266487,0.6198888296657276,0.9001751313485113,0.45492582731076453,1.1330420714320033,0.20451998648551736,0.6732597945987068,0.8771395968048687,Onset,Secondary,ordinal,3,partial,none,Adam,0.001,0.001,0.0
34,0.2907448609670003,0.2902148763338725,0.4850376913119622,1.1015701270380898,0.22680890428148634,0.6131120079189827,0.9034493261250286,0.4602510460251046,1.1335175869357363,0.2062416133614261,0.6641308482312667,0.8801825789273487,Onset,Secondary,ordinal,3,partial,none,Adam,0.001,0.001,0.0
35,0.2900543212890625,0.30044880509376526,0.4612045991015,1.1298021801194553,0.22347841125058732,0.6512601842686363,0.889058097921267,0.4480791175351845,1.1606021065215233,0.20618235284613928,0.6888550779764169,0.8664891593761886,Onset,Secondary,ordinal,3,partial,none,Adam,0.001,0.001,0.0
36,0.28994723161061603,0.29160402218500775,0.4837432422142694,1.1071466881712668,0.2287565940594656,0.6195081093428767,0.898195385669687,0.45454545454545453,1.1336758958535886,0.20412965546029058,0.6694560669456067,0.8801825789273487,Onset,Secondary,ordinal,3,partial,none,Adam,0.001,0.001,0.0
37,0.2891075511773427,0.28213051954905194,0.49668773319119774,1.0789041483356967,0.22726101950330083,0.5930099748724587,0.9119774613568872,0.46557626473944463,1.109790506949825,0.2075364308121208,0.6523392925066566,0.8874096614682389,Onset,Secondary,ordinal,3,partial,none,Adam,0.001,0.001,0.0
38,0.28857221206029254,0.2879185974597931,0.48975862331531256,1.0924728773522512,0.2300209590633039,0.6062590421076677,0.9055813599329933,0.4575884366679346,1.1264177159489202,0.20690911731905082,0.6656523392925067,0.8817040699885889,Onset,Secondary,ordinal,3,partial,none,Adam,0.001,0.001,0.0
39,0.28745339314142865,0.29043544332186383,0.4837432422142694,1.0962800890385709,0.22740038805206186,0.6171476433412015,0.9007842838650727,0.4572080639026246,1.1320587192218032,0.20532327599520594,0.6686953214149867,0.8790414606314187,Onset,Secondary,ordinal,3,partial,none,Adam,0.001,0.001,0.0
40,0.2870095769564311,0.2990446190039317,0.4686667174293764,1.117970648945155,0.2240849314343847,0.6432650574887687,0.8896672504378283,0.4454165081780145,1.156610642659381,0.2038141860030764,0.695321414986687,0.8626854317230886,Onset,Secondary,ordinal,3,partial,none,Adam,0.001,0.001,0.0
41,0.2864670753479004,0.28910685578982037,0.48678900479707604,1.0848176542351458,0.2268889264858387,0.6117414147567197,0.9032208939313181,0.45530620007607453,1.124906148052689,0.20432261862317347,0.6728794218333968,0.8759984785089387,Onset,Secondary,ordinal,3,partial,none,Adam,0.001,0.001,0.0
42,0.28755486011505127,0.2877070705095927,0.48800730983019874,1.0856553880879138,0.23024382602222573,0.6066397624305185,0.9067996649661159,0.45340433624952453,1.1255377822623565,0.20531161539770537,0.6629897299353367,0.8881704069988589,Onset,Secondary,ordinal,3,partial,none,Adam,0.001,0.001,0.0
43,0.2849222918351491,0.30076272288958233,0.46440264981344703,1.1184881515532832,0.22779062186477264,0.646996116652707,0.8901241148252493,0.4435146443514644,1.1605631315256957,0.2040382539307205,0.697223278813237,0.8626854317230886,Onset,Secondary,ordinal,3,partial,none,Adam,0.001,0.001,0.0
44,0.28533406058947247,0.302444448073705,0.4723216325287444,1.1152595796762237,0.22761199526594436,0.6370212441940151,0.8918754283103633,0.4419931532902244,1.1595528764901648,0.20368958965732145,0.696842906047927,0.8649676683149486,Onset,Secondary,ordinal,3,partial,none,Adam,0.001,0.001,0.0
45,0.2847852210203807,0.306911696990331,0.4579304043249829,1.1240270744180787,0.22325678485160563,0.660702048275337,0.8827381405619432,0.4362875618105744,1.167654016533249,0.2017842269269067,0.7162419170787372,0.8512742487637885,Onset,Secondary,ordinal,3,partial,none,Adam,0.001,0.001,0.0
46,0.28449127078056335,0.2936622003714244,0.47947917459834005,1.0957131254703534,0.2284707316714085,0.6272748039290338,0.8946166146348892,0.45340433624952453,1.1358887788702887,0.20609467904039305,0.6835298592620769,0.8672499049068086,Onset,Secondary,ordinal,3,partial,none,Adam,0.001,0.001,0.0
47,0.28280316789944965,0.29786733786265057,0.4770425645320947,1.0992999038824316,0.22920563899639226,0.6305489987055509,0.8934744536663367,0.45226321795359453,1.140283908700711,0.20603541764238195,0.6839102320273869,0.8680106504374286,Onset,Secondary,ordinal,3,partial,none,Adam,0.001,0.001,0.0
48,0.28347620368003845,0.30376148223876953,0.463032056651184,1.1213607757333608,0.22993028717548714,0.6556765400137059,0.8828142846265133,0.4381894256371244,1.1677670209256912,0.2037167158923835,0.7120578166603271,0.8535564853556485,Onset,Secondary,ordinal,3,partial,none,Adam,0.001,0.001,0.0
49,0.2813744048277537,0.30521223942438763,0.46417421761973654,1.1167888852483878,0.2286931392906131,0.651640904591487,0.8854793268864692,0.4351464435146444,1.1626557206772736,0.20242264048857259,0.7109166983643971,0.8573602130087485,Onset,Secondary,ordinal,3,partial,none,Adam,0.001,0.001,0.0
50,0.2823282678922017,0.29836753010749817,0.4788700220817787,1.0990878416366154,0.23131166538815837,0.6285692530267266,0.8937790299246173,0.4492202358311145,1.146808702830714,0.20551729364504126,0.6880943324457969,0.8672499049068086,Onset,Secondary,ordinal,3,partial,none,Adam,0.001,0.001,0.0
